neuron_idx,tau_frames,tau_ms,tau_psd_frames,tau_psd_ms,pearson_cumsum_raw,pearson_cumsum_calib,spearman_cumsum_raw,spearman_cumsum_calib,pearson_cumsum_raw_psd,pearson_cumsum_calib_psd,spearman_cumsum_raw_psd,spearman_cumsum_calib_psd,binned_rate_bin_ms,pearson_binned_rate_raw,spearman_binned_rate_raw,pearson_binned_rate_raw_psd,spearman_binned_rate_raw_psd,gof_tau_pearson_raw,gof_tau_pearson_scaled,gof_tau_spearman_raw,gof_tau_spearman_scaled,gof_tau_psd_pearson_raw,gof_tau_psd_pearson_scaled,gof_tau_psd_spearman_raw,gof_tau_psd_spearman_scaled,firing_rate_hz,mean_isi_s,cv2,burst_index,global_id,dataset_name,frame_rate,gof_tau_r2,gof_tau_psd_r2,gof_tau_chi2,gof_tau_nmse,gof_tau_psd_chi2,gof_tau_psd_nmse,psd_fit_r2,psd_fit_std_tau
0,550.0397992426284,2750.2333441055644,48.948037231509126,244.74324277621108,0.9986028681811281,0.9986028681811276,0.9998378345011487,0.9998378345011487,0.9986342111292144,0.9986342111292142,0.9999455475580085,0.9999455475580085,1425.020222186122,0.6955762014711173,0.6358282420123427,0.6751727342102809,0.6399000329593305,0.9995306224227213,0.999530622422721,0.9992664405114913,0.9992664405114913,0.9996556711006778,0.9996556711006778,0.9995255465732135,0.9995255465732135,0.7634628820960698,1.303449720670391,1.292421061734597,0.547486033519553,0,DS01-OGB1-m-V1,12.175,,,,,,,0.7985727164426928,0.00324113807781755
1,482.9544663266204,2414.811203788047,27.083587703458907,135.42011842759888,0.9957760229880965,0.9957760229880962,0.9997239404773107,0.9997239404773107,0.99570235766622,0.99570235766622,0.9998245070116839,0.9998245070116839,1425.020222186122,0.6615960655695068,0.5298699192812137,0.5823800675932161,0.48688611749489513,0.9986010827635227,0.9986010827635229,0.9972007521145628,0.9972007521145628,0.9994813837391673,0.9994813837391673,0.999124894053421,0.999124894053421,0.793059985885674,1.2631296928327644,,0.6040955631399317,2,DS01-OGB1-m-V1,11.466999999999999,,,,,,,0.7667533167084034,0.001676990896331958
2,4308.220501510657,21542.022104084972,23.562660894318988,117.81833395911259,0.9488933925699559,0.9488933925699548,0.9644752609668187,0.9644752609668187,0.9835431867141926,0.983543186714193,0.9977479699221702,0.9977479699221702,1425.020222186122,0.14137275559815066,0.04459393163942547,0.28656252502887647,0.2577191999131926,0.9958199360721463,0.9958199360721463,0.9958287998293265,0.9958287998293265,0.9995689863182066,0.9995689863182069,0.9995308166850443,0.9995308166850443,2.7679827660491165,0.302705201362862,1.2326058719692314,0.6541737649063032,3,DS01-OGB1-m-V1,10.926000000000002,,,,,,,0.6905315085697541,0.0022691178945692418
3,611.8884979113492,3059.526457864376,26.197843723073458,130.9928136961843,0.9990077531888366,0.9990077531888368,0.9994023438579759,0.9994023438579759,0.999141204591425,0.9991412045914251,0.9999378695199125,0.9999378695199125,1425.020222186122,0.5888463073785537,0.5549034798316174,0.6682738533880064,0.6184023647327304,0.9905542444421271,0.9905542444421271,0.9886604971845065,0.9886604971845065,0.999067471848147,0.9990674718481468,0.9986535730946157,0.9986535730946157,1.268472355385107,0.7793630769230769,1.305787866748959,0.556923076923077,4,DS01-OGB1-m-V1,12.175000000000002,,,,,,,0.8039795166518806,0.0017329222913023015
4,265.6802455735854,1328.4356318754476,25.33675025576344,126.68703223688944,0.9969323237385846,0.9969323237385843,0.999788535979491,0.999788535979491,0.9967781434438281,0.9967781434438282,0.9998189641334151,0.9998189641334151,1425.020222186122,0.7339994489790996,0.554415593324834,0.7681706071107167,0.6351974740016444,0.9994539244196952,0.9994539244196949,0.9993050566129571,0.9993050566129571,0.999587092567055,0.999587092567055,0.9992322093788953,0.9992322093788953,1.0749376397515529,0.90607756232687,,0.6371191135734072,5,DS01-OGB1-m-V1,11.952,,,,,,,0.6383127731828677,0.0022229231222773956
5,435.5745777121951,2177.9035452557173,57.894316252384606,289.4756559909624,0.99295039669585,0.9929503966958498,0.9999101946958755,0.9999101946958755,0.9929808602864325,0.9929808602864333,0.9999770597615425,0.9999770597615425,1425.020222186122,0.24615109609668073,0.6226492563736308,0.26043563574117934,0.5772126737631197,0.988562022255681,0.988562022255681,0.9928660743851254,0.9928660743851254,0.9982995108002576,0.9982995108002574,0.9980224422723243,0.9980224422723243,2.541012643895075,0.3936755973931933,,0.7400434467776973,6,DS01-OGB1-m-V1,9.743000000000002,,,,,,,0.8103915350461666,0.003942159845272503
6,654.9160298558231,3274.6322449007307,35.9440527227256,179.72312280119493,0.9979761615686342,0.9979761615686343,0.9993405568916042,0.9993405568916042,0.9979784209042567,0.9979784209042568,0.9996629177210669,0.9996629177210669,1425.020222186122,0.6031632471304385,0.4479770427410361,0.7286852325184111,0.6132467314987937,0.9995639155663048,0.999563915566305,0.9993582817244192,0.9993582817244192,0.9995697781921671,0.9995697781921673,0.9993397311015645,0.9993397311015645,0.6803780586179081,1.4763963133640552,1.344341627286293,0.5622119815668203,7,DS01-OGB1-m-V1,11.607000000000001,,,,,,,0.8004653869597046,0.0023909005736732014
7,464.50139183622207,2322.581178098671,39.9559177644741,199.78597305505258,0.8436038608123728,0.8436038608123755,0.9989407768302222,0.9989407768302222,0.8463850835134779,0.8463850835134775,0.9991664726913048,0.9991664726913048,1425.020222186122,0.5966140645262219,0.6513051329500104,0.7736804400211407,0.5366559003750203,0.9995256952419114,0.9995256952419114,0.9983358828173072,0.9983358828173072,0.9997890717476752,0.999789071747675,0.999378919202795,0.999378919202795,1.9229453002200565,0.5207813688212929,,0.8346007604562737,8,DS01-OGB1-m-V1,11.607000000000001,,,,,,,0.812486118495122,0.0029191963134216677
8,1433.1723671882548,7165.936357202685,19.168757179273943,95.84478262223283,0.9950417017232714,0.9950417017232713,0.9994902159134689,0.9994902159134689,0.9957470043113865,0.9957470043113864,0.9999292041355814,0.9999292041355814,1425.020222186122,0.37136198918271723,0.3266225769642647,0.4162549981727932,0.38378247626068673,0.9968271805921669,0.996827180592167,0.9963938637803976,0.9963938637803976,0.9994932818632382,0.9994932818632379,0.9993701213569192,0.9993701213569192,0.39983400267737623,2.4995936254980076,1.1545666259652803,0.4262948207171315,9,DS01-OGB1-m-V1,10.667,,,,,,,0.6749414460471614,0.0010837824406781918
9,894.1186234844057,4470.657314197998,17.131709211433968,85.6597760958575,0.9894252628139764,0.9894252628139747,0.9989509128733473,0.9989509128733473,0.9896984924237539,0.9896984924237539,0.999074049305427,0.999074049305427,1425.020222186122,0.38781277791488344,0.3296708090377972,0.35204317203898877,0.3122672005183407,0.9995633430681331,0.999563343068133,0.9991646883066966,0.9991646883066966,0.9995008531876609,0.9995008531876609,0.998981904565438,0.998981904565438,0.4196800980542362,2.1364936170212765,,0.7702127659574468,10,DS01-OGB1-m-V1,11.606999999999998,,,,,,,0.6989844727079981,0.0009558243029032839
10,612.7437633461504,3063.746474935502,38.74424953694772,193.72299653385087,0.9942671273316424,0.9942671273316414,0.9997825808583594,0.9997825808583594,0.9941430555136013,0.9941430555136015,0.9999135003193172,0.9999135003193172,1425.020222186122,0.4512382918209769,0.625800570811378,0.6583805655811487,0.5883709202699855,0.9984295316780609,0.9984295316780609,0.9976672207891571,0.9976672207891571,0.9997607752435095,0.9997607752435095,0.999393625075593,0.999393625075593,4.184092243186583,0.239123355602537,,0.8,11,DS01-OGB1-m-V1,10.966,,,,,,,0.7161108258570416,0.0025358921339316684
11,409.1185364826878,2045.6258245849965,38.85167422476345,194.26151844846194,0.9996213279396755,0.999621327939676,0.9998736407379809,0.9998736407379809,0.9995770856060809,0.9995770856060808,0.9999100257760961,0.9999100257760961,1425.020222186122,0.7478317742020699,0.631064900304055,0.7313988154783875,0.6037455908105624,0.999520112421108,0.9995201124211082,0.9987942047429187,0.9987942047429187,0.9996841792916001,0.9996841792916001,0.999353838608807,0.999353838608807,0.8925865678150893,1.1091079545454545,1.4162645217468144,0.6628787878787878,12,DS01-OGB1-m-V1,11.606999999999998,,,,,,,0.7087614722516012,0.0025330632559946026
12,592.6515509976704,2963.345135678249,37.04681265324299,185.23952545735014,0.9945632769611499,0.9945632769611492,0.9990009067454275,0.9990009067454275,0.9947263315367012,0.9947263315367016,0.9991738749173574,0.9991738749173574,1425.020222186122,0.7090237361273066,0.518299890795179,0.7381676334274878,0.5331652456156605,0.9917288327571684,0.9917288327571684,0.9816662063651105,0.9816662063651105,0.9992642950156342,0.9992642950156342,0.9982127878973616,0.9982127878973616,0.4216500754147812,2.3386153846153848,1.3903858851734687,0.7,13,DS01-OGB1-m-V1,10.67,,,,,,,0.6814672958962471,0.0034750171312090514
13,343.5774267578081,1717.9111087414033,17.947922626657377,89.74086554557148,0.9919149863468535,0.9919149863468519,0.9999374858000302,0.9999374858000302,0.9919642589244495,0.9919642589244493,0.9999740344658709,0.9999740344658709,1425.020222186122,0.372241525596771,0.4038615435770479,0.6712753711785362,0.6798978911875941,0.9968799640319251,0.9968799640319252,0.9967616447674434,0.9967616447674434,0.9988801384395567,0.9988801384395568,0.9987046502131189,0.9987046502131189,1.5371821446895844,0.6472743009320906,,0.6218375499334221,14,DS01-OGB1-m-V1,11.952,,,,,,,0.8182428738049062,0.0007748820184319421
14,301.8735506681218,1509.3956028121024,744.0977732211355,3720.5575131589812,0.9992513071695154,0.9992513071695153,0.9999173720794009,0.9999173720794009,0.9989700205638645,0.9989700205638644,0.9995163923224376,0.9995163923224376,1425.020222186122,0.7169051143611735,0.7055892597151814,0.6738202853947097,0.6629913662994897,0.978206370910745,0.9782063709107451,0.9787512066857651,0.9787512066857651,0.9499177925825608,0.9499177925825608,0.966436934301927,0.966436934301927,5.943887173730004,0.1681692745376956,,0.8165007112375533,15,DS01-OGB1-m-V1,10.037,,,,,,,0.6798758875259721,6.566330293862447
15,678.1821927049334,3390.9630413294467,22.79861843442499,113.99484288456306,0.9963619018897989,0.9963619018897995,0.999646308862252,0.999646308862252,0.996201058663642,0.9962010586636417,0.9998876040155606,0.9998876040155606,1425.020222186122,0.5532901191450013,0.5014667476669248,0.5639118583113503,0.588920151916767,0.9839726901192455,0.9839726901192456,0.9817116260514203,0.9817116260514203,0.9988236112612991,0.9988236112612995,0.9986419895849695,0.9986419895849695,1.0691999155583702,0.915021686746988,1.4349714269612928,0.6289156626506024,16,DS01-OGB1-m-V1,12.175,,,,,,,0.7942345424881958,0.0012138401311680652
16,2152.847486628411,10764.361826659648,26.23359186972869,131.16947514982866,0.9920944109347205,0.9920944109347207,0.9972657897450795,0.9972657897450795,0.9968115187001858,0.9968115187001854,0.999963806929722,0.999963806929722,1425.020222186122,0.34101400156777406,0.3975784229034933,0.44243302076890195,0.5819279463336088,0.9965833252873196,0.9965833252873195,0.9987447887836058,0.9987447887836058,0.9996190871554849,0.9996190871554849,0.9990999559915327,0.9990999559915327,5.034993865030675,0.19830993377483444,,0.7876379690949228,17,DS01-OGB1-m-V1,11.952,,,,,,,0.8042681660877203,0.0013164837878335352
17,300.833994122961,1504.19293792118,43.96677834740567,219.8372484004652,0.9929188960026458,0.9929188960026467,0.9999372635671774,0.9999372635671774,0.992934345346608,0.9929343453466075,0.9999789564838735,0.9999789564838735,1425.020222186122,0.24361724453889932,0.6466659295626633,0.25135209323258406,0.6031523332291893,0.9994863643403941,0.9994863643403941,0.9993703629751309,0.9993703629751309,0.9996521876198194,0.9996521876198194,0.999535218188676,0.999535218188676,3.059834832079281,0.32689024390243904,,0.7403156384505022,18,DS01-OGB1-m-V1,11.952,,,,,,,0.8333479733718219,0.0024609641609127752
18,1058.5439514159136,5292.777652161604,1999.9781037315358,9999.999903720274,0.9958133321587269,0.9958133321587278,0.9995910569166567,0.9995910569166567,0.9936565150523988,0.9936565150523985,0.9983128239735227,0.9983128239735227,1425.020222186122,0.536568729910168,0.5512647452001902,0.5316982132075059,0.5403193386385505,0.9996553736591237,0.999655373659124,0.9987917794316666,0.9987917794316666,0.9994532301896799,0.9994532301896801,0.997987725462696,0.997987725462696,1.4203934979297652,0.7013136762860729,,0.5859473023839398,19,DS01-OGB1-m-V1,11.606999999999998,,,,,,,0.82440638223309,67.51731285082244
19,424.1854172046072,2120.9650788800045,1999.9641397938003,9999.999829010781,0.9940395722786994,0.9940395722786997,0.9998763650154786,0.9998763650154786,0.9917121793692405,0.9917121793692403,0.9974173387928614,0.9974173387928614,1425.020222186122,0.793831682777126,0.6525981683905481,0.7581202086466361,0.6083791768226303,0.999200243882104,0.999200243882104,0.9988925738659562,0.9988925738659562,0.9970373726964369,0.9970373726964369,0.9980179990479868,0.9980179990479868,1.0951178475336323,0.9016,,0.7161904761904762,20,DS01-OGB1-m-V1,11.607000000000001,,,,,,,0.7331350695131047,96.01353961199118
20,852.179503900388,4261.041192075688,11.137323379639787,55.68849458700427,0.9929599046399544,0.9929599046399541,0.9971186028138063,0.9971186028138063,0.9957638313858698,0.995763831385869,0.9996628910519758,0.9996628910519758,1425.020222186122,0.12266323214958785,0.12287194911054718,0.5239253314414709,0.4827809060683433,0.9765461745015894,0.9765461745015895,0.9812514862781215,0.9812514862781215,0.9955895868165756,0.9955895868165757,0.9954420200389262,0.9954420200389262,0.829455796075258,1.2017901639344264,1.1425674165572077,0.4180327868852459,50,DS02-OGB1-2-m-V1,15.624789264279451,,,,,,,0.7265282241160974,0.0011014694748581338
21,232.43094919008072,1162.2254458436953,42.40762874395398,212.0510430984344,0.9876187633729882,0.9876187633729879,0.9975312259027919,0.9975312259027919,0.9874079508991749,0.9874079508991747,0.997539599338686,0.997539599338686,1425.020222186122,0.4551585710025571,0.7732638104986904,0.7358261258676699,0.7852932533467316,0.8509780704628974,0.8509780704628975,0.9913815258276248,0.9913815258276248,0.9600163570978932,0.9600163570978932,0.9957545628874007,0.9957545628874007,1.164488320355951,0.8574827067669173,0.8207036892590907,0.5939849624060151,244,DS04-OGB1-zf-pDp,7.8125,,,,,,,0.8091829665311989,0.004999179505770496
22,562.3260712763916,2811.80140242111,1999.634669461253,9998.781587982687,0.9935357473217907,0.9935357473217905,0.9987835586305508,0.9987835586305508,0.9849967787283134,0.9849967787283131,0.972226458420425,0.972226458420425,1425.020222186122,0.5798055671491823,0.7798413326166416,0.4066118128437548,0.6856073670323932,0.8484290778215419,0.848429077821542,0.8579476886103816,0.8579476886103816,0.6819969882279711,0.6819969882279711,0.750233664180685,0.750233664180685,1.7206618464961068,0.5584568527918782,0.941010821132989,0.6903553299492385,249,DS04-OGB1-zf-pDp,7.8125,,,,,,,0.931000785437915,88.2267303385176
23,424.0774656390614,2120.5163223403347,91.67260314393833,458.39090031631173,0.9953472568848438,0.9953472568848436,0.9975671500616621,0.9975671500616621,0.9954652944595777,0.9954652944595777,0.9979023816688086,0.9979023816688086,1425.020222186122,0.6212097301388159,0.7050890811847806,0.7606226591612997,0.6600214816668911,0.8621992278448317,0.8621992278448316,0.8804639820971379,0.8804639820971379,0.9689028795118729,0.9689028795118728,0.9767962628520551,0.9767962628520551,1.7901835372636261,0.5366160975609756,0.847186692178291,0.6536585365853659,250,DS04-OGB1-zf-pDp,7.8125,,,,,,,0.8672883188542029,0.01823208056877566
24,543.8129571303762,2719.2302004478647,38.30887063073257,191.5560057888873,0.9964291761153841,0.9964291761153844,0.9957207394214419,0.9957207394214419,0.994267762079178,0.9942677620791781,0.9957416471649968,0.9957416471649968,1425.020222186122,0.6690097713380376,0.7724558273995166,0.6916130056357743,0.5948905371169161,0.9211864318890381,0.921186431889038,0.9822268714278086,0.9822268714278086,0.9928765370696533,0.9928765370696533,0.9969971827509554,0.9969971827509554,1.1210372636262513,0.7808914062500001,0.9835511995797089,0.78125,251,DS04-OGB1-zf-pDp,7.8125,,,,,,,0.8691763911068167,0.0034352596560890125
25,504.8120923864727,2524.2140136051903,37.15119603920121,185.76728069451903,0.9970150381106675,0.9970150381106677,0.9964524909333858,0.9964524909333858,0.9936483905284021,0.993648390528402,0.996743887684624,0.996743887684624,1425.020222186122,0.5740779482437748,0.7545359963476931,0.790146534442622,0.679532673948596,0.9323331684907374,0.9323331684907377,0.9786788620358492,0.9786788620358492,0.994064921511792,0.994064921511792,0.9973669393521504,0.9973669393521504,1.5816184649610678,0.6060790055248618,0.8243319568785128,0.7734806629834254,254,DS04-OGB1-zf-pDp,7.8125,,,,,,,0.8419476781183013,0.0036537324755425457
26,775.5527806350414,3878.084066191657,1999.6931412759957,9999.29121794292,0.9932322637074291,0.9932322637074291,0.9975648201376223,0.9975648201376223,0.9634064398486689,0.9634064398486689,0.9474754340018605,0.9474754340018605,1425.020222186122,0.643132044516646,0.8354032935194021,0.5564703209821985,0.7291947768638116,0.9046389672510529,0.9046389672510529,0.9771996446572775,0.9771996446572775,0.8783867628290738,0.8783867628290738,0.966134372237758,0.966134372237758,1.270107812098913,0.764782119205298,0.8475303418746357,0.6821192052980133,257,DS04-OGB1-zf-pDp,7.512019230769232,,,,,,,0.8719490409960677,120.62577529454899
27,519.0283176464692,2595.3558530457153,1999.7823345504105,9999.737221135683,0.9994381629656286,0.9994381629656285,0.9995799926313033,0.9995799926313033,0.9904699926964944,0.9904699926964944,0.9830553267218917,0.9830553267218917,1425.020222186122,0.605623650732377,0.8927952500934727,0.4158958726361267,0.7480231151681502,0.8738457657622847,0.8738457657622849,0.9283712236417048,0.9283712236417048,0.7617821981327659,0.761782198132766,0.8899309207427315,0.8899309207427315,1.763110186532044,0.5556233333333334,1.0352242074618716,0.5238095238095238,258,DS04-OGB1-zf-pDp,7.512019230769228,,,,,,,0.8637479452305276,125.18733670330244
28,505.1216793955211,2525.816920864806,121.9481496405856,609.791090730753,0.9973226819639354,0.9973226819639349,0.9995021500519565,0.9995021500519565,0.996463824792704,0.996463824792704,0.9995841033796237,0.9995841033796237,1425.020222186122,0.623979713856756,0.9180335751956517,0.8065456871196144,0.9008518446306328,0.8982821214472237,0.8982821214472239,0.9784032399810852,0.9784032399810852,0.9675876264115179,0.967587626411518,0.9913929129812716,0.9913929129812716,1.662838517155814,0.5987303030303031,0.9467640546235646,0.5656565656565656,259,DS04-OGB1-zf-pDp,7.512019230769228,,,,,,,0.9133960995578634,0.028192179868405935
29,326.2826829697423,1631.7736150628598,44.88922300306179,224.4956705344419,0.9956217229730214,0.9956217229730219,0.9689810313821832,0.9689810313821832,0.9879721859874026,0.9879721859874029,0.9689844573874374,0.9689844573874374,1425.020222186122,0.5667595720916233,0.8067749494237234,0.8567856403952985,0.8741526685113983,0.8538849518784745,0.8538849518784744,0.9285043578817505,0.9285043578817505,0.9741533280132473,0.9741533280132472,0.9864262950803523,0.9864262950803523,3.0145319890465516,0.9057341463414634,0.9610030018673144,0.7317073170731707,260,DS04-OGB1-zf-pDp,7.512019230769232,,,,,,,0.8402534228190668,0.008214128667054918
30,435.105586621665,2175.707553013721,1999.689260172644,9999.271810823968,0.9969061808583728,0.996906180858373,0.9995010876897378,0.9995010876897378,0.9848898167899846,0.9848898167899853,0.9726765274410618,0.9726765274410618,1425.020222186122,0.5921947201315721,0.9088027652478801,0.3967578702588627,0.7028835284896094,0.892320829071722,0.8923208290717223,0.974732123388142,0.974732123388142,0.7723349106279243,0.7723349106279243,0.9176237949827624,0.9176237949827624,1.7881781038761013,0.5554605633802818,0.957170548303228,0.5539906103286385,261,DS04-OGB1-zf-pDp,7.51201923076923,,,,,,,0.9128464357776038,97.17668303687587
31,601.3514053143975,3006.939943177262,67.13327167393581,335.68677869304906,0.9967628343041741,0.9967628343041739,0.9953627169341083,0.9953627169341083,0.9970717862163978,0.9970717862163978,0.9959943769422375,0.9959943769422375,3000.0,0.9190725999637441,0.9511530986708688,0.9693390862847443,0.924190921743324,0.9877289378530247,0.987728937853025,0.9570795713747904,0.9570795713747904,0.9983942903368499,0.9983942903368499,0.9889830855752549,0.9889830855752549,1.164488320355951,0.8421383458646616,0.923827045572214,0.7368421052631579,279,DS05-Cal520-zf-pDp,7.8125,,,,,,,0.875985755214826,0.008909119718461712
32,813.9993064102608,4070.2441310234,146.3769475940791,731.9292623102534,0.9924400850812849,0.992440085081285,0.9866453338201393,0.9866453338201393,0.994588009138087,0.9945880091380868,0.9966368214345055,0.9966368214345055,3000.0,0.8184591257188574,0.9385329640309956,0.9042105045798634,0.9243779663833274,0.9796339735123067,0.9796339735123065,0.9981048339684968,0.9981048339684968,0.9935512340824704,0.9935512340824706,0.9989139724721819,0.9989139724721819,1.0949666295884315,0.9194584,0.888471329102797,0.664,281,DS05-Cal520-zf-pDp,7.8125,,,,,,,0.9113192893888691,0.04730544162177788
33,883.9930296571465,4420.099514151312,71.69760967033076,358.49894630114,0.9963376114431132,0.9963376114431131,0.9935358962085323,0.9935358962085323,0.9962893876714286,0.9962893876714284,0.9957435467505349,0.9957435467505349,3000.0,0.8119685642216478,0.8144671524499378,0.868356206756393,0.8079043190160392,0.9748009434099815,0.9748009434099816,0.9969137935570498,0.9969137935570498,0.9975391716100671,0.9975391716100671,0.9991686041112896,0.9991686041112896,0.7773415786548082,1.1897662921348315,0.8487245282495266,0.7528089887640449,282,DS05-Cal520-zf-pDp,7.8125,,,,,,,0.8034638178565042,0.00953269932283945
34,406.82364859338634,2034.4464399866556,62.663634422383694,313.3687247730865,0.9974466490148836,0.9974466490148834,0.9699832454919446,0.9699832454919446,0.9894115819166607,0.9894115819166606,0.9836117393955455,0.9836117393955455,3000.0,0.9407056371092908,0.798464643892131,0.6603119125123863,0.7826757950016086,0.9900666830935989,0.9900666830935989,0.9750749274840477,0.9750749274840477,0.9982867124468944,0.998286712446894,0.995981995087544,0.995981995087544,5.047013274336283,0.5064963302752293,0.7880189420919533,0.4036697247706422,287,DS05-Cal520-zf-pDp,7.8125,,,,,,,0.8773946659297932,0.012609284910183125
35,2048.240018849592,10242.031259153535,1999.8375808211033,9999.999427559178,0.9838842671539576,0.9838842671539575,0.8909311648869158,0.8909311648869158,0.9849994004822431,0.9849994004822431,0.8938677307489163,0.8938677307489163,3000.0,0.8642261104101039,0.9071428572890402,0.8647822215335638,0.9071428572890402,0.9940577502244927,0.9940577502244926,0.9950176606209854,0.9950176606209854,0.994163482754858,0.9941634827548578,0.995243781631425,0.995243781631425,1.5278683181225543,0.6363972527472528,0.9444054262729447,0.7307692307692307,289,DS06-GCaMP6f-zf-aDp,30.048076923076902,,,,,,,0.8765456910575998,117.89059530610639
36,2648.245453898393,13242.301913411802,238.74684085216225,1193.8310864589946,0.9247912761130266,0.9247912761130275,0.870026697401112,0.870026697401112,0.9781909024049188,0.9781909024049195,0.9990750797870231,0.9990750797870231,3000.0,0.615771268546379,0.9314576591877592,0.7349292391671178,0.8768812529702114,0.9776281505017399,0.9776281505017398,0.9867042990771875,0.9867042990771875,0.9951810277933556,0.9951810277933554,0.9990819335707157,0.9990819335707157,1.8868756278453402,0.5152800000000001,1.045614107953175,0.5733333333333334,290,DS06-GCaMP6f-zf-aDp,30.048076923076902,,,,,,,0.795748428556847,0.2901836093634388
37,2274.466054300066,11373.25323772785,1999.8376226574792,9999.999636758035,0.9799535134890272,0.979953513489027,0.9261128444270597,0.9261128444270597,0.9852151847638728,0.985215184763873,0.940381518023735,0.940381518023735,3000.0,0.8486309347494817,0.8577754973574759,0.8488711805077885,0.85695397168061,0.9969277205982869,0.9969277205982869,0.9943200972690501,0.9943200972690501,0.9971341115887853,0.9971341115887853,0.994846643978851,0.994846643978851,1.2189550516169012,0.7947193103448276,1.0806069434979344,0.6551724137931034,291,DS06-GCaMP6f-zf-aDp,30.048076923076902,,,,,,,0.7699908927519201,172.1354941168494
38,910.8182221050229,4554.460715715237,1999.8376952384212,9999.999999692212,0.9987475250355672,0.9987475250355671,0.9957992374384974,0.9957992374384974,0.9934985943479151,0.9934985943479151,0.9813364990287835,0.9813364990287835,3000.0,0.7332698683357894,0.9173857538601525,0.6843132340290656,0.910999532590187,0.9779691683761759,0.9779691683761758,0.9780035550164632,0.9780035550164632,0.9625931203653796,0.9625931203653797,0.9624739264492491,0.9624739264492491,3.6568651548507036,0.27238970251716244,0.9047989908240899,0.5469107551487414,292,DS06-GCaMP6f-zf-aDp,30.048076923076902,,,,,,,0.8481306476111584,134.52363936426738
39,1418.8948530873229,7095.0500454212515,1999.837634942076,9999.999698186004,0.9957184549075994,0.9957184549075992,0.9908969768388902,0.9908969768388902,0.9904249715272163,0.9904249715272162,0.9814147003525615,0.9814147003525615,3000.0,0.8278192277617523,0.9114793379040627,0.811811253625178,0.9053845245446239,0.999361895750046,0.9993618957500459,0.9994204121795714,0.9994204121795714,0.9992589123403743,0.9992589123403747,0.9993140834446188,0.9993140834446188,3.064085643447964,0.3257035519125683,0.9118274672730879,0.5,293,DS06-GCaMP6f-zf-aDp,30.048076923076902,,,,,,,0.8781501320205195,118.22848988436864
40,1093.7195993032228,5469.041822112291,1999.7568705967162,9999.595843685463,0.9972429483911203,0.9972429483911203,0.99261095609942,0.99261095609942,0.9884306562925997,0.9884306562925995,0.9762671759053297,0.9762671759053297,3000.0,0.8085676182022203,0.9433967466556907,0.7835098243988385,0.9353674056746738,0.9943252755346739,0.9943252755346739,0.9930397316987745,0.9930397316987745,0.9909387321687486,0.9909387321687483,0.9875203770474981,0.9875203770474981,2.8804074849851435,0.347235465116279,0.8921371636890708,0.5116279069767442,294,DS06-GCaMP6f-zf-aDp,30.048076923076902,,,,,,,0.8366966126693467,140.1094063451784
41,1454.1640132146524,7271.4101580955,1999.834265851973,9999.982851368344,0.9959565104008131,0.9959565104008131,0.9891375949319104,0.9891375949319104,0.9914722139682668,0.991472213968267,0.9823158954809058,0.9823158954809058,3000.0,0.8688872686476347,0.8769502865432494,0.863554437178688,0.8743082578700021,0.9996227486919733,0.9996227486919731,0.9995463862814439,0.9995463862814439,0.9996060717860886,0.9996060717860888,0.9995090729322494,0.9995090729322494,2.855360463376577,0.3485469208211144,0.8774372945930166,0.5073313782991202,295,DS06-GCaMP6f-zf-aDp,30.048076923076902,,,,,,,0.8539430668753274,130.97593491240806
42,793.8057374163438,3969.3508092279144,1999.8374484620563,9999.998765710247,0.99909497107458,0.99909497107458,0.998612901796412,0.998612901796412,0.9908357482752995,0.9908357482752997,0.9849086461315587,0.9849086461315587,3000.0,0.8438130013498243,0.9495452407596087,0.8226010726753409,0.958499375048812,0.9987155998239385,0.9987155998239388,0.9988544477013255,0.9988544477013255,0.9984834086109138,0.9984834086109138,0.9984700773679858,0.9984700773679858,2.2375339303652706,0.4477430711610487,0.9156514133272438,0.4606741573033708,296,DS06-GCaMP6f-zf-aDp,30.048076923076902,,,,,,,0.8988871187887195,106.3346009089021
43,1882.650223843773,9414.015088666356,1999.835576828587,9999.989406783387,0.9851952378475408,0.9851952378475413,0.9284398967788743,0.9284398967788743,0.9825411602051054,0.9825411602051044,0.9209646478115945,0.9209646478115945,3000.0,0.9311597406113507,0.9121392671246821,0.9300014451319704,0.9121392671246821,0.9995503758329587,0.9995503758329588,0.9985337084671032,0.9985337084671032,0.9995395698610927,0.9995395698610927,0.9985084025832954,0.9985084025832954,1.9369696710624733,0.5041134199134198,0.9014129622952677,0.7272727272727273,297,DS06-GCaMP6f-zf-aDp,30.048076923076902,,,,,,,0.7367253858730526,188.11131509613162
44,1936.2549878444,9682.060661197613,1999.6103528057524,9998.863195274504,0.9769512662998886,0.9769512662998886,0.8822278719567903,0.8822278719567903,0.9747834070098202,0.97478340700982,0.8787847965758434,0.8787847965758434,3000.0,0.9534712378924494,0.8321575027438392,0.953027265285629,0.8321575027438392,0.9984100203901253,0.9984100203901254,0.9974257674112588,0.9974257674112588,0.9983781617186481,0.9983781617186482,0.9973899664936269,0.9973899664936269,1.8952246350481958,0.5175203539823009,0.9638267929541278,0.6858407079646017,298,DS06-GCaMP6f-zf-aDp,30.048076923076902,,,,,,,0.9145552195235351,95.9075934201529
45,1072.2058083785523,5361.464137307007,76.75953089412714,383.82880308000784,0.9960316439770528,0.9960316439770529,0.975583558033568,0.975583558033568,0.9935481468628584,0.9935481468628587,0.9981114268010459,0.9981114268010459,3000.0,0.8599639104193639,0.8402912106537985,0.7569468676807909,0.7258506707882818,0.9992398081961676,0.9992398081961675,0.9980554077315121,0.9980554077315121,0.999236167167659,0.9992361671676591,0.9980409732908689,0.9980409732908689,1.5696133541368318,0.6144695187165775,0.9478923650620904,0.6844919786096256,299,DS06-GCaMP6f-zf-aDp,30.048076923076902,,,,,,,0.7821694241165112,0.016047666846809635
46,1337.127365157971,6686.179424962801,73.2582726605114,366.3210911199607,0.9893321435454931,0.9893321435454933,0.944897943275698,0.944897943275698,0.9925928209258301,0.9925928209258303,0.99882108928759,0.99882108928759,3000.0,0.8565225290125886,0.7522580925350485,0.7176744045429039,0.6557489336729023,0.9991092500485832,0.9991092500485835,0.9956655321960586,0.9956655321960586,0.999153875636369,0.999153875636369,0.9957097365116969,0.9957097365116969,1.3608881740654446,0.7184098765432099,0.942028807097213,0.6666666666666666,300,DS06-GCaMP6f-zf-aDp,30.048076923076902,,,,,,,0.8465846810310348,0.0117142444967817
47,856.0093327545429,4280.394027807053,1999.7148886682621,9999.385917007165,0.9976807847231091,0.997680784723109,0.9891721334683428,0.9891721334683428,0.9755721400043253,0.9755721400043262,0.9177127184472617,0.9177127184472617,3000.0,0.8945752463906647,0.817555778743905,0.8830286049973975,0.8290547423530118,0.9982112610624952,0.9982112610624951,0.996792682257781,0.996792682257781,0.9975480629324175,0.9975480629324175,0.9962551067049719,0.9962551067049719,1.4109822172825774,0.668280357142857,0.8960353125368391,0.6845238095238095,301,DS06-GCaMP6f-zf-aDp,30.048076923076902,,,,,,,0.8639269845701747,124.54623846057018
48,2456.175162148156,12281.872513557799,1999.752904980514,9999.576013995225,0.9734911657296229,0.9734911657296229,0.9068482310424522,0.9068482310424522,0.9845766047438156,0.9845766047438157,0.9335934907920719,0.9335934907920719,3000.0,0.8481316414766352,0.85204093780978,0.8564360798521679,0.8509238400367279,0.9969622906859629,0.996962290685963,0.9925519967063822,0.9925519967063822,0.9973647576446293,0.9973647576446292,0.9934829193967606,0.9934829193967606,2.429561096030947,0.3912055172413793,0.7917435633141722,0.5862068965517241,302,DS06-GCaMP6f-zf-aDp,30.048076923076902,,,,,,,0.9256943023351075,89.10164122835423
49,3233.6222324505848,16169.423348956027,1999.4795570420067,9998.209163379552,0.9559376581182204,0.95593765811822,0.8940271932635286,0.8940271932635286,0.9873334701498279,0.987333470149828,0.9440030341545693,0.9440030341545693,3000.0,0.9045412700088021,0.9477769782837645,0.9170561885916617,0.9491996091078208,0.9991944675811519,0.9991944675811519,0.9991905335617336,0.9991905335617336,0.9993443970108487,0.9993443970108489,0.9993491643909342,0.9993491643909342,2.721776348130889,0.36095753846153844,0.7978903506588422,0.556923076923077,303,DS06-GCaMP6f-zf-aDp,30.048076923076902,,,,,,,0.7966300076565638,158.50672573759599
50,200051.44486375037,1000338.4041310541,113.31339405664531,566.6129522558492,0.32388536995624484,0.32388536995623796,0.2283217376684535,0.2283217376684535,0.9979513924963396,0.9979513924963397,0.9994604070474657,0.9994604070474657,3000.0,0.8404958547193763,0.875750034129173,0.8690659206841819,0.8569854109749113,0.9997055362744607,0.9997055362744605,0.9993154894118855,0.9993154894118855,0.9997022603120107,0.9997022603120108,0.9993164456680573,0.9993164456680573,2.930501528202276,0.33485,0.8321764226347583,0.5257142857142857,304,DS06-GCaMP6f-zf-aDp,30.048076923076902,,,,,,,0.8913741306227848,0.026429842641377925
51,6519.975840794294,32602.524975489545,103.54566611285378,517.7703488448441,0.8814844578533148,0.8814844578533161,0.8402850987142189,0.8402850987142189,0.99784398204667,0.99784398204667,0.9994176992571718,0.9994176992571718,3000.0,0.8633234510509527,0.8652659941891315,0.8619997653396945,0.8302493645122692,0.9996485970069351,0.9996485970069351,0.9994332537539481,0.9994332537539481,0.9997345286137995,0.9997345286137993,0.9995237509260231,0.9995237509260231,3.097481672259386,0.3150754054054054,0.7605483582573677,0.5243243243243243,305,DS06-GCaMP6f-zf-aDp,30.048076923076902,,,,,,,0.8354663299716937,0.026889840069313328
52,3400.469641150427,17003.728098246265,67.59392238462421,337.99704117730954,0.9511140591145861,0.9511140591145839,0.9014370231115578,0.9014370231115578,0.9967048937077599,0.9967048937077603,0.9774528445921892,0.9774528445921892,3000.0,0.6332526329210983,0.9003356646942803,0.8049006753904344,0.8823625852333041,0.9865043353614257,0.9865043353614259,0.9840646993175267,0.9840646993175267,0.9990324592369605,0.9990324592369606,0.9984030414482621,0.9984030414482621,1.0519749075597915,0.94264,0.7363101326984468,0.656,306,DS06-GCaMP6f-zf-aDp,30.048076923076902,,,,,,,0.8151208777888298,0.011088708051381723
53,1501.6177423431802,7508.698060209015,1999.7027389482898,9999.325163476997,0.9815164751866478,0.9815164751866476,0.9820279727840869,0.9820279727840869,0.9718456944682147,0.9718456944682153,0.965960589325596,0.965960589325596,3000.0,0.8066543228368134,0.8526199456867476,0.7985928185414921,0.8504704836387978,0.9972956396993782,0.9972956396993783,0.9894114007459839,0.9894114007459839,0.9967326788443513,0.9967326788443513,0.9861048736005292,0.9861048736005292,1.5278683181225543,0.5660324175824175,0.9317815721322354,0.5879120879120879,307,DS06-GCaMP6f-zf-aDp,30.048076923076902,,,,,,,0.9131696653994257,96.85305421037387
54,1600.1185273434758,8001.241956305156,1999.6892838066176,9999.257882308624,0.9856560333852387,0.9856560333852393,0.9846891346714459,0.9846891346714459,0.9784303238238317,0.978430323823831,0.9745955403812409,0.9745955403812409,3000.0,0.7976211570013636,0.8356222984063898,0.7919048295071821,0.8257579485286461,0.9585665468458612,0.9585665468458613,0.8990381966905047,0.8990381966905047,0.9502162250309143,0.9502162250309145,0.8760835406860995,0.8760835406860995,1.594660375745398,0.6234268421052631,0.9885636989079463,0.531578947368421,308,DS06-GCaMP6f-zf-aDp,30.048076923076902,,,,,,,0.9138947336211534,96.90009517241053
55,1187.3606665497437,5937.28515739193,95.50606849866614,477.56909834795465,0.995793464053597,0.995793464053597,0.9847724234955844,0.9847724234955844,0.9983933037076234,0.9983933037076235,0.9980330852387107,0.9980330852387107,3000.0,0.8862350538707866,0.8804910508297318,0.8935974137785181,0.9056159687542865,0.9960057649478218,0.9960057649478214,0.9958517331125044,0.9958517331125044,0.9960003034776524,0.9960003034776524,0.9958440726684054,0.9958440726684054,2.22083591595956,0.4346803773584906,0.9676475747185364,0.539622641509434,309,DS06-GCaMP6f-zf-aDp,30.048076923076902,,,,,,,0.7798273196065069,0.02651658723084641
56,3103.9983141842313,15521.251156927663,1999.5533520654378,9998.578168442335,0.959242919182612,0.9592429191826131,0.9234489328038595,0.9234489328038595,0.9854662741334828,0.9854662741334825,0.9596167657256591,0.9596167657256591,3000.0,0.9505878881397838,0.9390477925623455,0.9535619111375353,0.9406763168069799,0.9971663786770388,0.9971663786770388,0.9804604932450849,0.9804604932450849,0.9978007498512417,0.997800749851242,0.9821635191174592,0.9821635191174592,2.2041379015538487,0.4390425855513308,0.9389038209716409,0.5627376425855514,310,DS06-GCaMP6f-zf-aDp,30.048076923076902,,,,,,,0.7669616593406708,172.94548535797898
57,6009.508426981767,30049.980761465435,95.54767005417791,477.77712300720344,0.8255716358902816,0.8255716358902784,0.7215415215448652,0.7215415215448652,0.9973605351690301,0.9973605351690302,0.9969074858619,0.9969074858619,3000.0,0.8743078969350295,0.8631640045152065,0.8671682024167947,0.83670370213754,0.9978349919576113,0.9978349919576115,0.9950446554476157,0.9950446554476157,0.9985374027074878,0.9985374027074878,0.9963034290576209,0.9963034290576209,1.2940961164426006,0.7521889610389609,1.0302776365001878,0.6168831168831169,311,DS06-GCaMP6f-zf-aDp,30.048076923076902,,,,,,,0.8400111065227759,0.021801442719158612
58,3208.5619297051257,16044.11166589119,1999.7035947592026,9999.329442878858,0.9764085220954114,0.9764085220954108,0.9600824999467003,0.9600824999467003,0.9899083466797072,0.9899083466797064,0.9835189373046842,0.9835189373046842,3000.0,0.6913412027151083,0.8104961600015128,0.7031787683935522,0.8114122048891197,0.9806780610427923,0.9806780610427921,0.91468738900205,0.91468738900205,0.985701313063027,0.985701313063027,0.9289108050368483,0.9289108050368483,2.0956008079167274,0.4748832,0.8665384432001096,0.464,313,DS07-GCaMP6f-zf-dD,30.048076923076902,,,,,,,0.8771938991444441,118.31180256282488
59,2038.538045626592,10193.517456029409,1998.8269525900319,9994.945876296268,0.9870046310444835,0.9870046310444837,0.9819263258450405,0.9819263258450405,0.9875083811471519,0.9875083811471521,0.9824959934643124,0.9824959934643124,3000.0,0.46206753749193685,0.6552794809105459,0.4627869935794374,0.6580426459870076,0.9882904070946781,0.9882904070946781,0.9858936747044869,0.9858936747044869,0.9884351588716296,0.9884351588716294,0.9860790133372275,0.9860790133372275,2.3460710240023923,0.4261878571428571,0.7646011226906753,0.325,314,DS07-GCaMP6f-zf-dD,30.048076923076902,,,,,,,0.8709989821826636,120.84911858692199
60,5669.374039255989,28349.170798111096,1999.8142609638428,9999.882818809801,0.8632772371436389,0.8632772371436372,0.8865436796996801,0.8865436796996801,0.9706638150371287,0.9706638150371288,0.9709503108659322,0.9709503108659322,3000.0,0.7414206895468806,0.8134964934626087,0.7612150814633974,0.8318644524218747,0.7046399641426231,0.7046399641426231,0.5939819075560111,0.5939819075560111,0.831870180418814,0.831870180418814,0.7785334960984522,0.7785334960984522,2.504702160856646,0.3994341137123746,0.825023922664906,0.3712374581939799,315,DS07-GCaMP6f-zf-dD,30.048076923076902,,,,,,,0.8571122523475959,128.23352742249836
61,1630.7124945153053,8154.224207033454,1999.6469614054379,9999.046253128514,0.9892871819700191,0.9892871819700187,0.982444526916536,0.982444526916536,0.9836076692014026,0.9836076692014033,0.9775417333753441,0.9775417333753441,3000.0,0.6420445691788782,0.8672442315395321,0.6373661544513046,0.8649060979883179,0.9926194239297755,0.9926194239297756,0.9894899896094052,0.9894899896094052,0.9916996449487473,0.9916996449487474,0.9874110880990897,0.9874110880990897,2.304325987988115,0.43468109090909096,0.8247133377781355,0.3563636363636364,316,DS07-GCaMP6f-zf-dD,30.048076923076902,,,,,,,0.856536603134628,129.43145584826908
62,2010.8960228159408,10055.296124990316,1999.837588451524,9999.999465714385,0.9712800289074589,0.9712800289074579,0.9494362797013275,0.9494362797013275,0.9715326462923304,0.9715326462923309,0.9499388104202084,0.9499388104202084,3000.0,0.6499582169089707,0.8137717026111974,0.6501254554393041,0.8137717026111974,0.9968071003506563,0.9968071003506563,0.9973507918007453,0.9973507918007453,0.9968194684095094,0.9968194684095095,0.9973757874658437,0.9973757874658437,2.2291849231624155,0.4483902255639098,1.0435534512399534,0.5601503759398496,317,DS07-GCaMP6f-zf-dD,30.048076923076902,,,,,,,0.8701586913098884,122.50801822338563
63,,,,,,,,,,,,,3000.0,,,,,,,,,,,,,1.3783521524347202,1.0976100917431193,1.2041313770283628,0.5688073394495413,318,DS07-GCaMP6f-zf-dD,30.048076923076902,,,,,,,,
64,8356.827031667413,41787.526314298644,1999.8376952837573,9999.999999918897,0.8776417595595256,0.8776417595595287,0.799601205539149,0.799601205539149,0.9962474342588773,0.9962474342588772,0.9746170638854993,0.9746170638854993,3000.0,0.6888337797816517,0.7164785893500043,0.7258405620337198,0.758707987645499,0.9798566806038839,0.9798566806038839,0.9831566042806096,0.9831566042806096,0.9884568860915052,0.9884568860915054,0.9917682146321769,0.9917682146321769,2.955548549810843,0.3367048158640226,0.7418797429219631,0.38526912181303113,322,DS07-GCaMP6f-zf-dD,30.048076923076902,,,,,,,0.8755396337247853,118.82091678032435
65,2963.6425216468415,14819.41523860662,1999.2919493080403,9997.271048579498,0.9709896803888095,0.9709896803888095,0.9412280232397755,0.9412280232397755,0.9887549790582166,0.9887549790582167,0.9776776728287488,0.9776776728287488,3000.0,0.8750472087142159,0.8780319900392441,0.8874289032208216,0.8873835694654552,0.9733933703498966,0.9733933703498967,0.918727886575495,0.918727886575495,0.9800880573835111,0.9800880573835113,0.9334864657741607,0.9334864657741607,2.22083591595956,0.45062754716981135,0.7626406000982999,0.41132075471698115,324,DS07-GCaMP6f-zf-dD,30.048076923076902,,,,,,,0.8933290324899947,108.91121851230713
66,2408.3575783609954,12042.765190500824,1079.1185367089563,5396.030584107417,0.9732881080804279,0.9732881080804276,0.9638428257851227,0.9638428257851227,0.9918830259059133,0.9918830259059133,0.9888396164566856,0.9888396164566856,3000.0,0.7064315498935526,0.8512561838963597,0.7142741381700989,0.8551408644521495,0.9962969333000522,0.9962969333000525,0.9970075006858224,0.9970075006858224,0.9976708963994686,0.9976708963994686,0.9981079417985422,0.9981079417985422,1.9119226494539068,0.5240618421052632,0.808851076518144,0.2807017543859649,326,DS07-GCaMP6f-zf-dD,30.048076923076902,,,,,,,0.9121571428516173,15.343015857215768
67,5326.619696932255,26635.259998603353,415.6589051189349,2078.4631977675876,0.9586224478411236,0.9586224478411252,0.9065914397074247,0.9065914397074247,0.9968300783349917,0.9968300783349917,0.9997487984923235,0.9997487984923235,3000.0,0.9016474632088484,0.897059998226549,0.8269480706640426,0.8024402700297243,0.9905343852969715,0.9905343852969717,0.9854297041052087,0.9854297041052087,0.9986415058914273,0.9986415058914273,0.9968779827005069,0.9968779827005069,3.5650260756192935,0.2808455399061033,0.8210115462839223,0.431924882629108,330,DS07-GCaMP6f-zf-dD,30.048076923076902,,,,,,,0.802829848367118,1.4290829547429162
68,4885.443721492264,24429.20109453905,1999.8371940253296,9999.99749342335,0.9689675006608078,0.968967500660809,0.9027484201174948,0.9027484201174948,0.9914605041331037,0.9914605041331037,0.9465930181213903,0.9465930181213903,3000.0,0.7181843653519743,0.8736138438237266,0.7556194511447073,0.875343973756742,0.9979834611395761,0.9979834611395759,0.9950276964980127,0.9950276964980127,0.99853181905729,0.99853181905729,0.9977518038376698,0.9977518038376698,2.187439887148138,0.4584436781609196,0.8336634359893026,0.5172413793103449,332,DS07-GCaMP6f-zf-dD,30.048076923076902,,,,,,,0.6542258232852405,229.32529904050344
69,261.1452544507703,1305.8322436091416,59.52358188198119,297.6420637628426,0.9994420870580295,0.9994420870580297,0.9998996442426669,0.9998996442426669,0.9993425903658143,0.9993425903658144,0.9999038940920627,0.9999038940920627,3000.0,0.3722450823548576,0.5919464091422534,0.5077238136237803,0.4945401466089791,0.9337376924247767,0.9337376924247767,0.9774189168589121,0.9774189168589121,0.975943867189864,0.9759438671898639,0.9853582539520791,0.9853582539520791,1.010229871545514,0.9877958333333332,1.1674579072261457,0.30833333333333335,333,DS07-GCaMP6f-zf-dD,30.048076923076902,,,,,,,0.8327229412552034,0.008164434839756056
70,459.52843698725786,2297.8286591319056,84.2621545263775,421.3449657660256,0.998629467346288,0.998629467346288,0.9997088286995299,0.9997088286995299,0.9985650771012995,0.9985650771012995,0.9999056012985009,0.9999056012985009,3000.0,0.6673419982451584,0.7621093631483054,0.691998798421742,0.6435449281160814,0.9566040912816789,0.9566040912816787,0.9592409309241409,0.9592409309241409,0.9854207587973336,0.9854207587973338,0.9845104421734571,0.9845104421734571,1.0853709363712134,0.9205255813953489,1.2742398399598678,0.3488372093023256,334,DS07-GCaMP6f-zf-dD,30.048076923076902,,,,,,,0.8257833202185605,0.017240237207198392
71,1311.9163871877545,6560.114304630939,1999.8375773490911,9999.99941019771,0.991815711002592,0.9918157110025918,0.9873469836683768,0.9873469836683768,0.9803627354791414,0.9803627354791415,0.973494886080515,0.973494886080515,3000.0,0.7759882754559043,0.9113969467962919,0.7661202603025714,0.9126178402280352,0.998865620689021,0.998865620689021,0.9988813064178285,0.9988813064178285,0.9986908501863698,0.9986908501863698,0.998674011961436,0.998674011961436,2.187439887148138,0.45894980842911876,1.1942612250855644,0.4521072796934866,335,DS07-GCaMP6f-zf-dD,30.048076923076902,,,,,,,0.900500252791638,105.09794060357083
72,1428.6818729926504,7143.989116468521,1999.5206542854912,9998.41466627403,0.9751025115865717,0.9751025115865717,0.9587397337328051,0.9587397337328051,0.9540829414741042,0.9540829414741033,0.9422352028739477,0.9422352028739477,3000.0,0.8257238338916346,0.9055601116459353,0.8202503699112645,0.9133322819999828,0.9962832247314463,0.9962832247314463,0.9927407811170048,0.9927407811170048,0.9954282095377316,0.9954282095377318,0.9904099546535673,0.9904099546535673,1.4694252677025659,0.6819537142857143,0.9511216610087437,0.35428571428571426,336,DS07-GCaMP6f-zf-dD,30.048076923076902,,,,,,,0.8187472022261818,148.34396928349668
73,730.9822687401465,3655.207972417481,132.59677335791903,663.0376738549757,0.9951170692251418,0.995117069225142,0.9982199894642101,0.9982199894642101,0.9964292634903518,0.9964292634903515,0.9999240431961764,0.9999240431961764,3000.0,0.49354407212954415,0.6812747893885269,0.5654441493920309,0.6140334368015951,0.9754725732958887,0.9754725732958884,0.9574994136937294,0.9574994136937294,0.9924711220409993,0.9924711220409994,0.9902791354933596,0.9902791354933596,1.3942842028768665,0.7168620481927711,0.9701735894330704,0.30120481927710846,337,DS07-GCaMP6f-zf-dD,30.048076923076902,,,,,,,0.8871301672944606,0.04038880884885207
74,1808.7979233626004,9044.723617389765,1999.7624787829757,9999.62388689254,0.9773034653154775,0.9773034653154787,0.9882388992412678,0.9882388992412678,0.9739538910976698,0.9739538910976708,0.9849562556585864,0.9849562556585864,3000.0,0.6315915257694117,0.7727348684333707,0.628019643827108,0.7635295556393267,0.9881607190305857,0.9881607190305857,0.9702804409801942,0.9702804409801942,0.987337746866319,0.9873377468663191,0.9679816510519977,0.9679816510519977,2.0037617286853173,0.5004907949790796,1.0493864556133514,0.3389121338912134,338,DS07-GCaMP6f-zf-dD,30.048076923076902,,,,,,,0.9107688416835635,98.31311115533205
75,954.1566879695623,4771.170631556873,83.55509555457661,417.8093839862508,0.9975461342119472,0.9975461342119472,0.9978621645110859,0.9978621645110859,0.9989061860253747,0.9989061860253748,0.9999674658804935,0.9999674658804935,3000.0,0.6066358985958448,0.6893867993936563,0.6882552248052632,0.6715631288001204,0.9818033824090037,0.9818033824090038,0.9764229480510735,0.9764229480510735,0.9960452370677133,0.9960452370677133,0.9964903629165259,0.9964903629165259,2.2876279735824037,0.43773260073260073,1.1048674691838776,0.3516483516483517,339,DS07-GCaMP6f-zf-dD,30.048076923076902,,,,,,,0.8876967292359325,0.01313775187672833
76,1975.1358897095645,9876.48094818662,1999.8376952995095,9999.999999997672,0.8225247013935633,0.8225247013935599,0.8343825991262322,0.8343825991262322,0.8186236473323286,0.8186236473323234,0.8309644745862009,0.8309644745862009,3000.0,0.8730410996638575,0.791441780075905,0.872982426743267,0.791441780075905,0.9670198015751883,0.9670198015751883,0.9185758299163493,0.9185758299163493,0.9667553094378319,0.9667553094378319,0.9174573058504322,0.9174573058504322,0.9768338427340921,0.9701956896551723,1.0740578170607655,0.5775862068965517,340,DS07-GCaMP6f-zf-dD,30.048076923076902,,,,,,,0.9437487461975367,76.63007863891362
77,1401.4297605709135,7007.717495597552,108.2068126827498,541.0779731628107,0.9608571143570155,0.9608571143570156,0.9407214881120939,0.9407214881120939,0.9885337380933985,0.988533738093399,0.9993202695455209,0.9993202695455209,3000.0,0.749197873966718,0.8713256890768948,0.7556546857244936,0.8002659197846581,0.9990402265338039,0.9990402265338038,0.9944385024389897,0.9944385024389897,0.999104226564236,0.9991042265642361,0.9944824077731521,0.9944824077731521,1.0603239147626469,0.9206119047619048,0.875620391879107,0.4365079365079365,343,DS07-GCaMP6f-zf-dD,30.048076923076902,,,,,,,0.9187800265984114,0.02019483773928085
78,1465.0160695386799,7325.6748434223655,208.781172487029,1043.9905847244854,0.9683672839896447,0.968367283989646,0.951106507875731,0.951106507875731,0.9919374718053973,0.9919374718053974,0.9992571361170081,0.9992571361170081,3000.0,0.6858895976452524,0.8606717071995353,0.7111142566062661,0.8496492306932446,0.9945229680337545,0.9945229680337544,0.9914415243857927,0.9914415243857927,0.9982463977986792,0.9982463977986792,0.9961332091668526,0.9961332091668526,1.1772100156026237,0.8483778571428572,0.8686882031991784,0.4928571428571429,344,DS07-GCaMP6f-zf-dD,30.048076923076902,,,,,,,0.8854514252928598,0.1417760370211272
79,4476.8279652687115,22385.95649932077,1999.8376442293904,9999.999744626359,0.4254654163601854,0.42546541636019075,0.6516766754423516,0.6516766754423516,0.8577151097974244,0.8577151097974225,0.8679839185961556,0.8679839185961556,3000.0,0.6470390811749664,0.8587134177573296,0.647891120339335,0.8656069953980846,0.987343150170809,0.9873431501708088,0.878308988300866,0.878308988300866,0.9929570022824918,0.9929570022824918,0.975329776735151,0.975329776735151,0.8766457562998262,1.1396211538461538,0.9105663573887921,0.5384615384615384,345,DS07-GCaMP6f-zf-dD,30.048076923076902,,,,,,,0.8834247640500766,114.99254585792461
80,1088.2618066040461,5441.750643873166,1999.6749165761823,9999.186040326302,0.9880504566816233,0.9880504566816232,0.9898567723406173,0.9898567723406173,0.9595641181303312,0.9595641181303334,0.9546479704076803,0.9546479704076803,3000.0,0.6581390541411731,0.8865133236930312,0.6465276590316642,0.8857940014180978,0.998612260049274,0.9986122600492741,0.9951871833885766,0.9951871833885766,0.9984709388008433,0.9984709388008433,0.9945565205970743,0.9945565205970743,1.3107941308483115,0.7636615384615385,0.8515913868202343,0.42948717948717946,346,DS07-GCaMP6f-zf-dD,30.048076923076902,,,,,,,0.888921559823649,110.92834610994565
81,898.9466390620498,4495.0979830751085,25.24407855373792,126.23063668149977,0.9934617277503834,0.9934617277503837,0.996214421264291,0.996214421264291,0.9918668747158936,0.9918668747158936,0.9998762864257201,0.9998762864257201,3000.0,0.8553483417718258,0.8434635841912173,0.8187846870030872,0.8453937068095039,0.9853247710603018,0.9853247710603016,0.9286177194213411,0.9286177194213411,0.9988907469975394,0.9988907469975391,0.9972228488178916,0.9972228488178916,2.771870391348022,0.3573441087613293,0.8460669180751997,0.4471299093655589,347,DS08-GCaMP6f-zf-OB,30.048076923076902,,,,,,,0.7315911831507982,0.0029617002237073546
82,232.6925002009878,1163.5569263838875,1999.8375523660666,9999.999285272448,0.99775698283016,0.99775698283016,0.9996786731874034,0.9996786731874034,0.97671721162003,0.9767172116200296,0.9704333665533922,0.9704333665533922,3000.0,0.8754312668794239,0.8491042660330242,0.8133735598500825,0.8658829730863715,0.9951407708054851,0.9951407708054855,0.9850345106572769,0.9850345106572769,0.984194549195383,0.984194549195383,0.932812334304634,0.932812334304634,2.2124869087567043,0.45387992424242424,0.85307383015644,0.7803030303030303,348,DS08-GCaMP6f-zf-OB,30.048076923076902,,,,,,,0.8567816403306712,129.7834994059498
83,220.43281571871216,1102.2535290577528,159.13529261542027,795.7410393324438,0.9996307671382845,0.9996307671382845,0.9998494908602501,0.9998494908602501,0.9996436519591836,0.9996436519591837,0.9998926790687586,0.9998926790687586,3000.0,0.7204814488037156,0.8245688480303436,0.7573485797707378,0.8207523547382342,0.984643927716026,0.9846439277160262,0.9854642352547539,0.9854642352547539,0.9871091979087008,0.9871091979087006,0.9871680125567616,0.9871680125567616,2.1206478295252937,0.4676296442687747,1.0052356698084186,0.6956521739130435,349,DS08-GCaMP6f-zf-OB,30.048076923076902,,,,,,,0.8420429096900461,0.08058845048584712
84,264.9481002769497,1324.84801591465,1999.4761746112513,9998.192249853215,0.9898495468909339,0.9898495468909337,0.9997096390611793,0.9997096390611793,0.9689299582993002,0.9689299582993007,0.9766675384978366,0.9766675384978366,3000.0,0.9430860354972163,0.9016703906242112,0.9184073413558537,0.8831095715596183,0.998689177538137,0.9986891775381371,0.9868281212772378,0.9868281212772378,0.9938609469780644,0.9938609469780645,0.8999934131532441,0.8999934131532441,3.606771111633571,0.2707812064965197,0.8160942576341488,0.740139211136891,350,DS08-GCaMP6f-zf-OB,30.048076923076902,,,,,,,0.8324052830714327,142.1060259647246
85,321.75965224166464,1608.928829563844,1999.81061231702,9999.864574095087,0.9981159395554322,0.9981159395554322,0.9996445416680574,0.9996445416680574,0.9807490365538709,0.9807490365538699,0.9784507266543552,0.9784507266543552,3000.0,0.9437232041517147,0.9363142283160983,0.8729262123312809,0.8835355401074945,0.9976327383412636,0.9976327383412635,0.9829764814083121,0.9829764814083121,0.9898525783988638,0.9898525783988635,0.9293260472370359,0.9293260472370359,4.1077115438049,0.23460142566191444,0.7036136605904466,0.7107942973523421,351,DS08-GCaMP6f-zf-OB,30.048076923076902,,,,,,,0.8765437212872201,119.05362082102174
86,351.39599719154506,1757.1225805843985,1999.8370810870533,9999.99692868614,0.9984127126770362,0.9984127126770364,0.9996415322283322,0.9996415322283322,0.9726830033529235,0.9726830033529233,0.9588818869967628,0.9588818869967628,3000.0,0.8329497784081663,0.8637727163998461,0.7015406531638522,0.7703535440220561,0.9932862532636896,0.9932862532636895,0.9912273592390426,0.9912273592390426,0.9828381115348891,0.982838111534889,0.9830041890654515,0.9830041890654515,6.16156731570735,0.15853853459972864,0.5691889811637515,0.5264586160108549,352,DS08-GCaMP6f-zf-OB,30.048076923076902,,,,,,,0.871746514680341,120.39297031118927
87,372.78905636454584,1864.0965576390302,67.11905268700401,335.622499989611,0.9975650712000705,0.997565071200071,0.999509671359916,0.999509671359916,0.9970966986732339,0.9970966986732337,0.9998271335861763,0.9998271335861763,3000.0,0.6871341981731437,0.5733732156676867,0.8573977571933448,0.7815127670543107,0.9119111332036761,0.9119111332036761,0.9186848475874142,0.9186848475874142,0.975624373664895,0.9756243736648949,0.9728893452960872,0.9728893452960872,3.2811598307222067,0.29204668367346936,0.7519629280520994,0.6862244897959183,353,DS08-GCaMP6f-zf-OB,30.048076923076902,,,,,,,0.6767436307084266,0.01586306212098185
88,254.6849131369313,1273.5279154678042,100.5772415512479,502.9270214659165,0.9988469719800981,0.9988469719800979,0.9997573476725842,0.9997573476725842,0.9990392603666247,0.9990392603666246,0.9999084947226626,0.9999084947226626,3000.0,0.8058605063604473,0.7236868179733192,0.8807480099944672,0.8233122965079018,0.9824820348503328,0.9824820348503327,0.9644061874295253,0.9644061874295253,0.9896946119084782,0.9896946119084781,0.9747596698971468,0.9747596698971468,5.076196379336137,0.19705914332784186,0.8587180912015427,0.6392092257001647,354,DS08-GCaMP6f-zf-OB,30.048076923076902,,,,,,,0.7770718820602805,0.030245977784647878
89,236.61255976601484,1183.1588149483462,1999.8360024366023,9999.991534996187,0.9981641145499719,0.9981641145499718,0.9998353785828065,0.9998353785828065,0.981124428606627,0.9811244286066265,0.9840170441686402,0.9840170441686402,3000.0,0.5982189530493993,0.5758966863377281,0.4209172544173729,0.3506737841552433,0.9667373147146119,0.9667373147146119,0.9654452295151145,0.9654452295151145,0.848374951760871,0.848374951760871,0.8105264498052075,0.8105264498052075,5.368411631436079,0.18659906542056076,0.8576803473305941,0.6355140186915887,355,DS08-GCaMP6f-zf-OB,30.048076923076902,,,,,,,0.8194799662852676,148.1312795734684
90,148.5697685865996,742.9091317548861,53.86095599854054,269.32663648217437,0.9980586180118353,0.9980586180118354,0.9999358028553009,0.9999358028553009,0.9979622862922244,0.9979622862922245,0.9999483170334539,0.9999483170334539,3000.0,0.7361236300684844,0.8421387899475149,0.8046723822934199,0.8076890433815431,0.9150660142415337,0.9150660142415334,0.944381042708345,0.944381042708345,0.9516119754511624,0.9516119754511625,0.9624767646796594,0.9624767646796594,4.909216235279027,0.20373304940374784,0.9194930948949286,0.6388415672913118,356,DS08-GCaMP6f-zf-OB,30.048076923076902,,,,,,,0.6638171865915486,0.010710598162723987
91,244.9665056897967,1224.931934554077,1999.837688301012,9999.999965002336,0.9966696788773359,0.9966696788773357,0.9989461922692267,0.9989461922692267,0.9459768708475014,0.9459768708475018,0.9364202996040162,0.9364202996040162,3000.0,0.8751644436155377,0.6830814811672573,0.7766522760880251,0.6111075140661872,0.991530000593623,0.9915300005936232,0.9598258606936172,0.9598258606936172,0.9689427703711395,0.9689427703711395,0.9143076252376986,0.9143076252376986,1.8367815846282074,0.5365812785388128,0.7692781442630096,0.8310502283105022,358,DS08-GCaMP6f-zf-OB,30.048076923076902,,,,,,,0.8051243379584244,155.64055127662238
92,247.06206889332586,1235.4106009401248,1999.7115259674767,9999.369102138657,0.9954635768795954,0.9954635768795953,0.9992130470094073,0.9992130470094073,0.9503878903971597,0.9503878903971597,0.918848909031354,0.918848909031354,3000.0,0.8562485163306819,0.8207446351466195,0.7761119790234278,0.7742893096249445,0.996458225357963,0.9964582253579631,0.982658250183847,0.982658250183847,0.9857144301184421,0.9857144301184421,0.9246617537768319,0.9246617537768319,2.9722465642165536,0.3323307042253521,0.6972840926635869,0.8394366197183099,359,DS08-GCaMP6f-zf-OB,30.048076923076902,,,,,,,0.7949779829303358,160.49598274761183
93,267.13469952126354,1335.7818994465608,1999.8138603807952,9999.880815732009,0.9833783448733249,0.9833783448733242,0.9998733277699229,0.9998733277699229,0.9590948864377948,0.9590948864377953,0.9709170428871532,0.9709170428871532,3000.0,0.7387954317131151,0.6506658182050366,0.6244450463771464,0.5970372779807555,0.9962943557287934,0.9962943557287934,0.9931209811166763,0.9931209811166763,0.9876473006197226,0.9876473006197226,0.9818607547604588,0.9818607547604588,5.117941415350414,0.1949267973856209,0.7221698666523017,0.75,360,DS08-GCaMP6f-zf-OB,30.048076923076902,,,,,,,0.7490696794858698,182.92422569975378
94,201.13346761666517,1005.7489569747063,1999.3024069162884,9997.32334086438,0.997068632752336,0.9970686327523359,0.9999771367948377,0.9999771367948377,0.9896494039338001,0.9896494039338002,0.9924012733042858,0.9924012733042858,3000.0,0.6169231393894226,0.7483286515629441,0.49775235357973874,0.6684907179816282,0.9919416579659363,0.9919416579659364,0.9929553557780147,0.9929553557780147,0.9831901127911125,0.9831901127911126,0.986155367115711,0.986155367115711,10.110647722657996,0.09902652892561983,0.7457125596222237,0.5429752066115703,361,DS08-GCaMP6f-zf-OB,30.048076923076902,,,,,,,0.8575933863344755,128.11638360364356
95,1315.7739991647197,6579.574551399281,1999.7856797459933,9999.99922103815,0.9984935497470291,0.9984935497470289,0.9911044173911496,0.9911044173911496,0.9958144165505681,0.9958144165505685,0.9883462321421815,0.9883462321421815,3000.0,0.7753683000187721,0.7176440559098427,0.7329825787660178,0.681298967555116,0.9916674828048518,0.9916674828048517,0.9958107299303726,0.9958107299303726,0.9906949129984006,0.9906949129984007,0.9952415171722983,0.9952415171722983,5.754419394094661,0.17355664488017428,0.9301007064663068,0.5337690631808278,362,DS08-GCaMP6f-zf-OB,30.048076923076902,,,,,,,0.8638584229160216,152.38997501644792
96,336.26945011673905,1681.4837069380198,1999.837695227097,9999.999999635571,0.9944398914948289,0.9944398914948291,0.9963363461669855,0.9963363461669855,0.9367406428366956,0.9367406428366952,0.9366500884422095,0.9366500884422095,3000.0,0.7340443096648276,0.8737930752981998,0.6945451743574786,0.8727772730716267,0.9946432196294939,0.9946432196294936,0.9844145356114725,0.9844145356114725,0.9904402273012325,0.9904402273012325,0.9737853179258503,0.9737853179258503,2.6382862761023342,0.37828190476190476,1.021729913113821,0.7904761904761904,363,DS08-GCaMP6f-zf-OB,30.048076923076902,,,,,,,0.8607551611670141,127.94622459968319
97,409.01561617331015,2045.2440572281425,1999.8376025439532,9999.999536182242,0.9944238470988208,0.9944238470988209,0.9982109928482269,0.9982109928482269,0.9603553087497041,0.9603553087497049,0.9626629649992532,0.9626629649992532,3000.0,0.7114535765476176,0.8261053877245398,0.6581194744644011,0.8077362138697314,0.9897253176984844,0.9897253176984845,0.9765081486700443,0.9765081486700443,0.9797692245135712,0.9797692245135714,0.9582942838799061,0.9582942838799061,2.7468233697394555,0.3557509146341463,0.9872048347427289,0.8140243902439024,364,DS08-GCaMP6f-zf-OB,30.048076923076902,,,,,,,0.8906005826340369,111.26201014766227
98,357.9358361550181,1789.8244292336312,1999.8376952750418,9999.999999875316,0.9924395591842325,0.9924395591842327,0.9987543674927316,0.9987543674927316,0.9616390554201102,0.9616390554201102,0.9617709188995204,0.9617709188995204,3000.0,0.5255557911377562,0.7831365518192469,0.44859319209224346,0.7193148862933596,0.9908753667038207,0.9908753667038208,0.9848940858076333,0.9848940858076333,0.9870283956049495,0.9870283956049495,0.9780765053869611,0.9780765053869611,2.6048902472909123,0.3800443729903537,0.9855945634992667,0.8102893890675241,365,DS08-GCaMP6f-zf-OB,30.048076923076902,,,,,,,0.916798913112454,95.34335288795863
99,353.68337254794346,1768.5603855711465,1999.8299424179024,9999.961232443566,0.9967529695381585,0.9967529695381578,0.9993379451569612,0.9993379451569612,0.9812291179598662,0.9812291179598663,0.9823362743854536,0.9823362743854536,3000.0,0.6786707437657148,0.6872761540004355,0.5866589994166592,0.6137739494102543,0.9881128838136216,0.9881128838136217,0.9638289005756004,0.9638289005756004,0.9879962516047822,0.9879962516047822,0.963324006837673,0.963324006837673,1.6698014405710977,0.5964472361809046,1.021920299951654,0.7537688442211056,366,DS08-GCaMP6f-zf-OB,30.048076923076902,,,,,,,0.8744929222048529,119.12543369090572
100,331.18091008458913,1656.038941874792,1999.8376952275064,9999.999999637634,0.9795901673796168,0.9795901673796179,0.9991629596083569,0.9991629596083569,0.953397770845867,0.9533977708458641,0.9709415984382457,0.9709415984382457,3000.0,0.40326676804948214,0.5448580104069756,0.35596536929538236,0.5769804646982346,0.974343763792608,0.974343763792608,0.9626051957597039,0.9626051957597039,0.9434623142203233,0.9434623142203233,0.9252903180702179,0.9252903180702179,1.8200835702224964,0.5431700460829494,1.1279441314439647,0.7465437788018433,367,DS08-GCaMP6f-zf-OB,30.048076923076902,,,,,,,0.8638852317825365,124.59047334990004
101,200.6846982741905,1003.5049281541213,1999.837695159995,9999.999999300042,0.9972027546794878,0.997202754679488,0.9996333446343009,0.9996333446343009,0.9814481031757978,0.9814481031757981,0.9818739277982131,0.9818739277982131,3000.0,0.6998634002587872,0.8037353039820134,0.6384234350116865,0.736986302917043,0.9829773070322059,0.9829773070322059,0.9629504224455183,0.9629504224455183,0.963612639965619,0.9636126399656192,0.9171626609686059,0.9171626609686059,1.8367815846282074,0.5400433789954339,1.1797552329079604,0.726027397260274,368,DS08-GCaMP6f-zf-OB,30.048076923076902,,,,,,,0.843846820668661,135.02353190136094
102,349.7723944203418,1749.0039078790132,61.398116507121394,307.01549756472434,0.9996836743383737,0.9996836743383736,0.9998689654813718,0.9998689654813718,0.999526033361245,0.9995260333612448,0.9999501880997391,0.9999501880997391,3000.0,0.8925140045373544,0.8303035171407258,0.9341648667704125,0.8731454771005364,0.9950618022796169,0.9950618022796169,0.9908788227763404,0.9908788227763404,0.9985398720790799,0.9985398720790797,0.9979062848694622,0.9979062848694622,11.404743839100597,0.0837396336996337,0.8407710778984323,0.734065934065934,369,DS08-GCaMP6f-zf-OB,30.048076923076902,,,,,,,0.8775252512438924,0.007275972703776609
103,89.70431266816857,448.53718540288725,328.437005196765,1642.2422234932897,0.9890006986384847,0.9890006986384847,0.998764107156617,0.998764107156617,0.9886742251603472,0.9886742251603464,0.9986807860979087,0.9986807860979087,3000.0,0.8089967201629755,0.5665748181540016,0.8262977718290725,0.5673263956945526,0.9687409749595227,0.9687409749595232,0.8365252271701334,0.8365252271701334,0.968308079972224,0.968308079972224,0.8359669417983905,0.8359669417983905,0.4755084968989141,2.010024778827788,1.396696771272966,0.6194690265486725,372,DS09-GCaMP6f-m-V1,60.060060060065474,,,,,,,0.9311816820056508,0.27890129837376876
104,151.52245205463365,757.6386480027736,1999.9303284896787,9999.999931563452,0.9938714144667914,0.993871414466791,0.999264695130494,0.999264695130494,0.9867401633672317,0.9867401633672326,0.9924891944318153,0.9924891944318153,3000.0,0.890951519071307,0.8320775633655214,0.8777475711653586,0.813352927809812,0.9727721903034742,0.9727721903034742,0.8436304420347446,0.8436304420347446,0.9636549272036299,0.9636549272036297,0.8156234504320217,0.8156234504320217,0.6089845662038724,1.6146179310880826,1.297882425953259,0.7655172413793103,373,DS09-GCaMP6f-m-V1,60.060060060065474,,,,,,,0.8226648199194012,103.6512868080256
105,114.9141606610045,574.5908156778306,1999.9303421162456,9999.999999698657,0.9836547549065149,0.9836547549065164,0.9985848321544782,0.9985848321544782,0.9767170048350685,0.9767170048350694,0.9908399116843989,0.9908399116843989,3000.0,0.8978885978942092,0.5975427536187552,0.9092994683292223,0.6552683696225506,0.9743483073018755,0.9743483073018754,0.8830054240024291,0.8830054240024291,0.9646337987883556,0.9646337987883555,0.8321213284973316,0.8321213284973316,0.4713373697331341,1.9285848214925936,1.279966697840278,0.7321428571428571,374,DS09-GCaMP6f-m-V1,60.060060060065474,,,,,,,0.4718259021213347,236.20303463215706
106,194.67369833518447,973.4128746213936,32.970030799118994,164.85767071249953,0.9747601098343732,0.9747601098343761,0.99791829989831,0.99791829989831,0.9731292502719705,0.9731292502719708,0.9983652983857242,0.9983652983857242,3000.0,0.7431117626750409,0.7825220993226663,0.6053078857425281,0.7710530070584052,0.9981626080515584,0.9981626080515584,0.9380576650671623,0.9380576650671623,0.998142675609484,0.998142675609484,0.9377430447054214,0.9377430447054214,0.8190752803900192,1.2145020134631361,1.259564252099237,0.7785234899328859,375,DS09-GCaMP6f-m-V1,60.060060060065474,,,,,,,0.6460638481961141,0.004217699209481592
107,113.80982669784915,569.068953541605,1999.4778586986058,9997.73750381019,0.9706455550624705,0.9706455550624713,0.9978726051828773,0.9978726051828773,0.958017385002743,0.958017385002744,0.9874845857494743,0.9874845857494743,3000.0,0.6478338454816778,0.5389118274770368,0.6118047508042711,0.543000453217415,0.9927976032954422,0.9927976032954423,0.9515143088830853,0.9515143088830853,0.9919653039983063,0.9919653039983061,0.9494462899277724,0.9494462899277724,0.5464176587171732,1.6809384615942629,1.281989254528288,0.7307692307692307,376,DS09-GCaMP6f-m-V1,60.060060060065474,,,,,,,0.8688587474293482,86.6741131454309
108,192.0989542117412,960.5282252114894,1999.6268602489133,9998.48253751044,0.9916907249610423,0.9916907249610417,0.9996126646834557,0.9996126646834557,0.979193161158622,0.9791931611586222,0.9841953823327868,0.9841953823327868,3000.0,0.8491229223155217,0.7804891540987949,0.8631586451390972,0.8066913785193897,0.9944902300519587,0.9944902300519587,0.9727558818473471,0.9727558818473471,0.9911196310202011,0.9911196310202013,0.960259806134953,0.960259806134953,0.8175409244928699,1.2098753846555483,1.2352789726476772,0.6410256410256411,378,DS09-GCaMP6f-m-V1,60.060060060065474,,,,,,,0.910843185396847,69.84669814786743
109,259.83152263382397,1299.2028629909723,69.14214585335844,345.7227704146509,0.9895764228227448,0.989576422822745,0.9994456132468007,0.9994456132468007,0.9889169110568711,0.9889169110568717,0.9995290877737019,0.9995290877737019,3000.0,0.817574259219742,0.5115756773164163,0.7868954895885838,0.5228787913030785,0.996601114892591,0.9966011148925907,0.9672036879895907,0.9672036879895907,0.996719615824503,0.9967196158245033,0.9682235456763437,0.9682235456763437,0.8008564158297501,1.218492670197518,1.2483378946227641,0.7172774869109948,379,DS09-GCaMP6f-m-V1,60.060060060065474,,,,,,,0.8542507005773048,0.007143453700373173
110,214.88150678332326,1074.444955665151,94.04875279601623,470.2601426290855,0.9977280903477959,0.9977280903477956,0.999658244295467,0.999658244295467,0.9976834753647437,0.9976834753647436,0.999693368224785,0.999693368224785,3000.0,0.8596689604114855,0.9024835888677263,0.8419198140336385,0.8636759233031204,0.9916295044817626,0.9916295044817629,0.9332302013859792,0.9332302013859792,0.9916214543059485,0.9916214543059485,0.9331922990197232,0.9331922990197232,0.6298402020327721,1.5598113333851138,1.498429076587344,0.6533333333333333,380,DS09-GCaMP6f-m-V1,60.060060060065474,,,,,,,0.8364306826599628,0.015106056637708866
111,143.44726873370104,717.2613250998947,59.55050250352559,297.7628832748103,0.9990975961109165,0.9990975961109165,0.9995694560345325,0.9995694560345325,0.9990639824988093,0.9990639824988095,0.999571057540252,0.999571057540252,3000.0,0.8856233687654659,0.8435080511884054,0.8419306960900257,0.7963958811619889,0.975146323151462,0.9751463231514622,0.884052486727157,0.884052486727157,0.9752089507808446,0.9752089507808445,0.8846522602323654,0.8846522602323654,0.5255620228882735,1.8633080000618556,1.3871847208604964,0.584,381,DS09-GCaMP6f-m-V1,60.060060060065474,,,,,,,0.8731564049744815,0.004899539262100469
112,183.8587061480058,919.3255498484688,130.57045618737524,652.875019863323,0.9991241574384507,0.9991241574384508,0.9984880182068877,0.9984880182068877,0.9991396728098403,0.9991396728098403,0.9986458759681354,0.9986458759681354,3000.0,0.9121026664603448,0.9220269639395812,0.9035545151573924,0.901598320038277,0.9862860687153621,0.9862860687153621,0.9253370799035944,0.9253370799035944,0.9863270596475158,0.9863270596475158,0.9257599014130107,0.9257599014130107,0.6715514736905717,1.462138750048538,1.375142207276615,0.64375,382,DS09-GCaMP6f-m-V1,60.060060060065474,,,,,,,0.9096324566834607,0.02435233551517835
113,164.33295930901636,821.6934152325217,66.68785217858336,333.4508746240001,0.9987438501115777,0.9987438501115778,0.9997218543028513,0.9997218543028513,0.9986650890108514,0.998665089010851,0.9997245539728888,0.9997245539728888,3000.0,0.8632795421909172,0.8565813642952637,0.8388265651113367,0.8289731651708759,0.9547972106549149,0.9547972106549149,0.8532716528779148,0.8532716528779148,0.9548887099578258,0.9548887099578258,0.8534826679437297,0.8534826679437297,0.5380754043856133,1.7891250000593928,1.3981575367803702,0.609375,383,DS09-GCaMP6f-m-V1,60.060060060065474,,,,,,,0.7698849151188842,0.008781731215678382
114,182.3851243405203,911.9573841858498,61.92709894966863,309.64627939128,0.9973953993864064,0.9973953993864063,0.9994258904080353,0.9994258904080353,0.9973184171874132,0.9973184171874128,0.9994311542917187,0.9994311542917187,3000.0,0.8618804426358956,0.8065409949661047,0.7610242175835681,0.7753972707412462,0.9800216986709128,0.9800216986709128,0.8812082884518871,0.8812082884518871,0.9799832942123659,0.9799832942123657,0.8809860896395596,0.8809860896395596,0.6131556933696524,1.5954006849844684,1.3342984842249126,0.636986301369863,384,DS09-GCaMP6f-m-V1,60.060060060065474,,,,,,,0.8583490269813147,0.005631917861628521
115,281.752007441167,1408.8091044938,90.81416553961405,454.086643041685,0.9988016454401257,0.9988016454401256,0.9998842496743228,0.9998842496743228,0.998809754356125,0.9988097543561255,0.9998943873517772,0.9998943873517772,3000.0,0.8433866232166708,0.8120005667146308,0.7573689317936019,0.7508813175547681,0.9869881173539901,0.9869881173539901,0.9488092022172806,0.9488092022172806,0.9869742734587172,0.9869742734587172,0.9487420342897245,0.9487420342897245,1.0260972827818673,0.9687685714607313,1.3665281630388928,0.6326530612244898,385,DS09-GCaMP6f-m-V1,60.060060060065474,,,,,,,0.8434725934217894,0.013557263201729949
116,216.36797309187529,1081.877546076947,1999.9303421320224,9999.999999777547,0.9977756911831284,0.9977756911831286,0.9995875800478433,0.9995875800478433,0.9911923034082415,0.9911923034082416,0.9931528450221511,0.9931528450221511,3000.0,0.7489107192484342,0.7507924629871586,0.7684233213359475,0.7574388469803143,0.9298905159643226,0.9298905159643227,0.8479516301096369,0.8479516301096369,0.9157066950509776,0.9157066950509776,0.8201469121998884,0.8201469121998884,0.5839578032091928,1.6831906475378906,1.2392455913534284,0.6690647482014388,387,DS09-GCaMP6f-m-V1,60.060060060065474,,,,,,,0.5525156477916857,200.91173496372426
117,84.76730543084531,423.8512894333789,1999.9303416643847,9999.999997439278,0.9871545871846337,0.9871545871846341,0.9984423338001674,0.9984423338001674,0.9655656535240962,0.9655656535240955,0.9744996088977794,0.9744996088977794,3000.0,0.8768801697072184,0.6911789847928117,0.8935287452513899,0.753840373863368,0.9870209213829935,0.9870209213829932,0.8870827465356997,0.8870827465356997,0.9865061319003608,0.9865061319003608,0.8841731886854267,0.8841731886854267,0.5047063870593738,1.9559975000649326,1.2193585556212738,0.7666666666666667,390,DS09-GCaMP6f-m-V1,60.060060060065474,,,,,,,0.8667319583572414,87.5404640845332
118,94.9301541390598,474.66730284089755,1999.9303018413275,9999.999798317056,0.9564052135083355,0.956405213508337,0.9990517217032391,0.9990517217032391,0.9342969037034383,0.9342969037034378,0.974664235386114,0.974664235386114,3000.0,0.8410078658907177,0.6096154359048271,0.9005616763951836,0.8265570988845115,0.9963101655879848,0.9963101655879847,0.9330531444117899,0.9330531444117899,0.9956362649756512,0.9956362649756514,0.9231840999409449,0.9231840999409449,0.7591451441719506,1.3067911602643754,1.2552528134117085,0.7403314917127072,391,DS09-GCaMP6f-m-V1,60.060060060065474,,,,,,,0.8354419197895194,100.1979708046212
119,96.29997434418365,481.51664242156045,1999.9293315660223,9999.994946771552,0.9933411670041096,0.9933411670041093,0.9991188592295837,0.9991188592295837,0.9326511874366034,0.932651187436605,0.9193612012728302,0.9193612012728302,3000.0,0.8282402325525773,0.9044742068475525,0.8393027171591567,0.9218455435691103,0.9963674947006431,0.9963674947006431,0.9079102380571697,0.9079102380571697,0.9960778210800545,0.9960778210800545,0.9001038977456963,0.9001038977456963,1.2513381497339844,0.7939076923340473,1.0780889784789718,0.8461538461538461,392,DS09-GCaMP6f-m-V1,60.060060060065474,,,,,,,0.5469003363079583,203.20685076512535
120,83.4147304361945,417.0881789083452,32.50918747781982,162.5515988843905,0.9974033048026344,0.9974033048026342,0.9997022309450293,0.9997022309450293,0.9973730898449036,0.9973730898449035,0.9997054384456352,0.9997054384456352,3000.0,0.7581305134174915,0.6698361504378768,0.7409123926836202,0.6326897360902688,0.8991111477091613,0.8991111477091613,0.7786127624964975,0.7786127624964975,0.8987794185425426,0.8987794185425426,0.7778921689959511,0.7778921689959511,0.5797866760434128,1.703817391360909,1.3990520375207471,0.7101449275362319,393,DS09-GCaMP6f-m-V1,60.060060060065474,,,,,,,0.799218521206801,0.002399563535795825
121,89.94961048626563,449.76371721214065,1999.9303222536819,9999.999900382381,0.9944584009673807,0.9944584009673811,0.9990722875970364,0.9990722875970364,0.9728822368984946,0.9728822368984955,0.9825078372839526,0.9825078372839526,3000.0,0.8661126701901114,0.7850679462578202,0.8982824090549711,0.7700580079696865,0.9922062696655685,0.9922062696655685,0.8452850250155965,0.8452850250155965,0.992157576964708,0.9921575769647081,0.8436371167712061,0.8436371167712061,0.6965782366852513,1.415486747034941,1.2132431905936478,0.7771084337349398,394,DS09-GCaMP6f-m-V1,60.060060060065474,,,,,,,0.9119471368100326,69.37069628594243
122,109.91370475001625,549.5876652903713,121.95266191472551,609.7845477058224,0.967083761352691,0.967083761352689,0.9700572663739696,0.9700572663739696,0.9671265480389157,0.967126548038917,0.9700560759310904,0.9700560759310904,3000.0,0.7601550427277005,0.6216448398932735,0.7623790589144285,0.6256645542999146,0.9864993373458646,0.9864993373458645,0.8720976924867304,0.8720976924867304,0.9864975145207011,0.9864975145207011,0.8720773837457636,0.8720773837457636,0.6006423118723125,1.010167132900667,1.081141550945402,0.8321678321678322,395,DS09-GCaMP6f-m-V1,60.060060060065474,,,,,,,0.7702706505490701,0.03537062298199796
123,183.68148477039412,918.4394120971967,1999.9303421674063,9999.99999995447,0.958591227904156,0.9585912279041551,0.9796770518439093,0.9796770518439093,0.9087412576305429,0.9087412576305424,0.9762585617347179,0.9762585617347179,3000.0,0.7446605576637835,0.563532329149422,0.7573210506748977,0.6070545700207065,0.9942290206639066,0.9942290206639066,0.9478348034697428,0.9478348034697428,0.9917287303492797,0.9917287303492797,0.9174737668392847,0.9174737668392847,0.6048134390380925,1.5472909722735873,1.2209331168907858,0.5972222222222222,397,DS09-GCaMP6f-m-V1,60.060060060065474,,,,,,,0.8909880715635302,78.72826708923613
124,130.92798531662098,654.6627277734727,105.93943222377783,529.7156105371381,0.9683388961941344,0.9683388961941333,0.999280531842368,0.999280531842368,0.968351410150228,0.9683514101502282,0.9992825513720345,0.9992825513720345,3000.0,0.7837154775977035,0.5944198659495838,0.7745568558512589,0.5764422026883447,0.9723393509851949,0.9723393509851946,0.8259050728950731,0.8259050728950731,0.972523299758536,0.9725232997585359,0.8263982649806851,0.8263982649806851,0.5255620228882735,1.8730016000621772,1.3211254607353529,0.712,401,DS09-GCaMP6f-m-V1,60.060060060065474,,,,,,,0.7789902681574267,0.024253851562995764
125,130.88658180367997,654.4557029983201,1999.9287308518017,9999.991943095838,0.9896655241580062,0.9896655241580065,0.9993470280577645,0.9993470280577645,0.9830896776265854,0.9830896776265856,0.9929787576117934,0.9929787576117934,3000.0,0.847052391407425,0.7978699612614816,0.835810419125778,0.7553903058157417,0.9728308161070475,0.9728308161070475,0.8250265145635313,0.8250265145635313,0.9727099492545462,0.9727099492545459,0.8241798571711505,0.8241798571711505,0.5923000575407527,1.661295035516142,1.2782885564035167,0.7304964539007093,402,DS09-GCaMP6f-m-V1,60.060060060065474,,,,,,,0.6522024906728778,163.02847436888888
126,55.293222008896265,276.4807317089234,35.196212718162144,175.9903708294432,0.9742303940378351,0.9742303940378358,0.9979801279408457,0.9979801279408457,0.9741801454602672,0.9741801454602669,0.9979802255226818,0.9979802255226818,3000.0,0.9020588011990988,0.7765976804489955,0.9001345977439531,0.7893451801924455,0.931449194908263,0.931449194908263,0.6277211963739345,0.6277211963739345,0.9315084019913655,0.9315084019913658,0.6280811280368989,0.6280811280368989,0.8151850318738257,1.1723628625128284,1.3370459243133246,0.6764705882352942,404,DS10-GCaMP6f-m-V1-neuropil-corrected,158.2804412858703,,,,,,,0.8084884997849893,0.0036062598394823557
127,55.79663985417678,278.9897375827893,111.14907400400133,555.7583945913021,0.9932809695975199,0.9932809695975197,0.9996496775396299,0.9996496775396299,0.993328790986785,0.9933287909867847,0.9995711120993742,0.9995711120993742,3000.0,0.7759278067141047,0.7854142376379495,0.7985134220314175,0.7776794058251599,0.9903395302983875,0.9903395302983873,0.6807919144391816,0.6807919144391816,0.9903543333462264,0.9903543333462265,0.6809911916591389,0.6809911916591389,1.7049551805701049,0.5601427330581212,1.2212441379790095,0.7632978723404256,405,DS10-GCaMP6f-m-V1-neuropil-corrected,158.2804412858703,,,,,,,0.9422448762852804,0.013259468457474307
128,124.78661191593268,623.9476822127189,56.69939350219634,283.5036116085569,0.9895895839028062,0.9895895839028057,0.9997501299090339,0.9997501299090339,0.989635494105892,0.9896354941058925,0.9998258725386348,0.9998258725386348,3000.0,0.883619567903399,0.9043623656776635,0.8104093375218353,0.8478358418955069,0.9986847788620097,0.9986847788620097,0.9034651021823513,0.9034651021823513,0.9986779105547158,0.9986779105547157,0.903463670847075,0.903463670847075,2.5596939846224918,0.38730595275943924,1.2898509261845206,0.7398230088495575,406,DS10-GCaMP6f-m-V1-neuropil-corrected,158.2804412858703,,,,,,,0.8925179073930567,0.004275918010227952
129,137.78077449929236,688.947123186797,1999.874405878125,9999.999808911767,0.9957138976221529,0.9957138976221529,0.9925831963301749,0.9925831963301749,0.873949951395864,0.8739499513958616,0.8845626044376789,0.8845626044376789,3000.0,0.8454462918599029,0.6247712460519906,0.8222258286479357,0.5631713046128844,0.998289299217843,0.9982892992178432,0.7276754733430196,0.7276754733430196,0.9982366469411846,0.9982366469411845,0.710368765413168,0.710368765413168,1.2118952233561122,0.6837101437707543,1.3964121446783055,0.7123287671232876,407,DS10-GCaMP6f-m-V1-neuropil-corrected,164.87545967278155,,,,,,,0.8024951701584304,157.15523841169775
130,61.998599479805854,310.0002624634158,36.56289555005625,182.81876223077853,0.8802204364146033,0.880220436414606,0.9938390247803736,0.9938390247803736,0.8806382690836703,0.8806382690836705,0.99383909430243,0.99383909430243,3000.0,0.9010213954073577,0.1694062770870579,0.9150973865642237,0.2091524422272142,0.9755385356366383,0.9755385356366384,0.6338207020124677,0.6338207020124677,0.9755596334355066,0.9755596334355066,0.6340328512301199,0.6340328512301199,0.5833931519722639,1.6781381212501931,1.2615259227631508,0.828125,408,DS10-GCaMP6f-m-V1-neuropil-corrected,158.2804412858703,,,,,,,0.643095801966967,0.004427262157806101
131,64.14155984949805,320.72476075435924,93.29407912643207,466.4950661915862,0.9952515370161751,0.9952515370161752,0.9999039373206401,0.9999039373206401,0.9953432300704345,0.9953432300704348,0.9998896642701641,0.9998896642701641,3000.0,0.9061395697368595,0.9350794772171245,0.9219855710730885,0.9469097297427752,0.9824574472086713,0.9824574472086712,0.8698334968946424,0.8698334968946424,0.9823216713181807,0.9823216713181807,0.8687097194105856,0.8687097194105856,2.1606360553548973,0.45710910992146814,1.2439059208836625,0.5661764705882353,411,DS10-GCaMP6f-m-V1-neuropil-corrected,158.2804412858703,,,,,,,0.8512131996324384,0.019527121962523666
132,98.14406773703425,490.73183931546373,73.13449825203934,365.6810612415049,0.9926082970564707,0.9926082970564696,0.9998188607979551,0.9998188607979551,0.9926082005059305,0.9926082005059305,0.99983207702044,0.99983207702044,3000.0,0.8362992679174608,0.8512274249643474,0.8304376449274693,0.8389045335116342,0.9979021555151063,0.9979021555151064,0.9053489155455459,0.9053489155455459,0.9980201288022823,0.9980201288022823,0.9120336820943015,0.9120336820943015,1.9536886949768841,0.4977024031949722,1.3862547004863848,0.7192575406032483,412,DS10-GCaMP6f-m-V1-neuropil-corrected,158.2804412858703,,,,,,,0.8281828791272323,0.009293887973258938
133,107.46968113066391,537.3821414043044,33.131426231409,165.66753142559847,0.9914344269202013,0.991434426920201,0.9991957772760283,0.9991957772760283,0.9907934009912993,0.9907934009912998,0.999237391338308,0.999237391338308,3000.0,0.8824747591383888,0.8870101708871453,0.8316362209956736,0.8638691324602098,0.9811004220814975,0.9811004220814973,0.7294615495225545,0.7294615495225545,0.981054468247357,0.9810544682473568,0.728991899749481,0.728991899749481,1.8796742239809086,0.5214033605428987,1.3422303342587598,0.6431718061674009,413,DS10-GCaMP6f-m-V1-neuropil-corrected,164.87545967278155,,,,,,,0.7886208092345675,0.0036136207748116264
134,65.36898265524322,326.8621993611028,237.665225881686,1188.3889772775926,0.9946684579233469,0.9946684579233473,0.9994917082926996,0.9994917082926996,0.9941185971721161,0.994118597172116,0.9991077401020033,0.9991077401020033,3000.0,0.8883514525657322,0.943128404982551,0.9014202152549917,0.9459787196509205,0.9798545372328367,0.9798545372328367,0.7839037972901742,0.7839037972901742,0.9779306032067877,0.9779306032067878,0.7780429379390198,0.7780429379390198,1.8282305083772208,0.5378093013623596,1.369826402910043,0.6565217391304348,414,DS10-GCaMP6f-m-V1-neuropil-corrected,158.2804412858703,,,,,,,0.7999918241675009,0.2812549318259291
135,51.91056496633038,259.55890776900833,135.84484513501366,679.2401441241102,0.9866619148671709,0.9866619148671709,0.9971090528639361,0.9971090528639361,0.986531274238757,0.9865312742387571,0.9970665611156145,0.9970665611156145,3000.0,0.8849728208085014,0.7481352790550553,0.9005329923067306,0.7487771942601693,0.9846651263949422,0.984665126394942,0.6835042708440582,0.6835042708440582,0.9846737821212016,0.9846737821212018,0.68343228809265,0.68343228809265,0.77333510842835,1.1493490045686414,1.5943051339158412,0.7411764705882353,416,DS10-GCaMP6f-m-V1-neuropil-corrected,158.2804412858703,,,,,,,0.7388091222603421,0.05328482408038757
136,84.50893793859211,422.5545925436784,96.07291432998898,480.3758295801928,0.9940266632110984,0.9940266632110983,0.9983180845864243,0.9983180845864243,0.9941096059111741,0.9941096059111743,0.9983176006107268,0.9983176006107268,3000.0,0.8722793786062819,0.40567307487781057,0.8763196922672861,0.40850088603002294,0.9922895047055221,0.992289504705522,0.6354468902925364,0.6354468902925364,0.992290436812649,0.9922904368126488,0.6353771037098888,0.6353771037098888,0.615050144714945,1.5965490505999076,1.3391813966176487,0.7333333333333333,417,DS10-GCaMP6f-m-V1-neuropil-corrected,158.2804412858703,,,,,,,0.6534282780647486,0.02746590496999416
137,139.31984298378134,696.6429487374189,158.6580162343539,793.3398854260588,0.9959852198944141,0.9959852198944144,0.9997719720094632,0.9997719720094632,0.9959371878689502,0.9959371878689506,0.999727477249828,0.999727477249828,3000.0,0.6654604881087716,0.6742810580138595,0.6511814259983061,0.66600997729108,0.9684470516973192,0.9684470516973194,0.9497021681097678,0.9497021681097678,0.9664695777229892,0.9664695777229892,0.9477529958151438,0.9477529958151438,4.938266930546335,0.1924055449658185,1.4240613037148224,0.5535117056856187,418,DS10-GCaMP6f-m-V1-neuropil-corrected,164.87545967278155,,,,,,,0.8963649804514714,0.06216286808841699
138,55.25334538809077,276.2732015885134,30.746276856320268,153.73498716429356,0.9927380950489859,0.9927380950489857,0.9991149924645273,0.9991149924645273,0.9928273351977451,0.9928273351977454,0.9991158101789741,0.9991158101789741,3000.0,0.9343004986295791,0.8510793397281566,0.9028510404299875,0.8192189738817387,0.9911160393111745,0.9911160393111746,0.7817881274454491,0.7817881274454491,0.9910839978358403,0.9910839978358402,0.7816434799297901,0.7816434799297901,1.5150132241140188,0.6265435299923117,1.3974763348395607,0.7275449101796407,419,DS10-GCaMP6f-m-V1-neuropil-corrected,158.2804412858703,,,,,,,0.7484185470000316,0.0027232158216071553
139,139.67380325778586,698.3853834195145,1999.9530580511125,9999.999646964565,0.9933008549706537,0.9933008549706543,0.9999411047326214,0.9999411047326214,0.9721505344108858,0.9721505344108854,0.9768335005335748,0.9768335005335748,3000.0,0.7329349099482038,0.8561353528257019,0.7618855543971159,0.8652540273783098,0.9955797238271115,0.9955797238271114,0.9829869313381158,0.9829869313381158,0.995562324984906,0.995562324984906,0.9828818413366501,0.9828818413366501,5.078686121432964,0.19652088273027515,1.331062968936738,0.6987522281639929,420,DS10-GCaMP6f-m-V1-neuropil-corrected,158.2804412858703,,,,,,,0.766382136535015,129.82735985750466
140,108.20080457468013,541.0167019632271,66.82409066289621,334.12828383525596,0.9834032847089229,0.9834032847089226,0.9976250275082207,0.9976250275082207,0.9835528006106016,0.9835528006106011,0.9976883092638482,0.9976883092638482,3000.0,0.3180597136975093,0.691619387311958,0.3015099429735127,0.6971859691086542,0.9939238944988721,0.9939238944988722,0.7307876039863506,0.7307876039863506,0.9939152367135377,0.9939152367135377,0.7306421633376354,0.7306421633376354,1.212010579291215,0.7107659242937983,1.0759966476130125,0.7902621722846442,421,DS10-GCaMP6f-m-V1-neuropil-corrected,158.2804412858703,,,,,,,0.8855976629711287,0.006109072436883979
141,83.12662132702174,415.6428475044387,49.707419125664856,248.54292039861696,0.9804037463544258,0.9804037463544262,0.998492682585052,0.998492682585052,0.9800875809232059,0.9800875809232065,0.9985324778391762,0.9985324778391762,3000.0,0.8053123287156669,0.7866606482924986,0.7811977310200162,0.7724399823290135,0.9944465916545614,0.9944465916545615,0.6703160451561055,0.6703160451561055,0.9944440516191219,0.9944440516191219,0.6708233726749485,0.6708233726749485,0.9677994924191046,1.0308722544160591,1.3925171081567163,0.7276995305164319,423,DS10-GCaMP6f-m-V1-neuropil-corrected,158.2804412858703,,,,,,,0.8912035620446829,0.0034009978536791766
142,58.457065237546935,292.29217625122584,1999.9531285762014,9999.999999598273,0.9742660977723729,0.9742660977723737,0.9987354082031675,0.9987354082031675,0.9343402411553904,0.9343402411553898,0.9886231351764213,0.9886231351764213,3000.0,0.9240090908000278,0.6348964708967898,0.9260939489147132,0.6339333599863385,0.9870065688002785,0.9870065688002785,0.6879701525157956,0.6879701525157956,0.9861604864738949,0.9861604864738949,0.6624565471501087,0.6624565471501087,0.7642902533590125,1.1759008921283245,1.2774195003364337,0.7857142857142857,424,DS10-GCaMP6f-m-V1-neuropil-corrected,158.2804412858703,,,,,,,0.834379348027003,104.81618747221121
143,137.52654549221648,687.6488429736302,87.96048355683843,439.81272509083897,0.9919640207107183,0.9919640207107187,0.9998553374762373,0.9998553374762373,0.9920978528818639,0.9920978528818643,0.9998942182143052,0.9998942182143052,3000.0,0.5986406505857466,0.8202435227780431,0.6075677672948568,0.818651717166246,0.9971815781243645,0.9971815781243645,0.9560348581890911,0.9560348581890911,0.9971768532280375,0.9971768532280375,0.9560157207881615,0.9560157207881615,4.228469744915246,0.2329807232838578,1.2250929751270838,0.7237687366167024,425,DS10-GCaMP6f-m-V1-neuropil-corrected,158.2804412858703,,,,,,,0.874922975415363,0.011616112517458003
144,162.6530155666733,813.2894601232953,15.751023247338317,78.75747737345966,0.9960343295296271,0.9960343295296269,0.9998917446882128,0.9998917446882128,0.9959544588821364,0.9959544588821363,0.9999008447481988,0.9999008447481988,3000.0,0.4266961562805752,0.3763858425627626,0.5951718681907551,0.5456096191276869,0.6788691751805904,0.6788691751805905,0.6565468227701593,0.6565468227701593,0.6841037783670193,0.6841037783670193,0.6578670167828687,0.6578670167828687,1.034133354179492,0.9494601434676246,1.207085844550765,0.5487179487179488,429,DS11-GCaMP6f-m-V1-neuropil-corrected,158.2804412858703,,,,,,,0.038013786404615724,0.011216876539546785
145,158.007418247498,790.0607771351612,90.7945717795813,453.9864693407586,0.9948072839780985,0.9948072839780983,0.999860356471907,0.999860356471907,0.9947615232573576,0.9947615232573577,0.999926202965882,0.999926202965882,3000.0,0.66858428520913,0.7765300644299781,0.6519981908897451,0.7617017072218045,0.9940365761584612,0.9940365761584613,0.9520667784750975,0.9520667784750975,0.9941281537752663,0.9941281537752663,0.9533554253010337,0.9533554253010337,6.568857275272793,0.15118870807404225,1.0734156105991812,0.729903536977492,431,DS11-GCaMP6f-m-V1-neuropil-corrected,158.2804412858703,,,,,,,0.9149405681224884,0.010862327814464534
146,56.19216676977832,280.9692572629742,34.11668047157829,170.58851657475225,0.9928332333072186,0.992833233307219,0.9428549962355958,0.9428549962355958,0.9927945302109582,0.9927945302109592,0.9428552840904176,0.9428552840904176,3000.0,0.9556423026732903,0.7149213014541748,0.9511596348215718,0.7054597075045245,0.99282155855282,0.9928215585528198,0.6949463689078771,0.6949463689078771,0.9927995341061707,0.9927995341061706,0.6945948804596784,0.6945948804596784,0.9602666860238139,0.5389762346151261,1.3440405228287082,0.7348066298342542,432,DS11-GCaMP6f-m-V1-neuropil-corrected,158.2804412858703,,,,,,,0.6616143054484416,0.004199412032605702
147,36.76340421098868,183.82253202550316,23.354717292124363,116.77708741931133,0.9883981214199092,0.9883981214199096,0.9993208542906765,0.9993208542906765,0.9884005039325992,0.9884005039325984,0.9993213463389203,0.9993213463389203,3000.0,0.6683963560056171,0.4123656451356408,0.6838743570558843,0.42523714488016606,0.9186181511246734,0.9186181511246733,0.6864435485692687,0.6864435485692687,0.9188664895959895,0.9188664895959897,0.6868764622603791,0.6868764622603791,0.590933345245424,1.5619650589882865,1.2037758919861563,0.6126126126126126,433,DS11-GCaMP6f-m-V1-neuropil-corrected,158.2804412858703,,,,,,,0.8358456572170463,0.001554206266509023
148,53.84905026973991,269.2533235209338,59.42486534331538,297.13323472415817,0.9982009925028001,0.9982009925027999,0.9999245226383905,0.9999245226383905,0.9982050205956156,0.9982050205956156,0.9999239148744145,0.9999239148744145,3000.0,0.7774468259163294,0.7032236916934459,0.7687605949928168,0.6985320049588003,0.9875058730171485,0.9875058730171486,0.9219840640220625,0.9219840640220625,0.9875142232651093,0.9875142232651092,0.9220168358666196,0.9220168358666196,2.711961959429892,0.3685270355816392,1.2854299486868197,0.6881091617933723,434,DS11-GCaMP6f-m-V1-neuropil-corrected,158.2804412858703,,,,,,,0.8195428464357927,0.006790057993789029
149,85.79706051186525,428.9981638567154,44.35042836805545,221.75879013388047,0.9980606056038727,0.9980606056038726,0.999963445631253,0.999963445631253,0.9980075579269931,0.998007557926993,0.9999715716350861,0.9999715716350861,3000.0,0.815370184493405,0.8592080356874587,0.7624905586934755,0.827162028088931,0.9891096567180919,0.9891096567180919,0.9563609976835964,0.9563609976835964,0.9890877889990177,0.9890877889990177,0.9562972587495181,0.9562972587495181,4.23150484720384,0.23203894704742278,1.1347962506338218,0.6379525593008739,436,DS11-GCaMP6f-m-V1-neuropil-corrected,158.2804412858703,,,,,,,0.8237221550931461,0.0040223377083805
150,52.01161545103787,260.06587398913354,92.96161517550745,464.8220111682268,0.9961156987926326,0.9961156987926321,0.9999096975121861,0.9999096975121861,0.9961215284048965,0.9961215284048967,0.9998844067966364,0.9998844067966364,3000.0,0.7592890236664177,0.8506633897485542,0.7651981681265986,0.8369036879364516,0.9867341372262084,0.9867341372262086,0.7926857631873755,0.7926857631873755,0.9867512971840199,0.98675129718402,0.7927592583020894,0.7927592583020894,2.1368571859321133,0.4685147578308641,1.247960670518212,0.6683168316831684,437,DS11-GCaMP6f-m-V1-neuropil-corrected,158.2804412858703,,,,,,,0.9022658561511478,0.01236948184826337
151,58.58211329092497,292.9193481305497,35.61810468067838,178.09586268930684,0.9978699170031649,0.997869917003165,0.9998262290725367,0.9998262290725367,0.9978700924192725,0.9978700924192723,0.9998271958533763,0.9998271958533763,3000.0,0.8772385510284624,0.8654934318456646,0.8691937826727179,0.8683082402272057,0.9662670944281601,0.9662670944281598,0.8678256438205727,0.8678256438205727,0.9662392795126683,0.9662392795126683,0.8677689707579047,0.8677689707579047,2.8966286298190873,0.3429154484480927,1.1429631124294202,0.6624087591240876,438,DS11-GCaMP6f-m-V1-neuropil-corrected,158.2804412858703,,,,,,,0.8206347601357015,0.0028868893386190296
152,43.567362908204316,217.84334545020982,34.83990783942322,174.20476182844004,0.9925277418377267,0.9925277418377264,0.9991893515552419,0.9991893515552419,0.9925201153998631,0.9925201153998626,0.9991893558935891,0.9991893558935891,3000.0,0.881725435184231,0.6113645583850221,0.8831791538627372,0.6256396376077726,0.9376633773144668,0.9376633773144667,0.643269411649192,0.643269411649192,0.9376117686569245,0.9376117686569245,0.6430409158349844,0.6430409158349844,0.5751047734977787,1.623974957221583,1.335380087681761,0.6666666666666666,439,DS11-GCaMP6f-m-V1-neuropil-corrected,158.2804412858703,,,,,,,0.8400869330322756,0.0025910723834374956
153,44.005737100998395,220.0352821280966,31.24943017412242,156.25183527602542,0.9196323886637032,0.9196323886637028,0.9989488013354074,0.9989488013354074,0.9195502055221592,0.9195502055221579,0.9989492164522313,0.9989492164522313,3000.0,0.8664711978185518,0.5664747652502341,0.8546311710363792,0.5345804359166016,0.9289415446207119,0.9289415446207117,0.7743679460874331,0.7743679460874331,0.9291459425124685,0.9291459425124686,0.775003367068638,0.775003367068638,0.9549904954412655,0.9421272822042874,1.1819429375447943,0.6,440,DS11-GCaMP6f-m-V1-neuropil-corrected,158.2804412858703,,,,,,,0.7963836165617536,0.0025786577455166864
154,51.28603115197709,256.4378437260537,31.223764493318203,156.12350302462366,0.994345803459938,0.9943458034599378,0.9996329465575502,0.9996329465575502,0.9943074146882414,0.9943074146882415,0.9996345355990539,0.9996345355990539,3000.0,0.8219182923107838,0.41048059259472175,0.8174896577260832,0.45579686954308735,0.9691223350965714,0.9691223350965714,0.8416474540546,0.8416474540546,0.9690133931898985,0.9690133931898985,0.8412072292025878,0.8412072292025878,0.9338857331110718,1.0260970366487034,1.199928859600333,0.5738636363636364,441,DS11-GCaMP6f-m-V1-neuropil-corrected,158.2804412858703,,,,,,,0.9194354756665398,0.0015079005845127027
155,60.361699645399476,301.817546669513,46.287630842250294,231.44509289868608,0.9884141723169635,0.9884141723169627,0.9991761204972941,0.9991761204972941,0.9884698815050423,0.9884698815050423,0.9991766956777036,0.9991766956777036,3000.0,0.851303636025897,0.8090326485151146,0.850339931434668,0.8195815495052171,0.9783122504918371,0.978312250491837,0.6607606814692428,0.6607606814692428,0.9783042962519747,0.9783042962519747,0.6607954998413308,0.6607954998413308,1.551200031269238,0.6107551624433464,1.2600939936661364,0.6621160409556314,442,DS11-GCaMP6f-m-V1-neuropil-corrected,158.2804412858703,,,,,,,0.6717070333452811,0.00652710917951748
156,54.89592679586898,274.4878630822508,24.681001981109972,123.40870967923028,0.9822653285403307,0.9822653285403304,0.9979734121671139,0.9979734121671139,0.9822261732923665,0.9822261732923669,0.9979745868038489,0.9979745868038489,3000.0,0.6223105098973478,0.37458335965734507,0.7271715779234291,0.4967722113185931,0.9344771339267495,0.9344771339267496,0.888882810529732,0.888882810529732,0.9337318152380671,0.9337318152380671,0.8875621634577319,0.8875621634577319,0.9022285896157812,0.9766642704440279,1.327866654627619,0.5941176470588235,444,DS11-GCaMP6f-m-V1-neuropil-corrected,158.2804412858703,,,,,,,0.1611710900725004,0.008562421718752001
157,47.840427426769494,239.20930859124576,1999.893806123134,9999.768822110085,0.9984564135372098,0.9984564135372095,0.9999174263090902,0.9999174263090902,0.9833270016904307,0.9833270016904314,0.9888522810374782,0.9888522810374782,3000.0,0.8520154181463896,0.927236267449554,0.7982906111346921,0.9154981823259446,0.922995785175463,0.922995785175463,0.7334072415056475,0.7334072415056475,0.9211790451379571,0.921179045137957,0.7254133029285141,0.7254133029285141,1.6303428900074644,0.608646181102018,1.151862496655796,0.6493506493506493,445,DS11-GCaMP6f-m-V1-neuropil-corrected,158.2804412858703,,,,,,,0.8379620961988736,110.48141258640642
158,43.68439424316743,218.42851966845632,25.019396567746377,125.10073333901516,0.9878865233133107,0.9878865233133105,0.9992875636439017,0.9992875636439017,0.987879717771492,0.9878797177714924,0.9992877307178681,0.9992877307178681,3000.0,0.8108801840210703,0.5882538248137078,0.826716296577142,0.6399278862875395,0.7182847022887233,0.7182847022887233,0.47616163906899606,0.47616163906899606,0.7179700161142418,0.7179700161142418,0.47546106847937775,0.47546106847937775,1.2135238339861385,0.814424244902695,1.3469197544195577,0.6506550218340611,446,DS11-GCaMP6f-m-V1-neuropil-corrected,158.2804412858703,,,,,,,0.8001234547982718,0.0019079086142219195
159,67.55271165649842,337.77368468436265,41.5990247758078,208.00135972704527,0.9969641491219046,0.9969641491219048,0.999876659857282,0.999876659857282,0.9969354944595992,0.996935494459599,0.9998778788506298,0.9998778788506298,3000.0,0.7039168393187633,0.7157655770721802,0.6933464852098022,0.7455650721090163,0.9680595247687094,0.9680595247687094,0.8578505601215558,0.8578505601215558,0.9680033222563862,0.9680033222563862,0.8576193798040412,0.8576193798040412,2.490361954962858,0.3982045422102334,1.2733663965355269,0.6369426751592356,447,DS11-GCaMP6f-m-V1-neuropil-corrected,158.2804412858703,,,,,,,0.8212798985874536,0.0036281514390721966
160,75.51749897222604,377.5988152141419,127.30397426894147,636.5389546823197,0.9959574429632532,0.9959574429632532,0.9997420720962565,0.9997420720962565,0.9960987034835669,0.9960987034835669,0.9997314009841282,0.9997314009841282,3000.0,0.8953157175506452,0.8988270490720086,0.9071390989594138,0.8925576434657084,0.9796651714875841,0.9796651714875841,0.685447369803979,0.685447369803979,0.9796673459865766,0.9796673459865766,0.6852532288844344,0.6852532288844344,0.7914285873822643,1.262599603314461,1.1729639789153465,0.5973154362416108,449,DS11-GCaMP6f-m-V1-neuropil-corrected,158.2804412858703,,,,,,,0.6314302636616884,0.062193616857051895
161,68.9946728518427,344.98370681641205,1999.8954614854051,9999.777099169585,0.9985467615252746,0.9985467615252746,0.9999303646258066,0.9999303646258066,0.9735734385631868,0.9735734385631862,0.9761957857188186,0.9761957857188186,3000.0,0.8465169575701665,0.8755821655957908,0.8632913392854115,0.856893907638755,0.9719860323642894,0.9719860323642895,0.8168948948666118,0.8168948948666118,0.9715660641510564,0.9715660641510564,0.8119571823686956,0.8119571823686956,2.8385905334110544,0.3477902049727209,1.2190875671128114,0.6312849162011173,450,DS11-GCaMP6f-m-V1-neuropil-corrected,158.2804412858703,,,,,,,0.9288461915773203,69.56138449290253
162,297.5350695148012,1487.7540273432098,115.7706393595854,578.8838110283781,0.9987999785275556,0.9987999785275559,0.9988705735598693,0.9988705735598693,0.9993155008790761,0.999315500879076,0.9998081352319694,0.9998081352319694,3000.0,0.9556832712495326,0.9214996421614448,0.9439687770459221,0.9073277657196339,0.9782946757586347,0.978294675758635,0.8884251676736565,0.8884251676736565,0.9821413264092479,0.982141326409248,0.9009788164753884,0.9009788164753884,1.1634194144218677,0.8556562935453407,1.1889113767648702,0.410958904109589,451,DS12-GCaMP6s-m-V1-neuropil-corrected,158.2804412858703,,,,,,,0.934303067483856,0.0210957249201745
163,235.40213470755566,1177.072922958188,216.72648614847805,1083.6897415996896,0.9972238456158186,0.9972238456158184,0.9993241405627612,0.9993241405627612,0.9973392556543248,0.9973392556543251,0.9994022897804756,0.9994022897804756,3000.0,0.8932730290830544,0.747544108732408,0.8921729564497013,0.7446591110694203,0.9924647597176512,0.992464759717651,0.8606648465932941,0.8606648465932941,0.9924646788814392,0.9924646788814392,0.8606672938159026,0.8606672938159026,0.981387805362664,0.952339209093971,1.3300582009978756,0.5609756097560976,453,DS12-GCaMP6s-m-V1-neuropil-corrected,158.2804412858703,,,,,,,0.8398764222605062,0.19076946405018835
164,310.1822121110704,1550.9930847177466,1999.5700911369272,9998.379219280585,0.997088547230386,0.9970885472303858,0.9983714316658322,0.9983714316658322,0.9673880269692935,0.9673880269692933,0.9707145258659621,0.9707145258659621,3000.0,0.8826670655945639,0.7431395953856798,0.8753539395641052,0.7106862907779027,0.9499265247122505,0.9499265247122505,0.837230059055539,0.837230059055539,0.9481139927862977,0.9481139927862977,0.8278219817705177,0.8278219817705177,0.9339012986515673,1.0059775869109915,1.4092148303468626,0.5384615384615384,455,DS12-GCaMP6s-m-V1-neuropil-corrected,158.2804412858703,,,,,,,0.8821112943850594,114.29524058953483
165,210.07241464905678,1050.4008729210827,81.77277205593577,408.8789634385122,0.9992483218317784,0.9992483218317786,0.9997962801513665,0.9997962801513665,0.9992936811753835,0.9992936811753839,0.9999054052890589,0.9999054052890589,3000.0,0.7616098269335375,0.7702249952281812,0.771890514375712,0.7781167860070293,0.9460883631022664,0.9460883631022665,0.858631862291918,0.858631862291918,0.9463885947416978,0.9463885947416978,0.8587293413830246,0.8587293413830246,1.5710709931780733,0.637514398369749,1.4665848168792166,0.5471698113207547,456,DS12-GCaMP6s-m-V1-neuropil-corrected,118.11973230288828,,,,,,,0.9209732138474434,0.00865472878995532
166,380.66912831307826,1903.4463051920607,52.21311408997261,261.0793776147553,0.9687757668705849,0.968775766870586,0.9969068186784845,0.9969068186784845,0.9717395613868703,0.9717395613868696,0.9982234451215726,0.9982234451215726,3000.0,0.3893989529137368,0.2834605136630108,0.35135424414405103,0.37715973490832905,0.9986563448557775,0.9986563448557774,0.9846420197048767,0.9846420197048767,0.9987829470194783,0.9987829470194786,0.9854946035625377,0.9854946035625377,3.0391364295101853,0.28042548573404835,1.411954813623518,0.6370757180156658,457,DS13-GCaMP6s-m-V1-neuropil-corrected,158.2804412858703,,,,,,,0.8449856724888931,0.006074560355494187
167,374.99551496128174,1875.0767381104781,1999.8942296799964,9999.999997710687,0.99365863075293,0.9936586307529303,0.9944472749069975,0.9944472749069975,0.9176500775369274,0.9176500775369252,0.9443698500929787,0.9443698500929787,3000.0,0.8462583433924049,0.9016955336085993,0.8476848068586142,0.8983180882515782,0.9989986176992025,0.9989986176992027,0.9627490929421223,0.9627490929421223,0.9989972142353979,0.9989972142353979,0.9624944759627516,0.9624944759627516,1.6936854060291135,0.5777899837137089,1.434125864384349,0.7276995305164319,458,DS13-GCaMP6s-m-V1-neuropil-corrected,158.2804412858703,,,,,,,0.7571637822431269,178.74464931814916
168,363.2530721593254,1816.3881985423266,90.56151642250106,452.83820641654296,0.9945628044023432,0.994562804402343,0.997650489386391,0.997650489386391,0.9954777124259605,0.9954777124259606,0.9993196286725707,0.9993196286725707,3000.0,0.9338969362430388,0.8418232765146899,0.9338267426727435,0.7441395440963023,0.9932982875486441,0.9932982875486445,0.9208195983420218,0.9208195983420218,0.9948278186955055,0.9948278186955055,0.9380105279662075,0.9380105279662075,1.1018111034274058,0.8500559311941908,1.4233212754298925,0.6808510638297872,459,DS13-GCaMP6s-m-V1-neuropil-corrected,155.17690322144148,,,,,,,0.7697305031698802,0.02363153017659199
169,332.7890567479447,1664.0332860253739,1999.894193614149,9999.99981737191,0.9852699100863833,0.9852699100863844,0.9882087828345949,0.9882087828345949,0.9180822141614163,0.9180822141614174,0.9184397837325421,0.9184397837325421,3000.0,0.7859281249709636,0.7244238228873652,0.7423760767117176,0.656746398585827,0.9931250331525914,0.9931250331525914,0.9577955388998971,0.9577955388998971,0.9930937027122374,0.9930937027122374,0.9574835673309985,0.9574835673309985,1.6303700637476515,0.6109156409251251,1.4637659582273412,0.7024390243902439,460,DS13-GCaMP6s-m-V1-neuropil-corrected,158.2804412858703,,,,,,,0.8992012933729256,104.77168292416272
170,371.8563503460334,1859.398480961197,1999.8744440486269,9999.99999977626,0.99852686800163,0.9985268680016299,0.9963985396703396,0.9963985396703396,0.9476881966370367,0.9476881966370355,0.9581158663498706,0.9581158663498706,3000.0,0.917302641295215,0.9129955115346015,0.9105998668476349,0.9018198775320505,0.9978004059618685,0.9978004059618684,0.9327071549849789,0.9327071549849789,0.997467026856474,0.9974670268564738,0.9189495534474225,0.9189495534474225,0.734910222909829,1.3089508213079806,1.5702535487877023,0.6407766990291263,462,DS13-GCaMP6s-m-V1-neuropil-corrected,141.32182257666992,,,,,,,0.8136438511884978,140.14259148259205
171,307.5041104816735,1537.6018683772088,1999.8942301119644,9999.99999987064,0.9951049894810536,0.9951049894810534,0.9970497758441922,0.9970497758441922,0.8996324797491991,0.8996324797491974,0.931132867095015,0.931132867095015,3000.0,0.8459480546246475,0.7120373833948059,0.8684441421237311,0.7300497305044369,0.9984349556032486,0.9984349556032488,0.9500211889072219,0.9500211889072219,0.9983924335760748,0.9983924335760748,0.9483845008140934,0.9483845008140934,1.0130454765033952,0.9491082943475062,1.3708915763974643,0.6771653543307087,463,DS13-GCaMP6s-m-V1-neuropil-corrected,158.2804412858703,,,,,,,0.9380810855200785,80.70880726556175
172,228.48322212219637,1142.4765304035557,1999.8934473527636,9999.996085867644,0.9922787070902779,0.9922787070902783,0.9995505900496037,0.9995505900496037,0.8924604713530679,0.8924604713530656,0.9617998156884359,0.9617998156884359,3000.0,0.7853852188114352,0.8671213042364703,0.7788632049564137,0.8371699142454317,0.9958380849691352,0.9958380849691351,0.9341355598421662,0.9341355598421662,0.9956576172686947,0.9956576172686946,0.9294993193335227,0.9294993193335227,1.9390323573697796,0.5146383517548944,1.2366081878614905,0.5942622950819673,466,DS13-GCaMP6s-m-V1-neuropil-corrected,158.2804412858703,,,,,,,0.8316271002899264,142.0902474899601
173,380.9404204348262,1904.7592065551612,1999.9400301956748,9999.999949401948,0.9896110274709349,0.9896110274709353,0.9994214773877073,0.9994214773877073,0.9746132382244144,0.9746132382244141,0.9829364697492522,0.9829364697492522,3000.0,0.6698218373755399,0.6588509879020649,0.6282433863148166,0.6370673931679355,0.9749295790341738,0.9749295790341738,0.9229748279234106,0.9229748279234106,0.9498723382512747,0.9498723382512747,0.8743607430211738,0.8743607430211738,1.4615047913659147,0.6853806133328689,1.1406545439317244,0.6702898550724637,467,DS13-GCaMP6s-m-V1-neuropil-corrected,158.2804412858703,,,,,,,0.8713330406839197,97.1418421897689
174,278.68507665171643,1393.4990783613048,1999.8942301308293,9999.99999996497,0.9935896749485603,0.9935896749485604,0.9904021012914263,0.9904021012914263,0.9296151838427217,0.9296151838427208,0.9564534612301892,0.9564534612301892,3000.0,0.9418611433518487,0.7523912686515434,0.9450060312344547,0.7660598135816292,0.9987447390620989,0.9987447390620992,0.9078033021205083,0.9078033021205083,0.998734479858428,0.9987344798584281,0.9061196596392285,0.9061196596392285,0.8310138674441913,0.9237728852403289,1.3428871286313722,0.7019230769230769,468,DS13-GCaMP6s-m-V1-neuropil-corrected,158.2804412858703,,,,,,,0.8390046917770664,138.1768346580701
175,438.323227686986,2191.6818447114642,1999.9400356846284,9999.999976847539,0.996267671305355,0.9962676713053545,0.9990907420154256,0.9990907420154256,0.9809629829018899,0.9809629829018899,0.9845252308807562,0.9845252308807562,3000.0,0.7900146035139003,0.7280670801129191,0.7761354206651683,0.7267892195557119,0.984076982844243,0.984076982844243,0.9571679217592259,0.9571679217592259,0.974509263207234,0.974509263207234,0.9322373121630447,0.9322373121630447,2.8016571993332153,0.35537206670595756,1.1790812824769068,0.569811320754717,469,DS13-GCaMP6s-m-V1-neuropil-corrected,158.2804412858703,,,,,,,0.8500844926893699,106.3622544607502
176,641.643105584543,3208.38520315307,1999.8941905032252,9999.99980181647,0.9896807459723647,0.9896807459723644,0.9901032489580999,0.9901032489580999,0.9196960000991079,0.9196960000991053,0.8986264574116625,0.8986264574116625,3000.0,0.922239874200348,0.9279271521909577,0.9211846519740404,0.9262950580001372,0.9988000307206801,0.9988000307206804,0.9845338175148717,0.9845338175148717,0.9987925184856729,0.9987925184856729,0.9844128785567092,0.9844128785567092,1.6224556459624686,0.5883101249232582,1.5422048516307123,0.6862745098039216,470,DS13-GCaMP6s-m-V1-neuropil-corrected,158.2804412858703,,,,,,,0.9062130794283682,101.57940361450095
177,282.07056341432207,1410.4274074278492,1999.6342767053811,9998.700164095999,0.99781626105646,0.99781626105646,0.9993327134200726,0.9993327134200726,0.9688618948566754,0.9688618948566754,0.970542149165041,0.970542149165041,3000.0,0.8614383208797666,0.8655986423469832,0.8614933360585878,0.8775079129742073,0.9772549235275035,0.9772549235275034,0.9196568556929771,0.9196568556929771,0.9760707259309606,0.9760707259309606,0.9143715702619538,0.9143715702619538,1.2504780100588784,0.7778812088675612,1.316230288773016,0.5159235668789809,472,DS13-GCaMP6s-m-V1-neuropil-corrected,158.2804412858703,,,,,,,0.839704491437645,136.61281148035818
178,514.1004178828974,2570.6380374299347,1999.8942300595686,9999.999999608648,0.9923793006023895,0.9923793006023899,0.9974076706327925,0.9974076706327925,0.9502209972419784,0.9502209972419772,0.9380492152927593,0.9380492152927593,3000.0,0.7141763915129055,0.7265546578081531,0.7115572065377977,0.7073854263514432,0.9962525534572073,0.9962525534572073,0.9776652428407838,0.9776652428407838,0.9962425711971001,0.9962425711971001,0.9776286641486832,0.9776286641486832,1.8044872550216724,0.5544171216466957,1.2424375379362242,0.6607929515418502,473,DS13-GCaMP6s-m-V1-neuropil-corrected,158.2804412858703,,,,,,,0.8121132283129882,152.26730389027827
179,328.69684447212825,1643.5334952359867,76.6587669004501,383.30532593555495,0.991537553038147,0.9915375530381465,0.9994133908345414,0.9994133908345414,0.9916355121819256,0.9916355121819251,0.9994774697057162,0.9994774697057162,3000.0,0.7727943805805197,0.5653546949096818,0.8020298620147872,0.6835706033252698,0.8614519082935503,0.8614519082935506,0.73358792282278,0.73358792282278,0.8655678105396304,0.8655678105396304,0.7377119987961813,0.7377119987961813,0.7070095380614894,1.3771779913579758,1.2017694225567717,0.48120300751879697,474,DS13-GCaMP6s-m-V1-neuropil-corrected,158.2804412858703,,,,,,,0.8836033964253838,0.008783468283712821
180,430.66350583230707,2153.382087217372,1999.9400402764925,9999.999999807547,0.9987692723363253,0.9987692723363252,0.9988042656141902,0.9988042656141902,0.9741881640556217,0.974188164055621,0.9719913143594893,0.9719913143594893,3000.0,0.8154532960721991,0.872500380205903,0.8249879737362189,0.8699405949775103,0.9925510155256992,0.9925510155256994,0.9647908545844117,0.9647908545844117,0.984056743143275,0.9840567431432751,0.9516980330180784,0.9516980330180784,1.503714316026302,0.6570181104355379,1.2161275005770464,0.6197183098591549,475,DS13-GCaMP6s-m-V1-neuropil-corrected,158.2804412858703,,,,,,,0.9146804199776126,77.61068579478355
181,421.88465222151746,2109.534823711356,109.22276962769084,546.1427308591369,0.9787462077929187,0.9787462077929185,0.9954994409753886,0.9954994409753886,0.9803614745931193,0.9803614745931188,0.9987451579902372,0.9987451579902372,3000.0,0.922296810658041,0.8417500957716992,0.9167986810910933,0.7919156806450546,0.9986045225351233,0.9986045225351237,0.9337627128240118,0.9337627128240118,0.9986083647717268,0.9986083647717263,0.9344568298536514,0.9344568298536514,0.9972166409330295,0.8683440864421516,1.4598122693334883,0.688,476,DS13-GCaMP6s-m-V1-neuropil-corrected,158.2804412858703,,,,,,,0.8787778890037471,0.025625253919745256
182,319.3464165026941,1596.7799537250048,143.66246576039427,718.3338643380932,0.9955164693835861,0.9955164693835866,0.9996229515695784,0.9996229515695784,0.995826321507334,0.9958263215073335,0.9999185100631699,0.9999185100631699,3000.0,0.8768917100241298,0.8612615444922501,0.8634458717003066,0.8449657759559567,0.9840349409356419,0.9840349409356419,0.9555306008273097,0.9555306008273097,0.9874712023528712,0.9874712023528713,0.9661513759889725,0.9661513759889725,1.688380986415497,0.5848285390021849,1.2406584319617713,0.5768025078369906,477,DS13-GCaMP6s-m-V1-neuropil-corrected,158.2804412858703,,,,,,,0.8609176169405995,0.04540386528468403
183,328.86944344398864,1644.4341830083813,1999.8941650770992,9999.999674679117,0.973451524776917,0.9734515247769164,0.9980332645731538,0.9980332645731538,0.8139399692973243,0.8139399692973251,0.8428680569639948,0.8428680569639948,3000.0,0.9104846556595327,0.7368156929836801,0.9133654457118675,0.780148173818273,0.9997174242972938,0.9997174242972938,0.9823379121814925,0.9823379121814925,0.9997154939105436,0.9997154939105436,0.9821772948414027,0.9821772948414027,1.8203160905920381,0.5289882232021402,1.3117050124264438,0.7248908296943232,479,DS13-GCaMP6s-m-V1-neuropil-corrected,158.2804412858703,,,,,,,0.9038268793481485,103.42537276915296
184,313.8755640004028,1569.4608208293603,1999.8942209242623,9999.9999539297,0.9944410991638634,0.9944410991638633,0.9976097682636785,0.9976097682636785,0.977902514286052,0.9779025142860518,0.9582105931238638,0.9582105931238638,3000.0,0.7662829748277081,0.5742819548388857,0.7153296235923781,0.5433985682825269,0.9777457296230377,0.977745729623038,0.9146343154257722,0.9146343154257722,0.964208177682926,0.964208177682926,0.8643044853900299,0.8643044853900299,1.258392427844061,0.6681314759248297,1.4681340051721017,0.6455696202531646,480,DS13-GCaMP6s-m-V1-neuropil-corrected,158.2804412858703,,,,,,,0.7982438400185712,157.25477436759112
185,325.5563995866084,1627.8680876246674,85.46649231882422,427.35506223713526,0.9895528709630993,0.9895528709630996,0.9956003157862409,0.9956003157862409,0.9928300172276043,0.992830017227604,0.9986801459749464,0.9986801459749464,3000.0,0.9123387698294494,0.7586957856850751,0.8925408625941713,0.7653003191839658,0.9986589719104346,0.9986589719104346,0.9005529433940568,0.9005529433940568,0.9986647991394865,0.9986647991394865,0.9016517217380734,0.9016517217380734,1.2821356811996094,0.7532957620447482,1.2762900166296274,0.7391304347826086,482,DS13-GCaMP6s-m-V1-neuropil-corrected,158.2804412858703,,,,,,,0.8333336589342142,0.01725462850153498
186,841.6318023348937,4208.305582378191,228.58372732209403,1142.958444609265,0.9907362766513734,0.9907362766513732,0.9950097983051197,0.9950097983051197,0.9896436512815021,0.989643651281502,0.9993317834987185,0.9993317834987185,3000.0,0.9147599731628592,0.8636823710796954,0.8082748069995283,0.7759973934293088,0.9997726798464466,0.9997726798464467,0.9921157002406119,0.9921157002406119,0.9997725518043187,0.9997725518043187,0.9921126426623327,0.9921126426623327,0.6340113291985521,1.518190066275564,1.120364650097924,0.695364238410596,486,DS14-GCaMP6s-m-V1,60.060060060065474,,,,,,,0.8209879057893125,0.1697177683529438
187,504.7967726799878,2524.0717740729933,162.12755201525326,810.6659946906493,0.9956922674515424,0.9956922674515426,0.998585215227008,0.998585215227008,0.9965356947459166,0.9965356947459167,0.9989141913244277,0.9989141913244277,3000.0,0.8797807522474561,0.8491031980435046,0.8062196257808932,0.8379144482468712,0.9884224407023784,0.988422440702378,0.9178268974593475,0.9178268974593475,0.9885265182492436,0.9885265182492438,0.918561726199718,0.918561726199718,0.5505887858829531,1.7826832061660491,1.482350146263622,0.6717557251908397,488,DS14-GCaMP6s-m-V1,60.060060060065474,,,,,,,0.8439192088928353,0.05920755841858899
188,496.3575346158703,2481.8741140538295,1999.9302838352114,9999.999708283336,0.9981507841498634,0.9981507841498632,0.9984487040828279,0.9984487040828279,0.9872305744002712,0.9872305744002707,0.981088144096866,0.981088144096866,3000.0,0.9045574723828975,0.7968403552763921,0.9105613444177438,0.792879022379072,0.9846824875666036,0.9846824875666036,0.8909958643904766,0.8909958643904766,0.9826681531922825,0.9826681531922823,0.8698608114202663,0.8698608114202663,0.48802187839625394,1.65779482764124,1.3750282626143215,0.6293103448275862,490,DS14-GCaMP6s-m-V1,60.060060060065474,,,,,,,0.6948888742320825,147.93095142955988
189,339.78164316289923,1698.9673889997441,1999.9301707326167,9999.999142750668,0.8845731280665889,0.8845731280665861,0.878188330237209,0.878188330237209,0.7033531212630642,0.7033531212630639,0.7682899644194716,0.7682899644194716,3000.0,0.7588579409779371,0.7638888608864578,0.7883215740271896,0.7435539322631239,0.9986217440233298,0.9986217440233296,0.964224608143434,0.964224608143434,0.9985225704982262,0.9985225704982262,0.9616959795745661,0.9616959795745661,0.5505887858829531,1.8058938931897202,1.2660990582555016,0.7175572519083969,492,DS14-GCaMP6s-m-V1,60.060060060065474,,,,,,,0.7832814672336764,119.26906274167753
190,1875.4938626200765,9377.795931527235,1999.9303421609702,9999.999999922287,0.9781774090606121,0.9781774090606111,0.9827780276753426,0.9827780276753426,0.9758007778979978,0.9758007778979978,0.981048411100272,0.981048411100272,3000.0,0.8987258136077158,0.9153925148132657,0.898737280308805,0.9139336921556276,0.9993247057670833,0.9993247057670833,0.9856925004727747,0.9856925004727747,0.9993130828272373,0.9993130828272373,0.9855079685447674,0.9855079685447674,0.7549740170061706,1.3149400000436517,1.2352316750493404,0.6111111111111112,495,DS14-GCaMP6s-m-V1,60.060060060065474,,,,,,,0.8859974993047331,80.77161904198606
191,730.7044333605753,3653.6494194360503,1999.9301934282591,9999.999256232833,0.962515849391441,0.9625158493914441,0.9961836658288791,0.9961836658288791,0.9356702976417692,0.9356702976417691,0.9592173141263677,0.9592173141263677,3000.0,0.8825070272656508,0.9509205683195647,0.8777583338570519,0.9502798858946799,0.9130949999949837,0.9130949999949834,0.9205650727929308,0.9205650727929308,0.7476626586484136,0.7476626586484136,0.8159667347579367,0.8159667347579367,0.9843860111240678,1.016284680884801,1.188220254488417,0.6,496,DS14-GCaMP6s-m-V1,60.060060060065474,,,,,,,0.755816165732179,128.34195509648833
192,1075.6058898648334,5378.2167667612775,135.06712107286828,675.3591273877847,0.990412310925727,0.9904123109257271,0.9929298912776485,0.9929298912776485,0.988549812102777,0.9885498121027775,0.999683579418356,0.999683579418356,3000.0,0.9297238970955587,0.9517185314133014,0.8831387398671932,0.723619987744656,0.9999231515476696,0.9999231515476694,0.9979422129343043,0.9979422129343043,0.9999282264074421,0.9999282264074418,0.9982590569365374,0.9982590569365374,1.6809642478093192,0.5965746268854759,1.1472648371815564,0.7114427860696517,497,DS14-GCaMP6s-m-V1,60.060060060065474,,,,,,,0.7942838498248327,0.04354612641267017
193,1357.7234659929886,6788.713260919573,1999.971695466258,9999.999786809094,0.9928011358139751,0.9928011358139751,0.9968864186573607,0.9968864186573607,0.9916781842041186,0.9916781842041185,0.9938583865003103,0.9938583865003103,3000.0,0.9255978525711321,0.872889529226996,0.9216796262211281,0.8694908421272525,0.9754900030400206,0.9754900030400206,0.988264338563834,0.988264338563834,0.964701531410387,0.964701531410387,0.9789270075584763,0.9789270075584763,2.0638069113030917,0.4795040605095542,1.2358618155692438,0.678343949044586,501,DS15-GCaMP6s-m-V1,59.105,,,,,,,0.8422822673326933,61.46084247660292
194,1575.6694065247948,7878.45836271006,1999.971738095254,9999.999999957085,0.9969901129353398,0.9969901129353401,0.9979406777248281,0.9979406777248281,0.9963297704631497,0.9963297704631497,0.9970965175702073,0.9970965175702073,3000.0,0.9558654999290559,0.9578737785940047,0.9551191628000355,0.9554715927107644,0.9978868621193145,0.9978868621193145,0.9954095394845303,0.9954095394845303,0.9975943335972777,0.9975943335972774,0.994893222065617,0.994893222065617,2.5202415344870692,0.39569734680573665,1.130503576323815,0.6838331160365059,502,DS15-GCaMP6s-m-V1,59.105,,,,,,,0.8076432446343703,69.37712894988353
195,1481.4430133258254,7407.319739079783,1999.9717077660937,9999.99984830914,0.9959146058733679,0.9959146058733684,0.9984387537403195,0.9984387537403195,0.995431278387737,0.9954312783877362,0.9974692324284986,0.9974692324284986,3000.0,0.9199306978404097,0.8506536590474864,0.9222895330995122,0.8521040798141843,0.9978085476624433,0.9978085476624435,0.9855378008334755,0.9855378008334755,0.9975239267766018,0.9975239267766017,0.9826897347055943,0.9826897347055943,2.0358954415400428,0.4709112187247781,,0.831315577078289,503,DS15-GCaMP6s-m-V1,59.105,,,,,,,0.8539014086836549,58.732454038204594
196,1324.8179688718044,6624.180265091274,1999.972699664363,9999.99999933572,0.9988038392595886,0.9988038392595893,0.9985046843334374,0.9985046843334374,0.9982252090513571,0.998225209051357,0.9972264199217498,0.9972264199217498,3000.0,0.9227483430426056,0.9321619173615865,0.9128400137429791,0.9288945184607066,0.998193213222291,0.998193213222291,0.9967024512611503,0.9967024512611503,0.9981881327836436,0.9981881327836436,0.9966759732884449,0.9966759732884449,4.40814594849857,0.22667411020104242,1.0100005825501,0.7174236783320923,504,DS15-GCaMP6s-m-V1,59.058,,,,,,,0.8263887531082884,64.8461872051942
197,2052.388400722367,10262.08208207274,1999.9722791898196,9999.997896934303,0.9985220113843115,0.9985220113843114,0.9968434740712045,0.9968434740712045,0.9985735773887143,0.9985735773887141,0.9970038742767562,0.9970038742767562,3000.0,0.9282731894936898,0.8959953929474455,0.928302496223334,0.8958288275982229,0.997214270514769,0.9972142705147691,0.9868378134640552,0.9868378134640552,0.997226883435829,0.9972268834358291,0.9869004969299515,0.9869004969299515,3.715835717658824,0.26052252650176677,,0.7495583038869258,505,DS15-GCaMP6s-m-V1,59.058,,,,,,,0.8840645925916093,50.91598883546344
198,3181.3780808940855,15907.374558275693,1999.9390360918562,9999.999538529904,0.987561233562557,0.9875612335625561,0.9635375598831222,0.9635375598831222,0.994866254086591,0.994866254086591,0.9756931769155895,0.9756931769155895,3000.0,0.8574055788741088,0.742780352656736,0.8713782965846206,0.7308728481133726,0.9960530015174379,0.9960530015174378,0.9892471066067529,0.9892471066067529,0.9970042094945082,0.997004209494508,0.991633213600832,0.991633213600832,2.3401886190145733,0.41902491228070177,1.133298409791621,0.7578947368421053,506,DS15-GCaMP6s-m-V1,59.058,,,,,,,0.8486712174023481,93.26690100362299
199,1656.6137793333266,8283.209945865723,1999.9652139637467,9999.996353016397,0.997424594905892,0.9974245949058919,0.998307811380928,0.998307811380928,0.996692513374753,0.9966925133747526,0.9976810348395249,0.9976810348395249,3000.0,0.8305425305600245,0.7551529735866072,0.828687595766634,0.7520025289317398,0.9772998225302719,0.9772998225302719,0.930421128927062,0.930421128927062,0.9770770583981055,0.9770770583981053,0.9294520456092643,0.9294520456092643,1.251317398746594,0.796208719849624,1.2985924191716265,0.7398496240601504,507,DS15-GCaMP6s-m-V1,59.06180544984861,,,,,,,0.8426928635665196,65.31787932244616
200,1612.5355225812116,8062.791547794813,1999.9716659461953,9999.999639206693,0.9989261462893543,0.9989261462893546,0.9971171878145758,0.9971171878145758,0.998467741886874,0.9984677418868746,0.9959823102677408,0.9959823102677408,3000.0,0.924307088063412,0.9236826485656655,0.9177280779311546,0.9192565319047022,0.9965472372281519,0.9965472372281522,0.9919341462569504,0.9919341462569504,0.9958765534590892,0.9958765534590893,0.9914108926840176,0.9914108926840176,2.9438391344204007,0.338979453125,1.007059234555261,0.7349330357142857,508,DS15-GCaMP6s-m-V1,59.105,,,,,,,0.822793397326807,66.23621996095038
201,1459.246992043754,7296.428214630166,1999.9470274843432,9999.999999085112,0.9953420136101353,0.9953420136101354,0.9878065320455128,0.9878065320455128,0.9918604893380567,0.9918604893380568,0.9803877920489015,0.9803877920489015,3000.0,0.9070910151562568,0.8809348841849877,0.9129378283465125,0.889030289408543,0.9862459553373222,0.9862459553373222,0.96890423030393,0.96890423030393,0.9830510680980942,0.9830510680980942,0.9634029727671878,0.9634029727671878,3.1380340130298667,0.3171840437001595,1.096568634983021,0.7208931419457735,509,DS15-GCaMP6s-m-V1,59.058,,,,,,,0.8076711950333998,121.06126856153597
202,4976.208182872191,24882.291810054096,117.39113678921518,586.985193175197,0.9366646773667615,0.9366646773667617,0.8936504774538816,0.8936504774538816,0.9930898672375494,0.993089867237549,0.9998091434029074,0.9998091434029074,3000.0,0.8972430213538249,0.9188758523166254,0.5943150736009368,0.6059474807575942,0.9908768784641444,0.9908768784641445,0.9867786815035213,0.9867786815035213,0.9980376740638658,0.9980376740638658,0.9966391175111728,0.9966391175111728,2.813679367936793,0.3559071263157895,0.9213093449778191,0.4926315789473684,510,DS16-GCaMP6s-m-V1,59.105,,,,,,,0.7482815838607976,0.0407180504464651
203,906.1638175448694,4531.04687490185,1999.8994532653212,9999.999991598714,0.9959251918620283,0.9959251918620283,0.9957031826993028,0.9957031826993028,0.9797096782694404,0.9797096782694413,0.9641572776946967,0.9641572776946967,3000.0,0.8886049801517086,0.8409587749691273,0.863401068530543,0.8290091551464724,0.9914092983855467,0.9914092983855469,0.9490433626497656,0.9490433626497656,0.9851142246816269,0.9851142246816269,0.9401677910833035,0.9401677910833035,5.9820242024202415,0.16451789317507418,0.8155887223553469,0.6201780415430267,511,DS16-GCaMP6s-m-V1,59.105,,,,,,,0.7976521359907606,134.44027957263205
204,1502.1911704687088,7511.333466059923,1999.8994549265058,9999.999999905054,0.9900539230952904,0.9900539230952907,0.9858110942936751,0.9858110942936751,0.9839712397848159,0.9839712397848162,0.9743684525765935,0.9743684525765935,3000.0,0.9412471046858785,0.8925278057705099,0.9397506174409176,0.8886271667113634,0.9938927618997231,0.9938927618997229,0.9763627958128965,0.9763627958128965,0.9930335944836393,0.9930335944836393,0.9727191694606302,0.9727191694606302,5.154471447144714,0.19363623421354764,1.010441742441411,0.6555683122847302,512,DS16-GCaMP6s-m-V1,59.105,,,,,,,0.8915853682004918,93.28277997498809
205,,,1999.899454945252,9999.99999999879,,,,,0.9953688877052389,0.995368887705239,0.9961655585560051,0.9961655585560051,3000.0,,,0.5455451686690717,0.5301286949695677,,,,,0.8425465774074586,0.8425465774074586,0.8520214332311951,0.8520214332311951,12.407380238023801,0.08055591039084843,1.0313344638012556,0.5362249761677789,513,DS16-GCaMP6s-m-V1,59.105,,,,,,,0.8729165104926632,101.84628770838714
206,1984.8924520586606,9924.961213176377,1999.3027683887553,9997.01641722406,0.9740524223550094,0.9740524223550089,0.9814749661536613,0.9814749661536613,0.9737871888201373,0.9737871888201367,0.9812111765836481,0.9812111765836481,3000.0,0.8091063004848631,0.7934353139808962,0.8091492756115223,0.7934353139808962,0.9510669811151763,0.9510669811151763,0.9010577509511897,0.9010577509511897,0.9507937796135173,0.9507937796135174,0.9009225010670538,0.9009225010670538,3.8540314031403136,0.25795783410138245,1.1042945332303764,0.6374807987711214,514,DS16-GCaMP6s-m-V1,59.105,,,,,,,0.9094671440864157,84.14258795835792
207,743.1980248935579,3716.1769460745877,1999.8994535508452,9999.999993026406,0.9991183216439599,0.9991183216439596,0.9968099703854956,0.9968099703854956,0.9916760663013766,0.9916760663013766,0.9820634672975646,0.9820634672975646,3000.0,0.9290764750091685,0.8980761692191253,0.9221070091609556,0.8918160108003883,0.9776966862508708,0.977696686250871,0.9708217049295287,0.9708217049295287,0.9547694352902455,0.9547694352902453,0.9456281229651984,0.9456281229651984,8.358282828282826,0.11947832271762207,0.8189836346907657,0.4989384288747346,515,DS16-GCaMP6s-m-V1,59.105,,,,,,,0.8408947898822987,116.10774591853374
208,9084.774197017556,45426.154672686556,1999.899449550103,9999.99997302169,0.9201963393708615,0.9201963393708655,0.8892883892105405,0.8892883892105405,0.9962515785686993,0.9962515785686994,0.9941933102178631,0.9941933102178631,3000.0,0.8637069359978131,0.8806305288129068,0.8403761628024189,0.8338956427612063,0.9967801075317924,0.996780107531792,0.9974169471568651,0.9974169471568651,0.99791002959161,0.99791002959161,0.997898898575307,0.997898898575307,2.8018571857185717,0.3507144608879493,0.8966191861811262,0.46511627906976744,516,DS16-GCaMP6s-m-V1,59.105,,,,,,,0.8163335126880524,126.60984042864695
209,1031.7381120128941,5158.949913514594,1999.8533097643349,9999.769262494447,0.9966353033039581,0.9966353033039583,0.9945466264658153,0.9945466264658153,0.9881932523820482,0.9881932523820485,0.9828345874296666,0.9828345874296666,3000.0,0.8533646053669061,0.8224049526556338,0.8449688047878754,0.8100567353820538,0.9923786326931888,0.9923786326931886,0.9823019189011354,0.9823019189011354,0.9922018858139598,0.9922018858139598,0.9819756413482358,0.9819756413482358,8.110017001700168,0.12336149452954047,1.0563109350497761,0.6630196936542669,517,DS16-GCaMP6s-m-V1,59.105,,,,,,,0.8837233820786029,96.81655098108564
210,801.1462644625278,4005.9327106740097,1999.8994548854143,9999.999999699587,0.9975418608394672,0.9975418608394672,0.9947723597110563,0.9947723597110563,0.9750911178764889,0.9750911178764883,0.9733085022746022,0.9733085022746022,3000.0,0.940562229755664,0.7514424482168515,0.9400526781514696,0.7471806999741288,0.9837057993127668,0.9837057993127668,0.9020973135012824,0.9020973135012824,0.970763708334954,0.970763708334954,0.8562607420820179,0.8562607420820179,2.5949689968996896,0.37142061643835617,1.0260082566565973,0.769406392694064,518,DS16-GCaMP6s-m-V1,59.105,,,,,,,0.8480033572723399,113.00755692037475
211,199.5468041576728,997.7755982363898,99.22416719905367,496.1415102810432,0.9984129713652927,0.9984129713652927,0.9987822401684892,0.9987822401684892,0.9983915252796485,0.9983915252796483,0.9988089859489588,0.9988089859489588,3000.0,0.8791086725670834,0.8069183703375751,0.8248291580953035,0.8274229844008603,0.9983348883563123,0.9983348883563125,0.9539391567620469,0.9539391567620469,0.9983895764004866,0.9983895764004866,0.9563132020423979,0.9563132020423979,1.9709975831319697,0.5027351695082145,0.8649056680554563,0.8728813559322034,519,DS17-GCaMP5k-m-V1,50.000000000001066,,,,,,,0.830902148517666,0.017522749116160773
212,361.1348191916082,1805.7493417843953,1999.9164935648582,9999.99916918124,0.9969153210975759,0.9969153210975756,0.9996486050994193,0.9996486050994193,0.9836428967021272,0.9836428967021276,0.9844885820779118,0.9844885820779118,3000.0,0.7481249800386509,0.7457768292939576,0.8080491064299192,0.7890118684897538,0.9963788387562416,0.9963788387562416,0.987409265215989,0.987409265215989,0.9963734519262083,0.9963734519262082,0.9873816075223073,0.9873816075223073,1.6876406367197627,0.5836891089302675,1.0018033685174934,0.7376237623762376,520,DS17-GCaMP5k-m-V1,50.000000000001066,,,,,,,0.8353985131427838,98.85704413504945
213,240.54601833453003,1202.7802116914468,103.92618626813051,519.6525853361968,0.9931660890151934,0.9931660890151928,0.9994834154173741,0.9994834154173741,0.9932770219160121,0.9932770219160123,0.9995273615598267,0.9995273615598267,3000.0,0.8107111036394055,0.7936324104748266,0.7478869494121669,0.7674309480179381,0.998880004008794,0.998880004008794,0.9774359209901471,0.9774359209901471,0.9988779025452456,0.9988779025452453,0.9774012473694043,0.9774012473694043,2.1668472372698186,0.4545591522308894,1.1278104200139165,0.8246628131021194,521,DS17-GCaMP5k-m-V1,50.000000000001066,,,,,,,0.8616694382207297,0.01736484272029124
214,352.6609378869508,1763.4884244237162,1999.791623222705,9999.999999839069,0.9594139758700884,0.9594139758700904,0.9960776112689883,0.9960776112689883,0.8030721784952009,0.8030721784952066,0.7171223475794862,0.7171223475794862,3000.0,0.9000253943476157,0.8476299240091074,0.9175552216167927,0.8364848975160399,0.998109234790302,0.998109234790302,0.9837569000151699,0.9837569000151699,0.9966673938192994,0.9966673938192994,0.9750555592954775,0.9750555592954775,3.021462804751054,0.32583287197155897,0.9954490958403311,0.6851211072664359,522,DS17-GCaMP5k-m-V1,50.000000000001066,,,,,,,0.6443452983837585,259.23968427533464
215,213.23399407738248,1066.2143996893183,1999.3163870936921,9996.998511787597,0.9836374645595491,0.9836374645595491,0.9991218100063787,0.9991218100063787,0.9737116435632083,0.9737116435632086,0.9891994908699873,0.9891994908699873,3000.0,0.8313094434365681,0.6161044437033986,0.8370430734327957,0.5428150825690827,0.9921213107008497,0.99212131070085,0.9626448442602239,0.9626448442602239,0.9914586765766559,0.991458676576656,0.9585904018919572,0.9585904018919572,0.6875572964413847,1.4322396341938868,1.2643323178454744,0.75,523,DS17-GCaMP5k-m-V1,50.000000000001066,,,,,,,0.8480838122174629,94.17518665108952
216,171.38593732833593,856.9743253709752,44.51644917369392,222.5938405054325,0.9958050239378886,0.9958050239378878,0.9991760392909377,0.9991760392909377,0.9953548252324417,0.9953548252324413,0.9992541268823539,0.9992541268823539,3000.0,0.9000382176535776,0.7231260969307666,0.7884765836968518,0.6536282482692831,0.9993199516787672,0.9993199516787672,0.9446555425811554,0.9446555425811554,0.9994025960144555,0.9994025960144556,0.9571786632422875,0.9571786632422875,2.062714866131933,0.46470430381289496,0.8685267141571263,0.850632911392405,524,DS17-GCaMP5k-m-V1,50.000000000001066,,,,,,,0.8166735040352813,0.004106041260426269
217,307.5352878370629,1537.7405170466475,1999.9166596893829,9999.999999838477,0.9964177206894136,0.9964177206894136,0.9989748155574942,0.9989748155574942,0.9725483310111969,0.9725483310111973,0.9829779523069734,0.9829779523069734,3000.0,0.6353877053639314,0.6369248000705457,0.6472230394216049,0.5999716006117728,0.9985674678160485,0.9985674678160481,0.966596861009408,0.966596861009408,0.9953249972137045,0.9953249972137045,0.8836556142571438,0.8836556142571438,1.5126260521710466,0.6220464088604288,0.9984437991082241,0.8121546961325967,526,DS17-GCaMP5k-m-V1,50.000000000001066,,,,,,,0.8049922510960066,110.12982213080758
218,686.4821192183801,3432.9837152430277,53.92045673716723,269.64729992956404,0.9792658385716694,0.9792658385716694,0.9707542311350034,0.9707542311350034,0.999088060678472,0.9990880606784718,0.9993303540729201,0.9993303540729201,3000.0,0.7876434557263468,0.5774109120414489,0.8228920134955783,0.6945667492672501,0.9664760276574453,0.9664760276574456,0.9717270948892685,0.9717270948892685,0.9954325714492682,0.9954325714492682,0.9925523798327629,0.9925523798327629,6.176961602671118,0.15815434782608695,0.9090745030681721,0.75,545,DS18-R-CaMP-m-CA3,20.0,,,,,,,0.7518219774041888,0.017225830813531195
219,474.01777379758477,2370.484609323371,35.94428705609966,179.75144386879032,0.9868703334853413,0.9868703334853414,0.972700281775008,0.972700281775008,0.9985236560283873,0.9985236560283872,0.9989467494576368,0.9989467494576368,3000.0,0.9489814467608819,0.9539832459815243,0.9398916780295952,0.9539832459815243,0.9422314321914125,0.9422314321914125,0.9086391346126244,0.9086391346126244,0.9926841252133585,0.9926841252133585,0.9885731664639251,0.9885731664639251,4.3405676126878125,0.22577286821705428,0.9602750414674748,0.7364341085271318,552,DS18-R-CaMP-m-CA3,20.0,,,,,,,0.7191088847649946,0.009774715175807228
220,646.0903948179096,3230.99137164742,32.34001528584795,161.72707594108303,0.9546742174299381,0.9546742174299377,0.939541637260197,0.939541637260197,0.9886877181812062,0.9886877181812062,0.9985818456233824,0.9985818456233824,3000.0,0.8454080802405938,0.7782494901428225,0.857884540354015,0.7698812160552653,0.8933422852599842,0.8933422852599842,0.8561767045068258,0.8561767045068258,0.9925376640187754,0.9925376640187754,0.9932924870586161,0.9932924870586161,3.6393989983305506,0.2768583333333333,1.1715700874460981,0.6759259259259259,553,DS18-R-CaMP-m-CA3,20.0,,,,,,,0.6744385330345022,0.009407193093219674
221,158.16125181562325,790.9383022003536,107.71333787117271,538.6566153350516,0.9992452034139975,0.9992452034139976,0.9994184370508752,0.9994184370508752,0.9989679700608897,0.9989679700608896,0.9995764478613722,0.9995764478613722,3000.0,0.9007267633507923,0.9748243359065808,0.925325760566279,0.991631652042901,0.9967950663056764,0.9967950663056766,0.9945994992143676,0.9945994992143676,0.9968145770370562,0.996814577037056,0.9946571076114807,0.9946571076114807,4.3739565943238725,0.2269023076923077,1.1611307555146408,0.5538461538461539,560,DS18-R-CaMP-m-CA3,20.0,,,,,,,0.8974056170799724,0.04371479871607473
222,170.54348607431857,852.8598109744263,110.89143821735158,554.5497703472497,0.9975564313347934,0.9975564313347935,0.9973434557114248,0.9973434557114248,0.9963746876104231,0.9963746876104231,0.9974785976946546,0.9974785976946546,3000.0,0.9407581999763261,0.94120970363394,0.9138195749798333,0.94120970363394,0.9984365838952223,0.9984365838952223,0.9876485115314644,0.9876485115314644,0.9987579207787081,0.9987579207787082,0.9902331827098504,0.9902331827098504,3.37228714524207,0.27712688441331,0.823062109564426,0.75,561,DS18-R-CaMP-m-CA3,20.0,,,,,,,0.9019395034028665,0.0461943248185682
223,94.71434230257555,473.65078509970596,144.69940396267617,723.6178241245872,0.9981084109653672,0.9981084109653671,0.9973045102931326,0.9973045102931326,0.9978322368637668,0.9978322368637669,0.9967809928453889,0.9967809928453889,3000.0,0.9187849725385129,0.8954053273686235,0.899691621362003,0.9456149718939671,0.9972886317472103,0.9972886317472103,0.9830604635434497,0.9830604635434497,0.9964956301117348,0.9964956301117347,0.9799705727943572,0.9799705727943572,3.9732888146911516,0.2484322033898305,0.7081642432160656,0.8389830508474576,566,DS18-R-CaMP-m-CA3,20.0,,,,,,,0.9757928466960851,0.04348185285676033
224,109.88623343000248,549.5229072012979,56.29392109314038,281.51660322917917,0.9995936122470306,0.9995936122470308,0.9984263172619576,0.9984263172619576,0.9989736376222615,0.9989736376222614,0.9984846811063028,0.9984846811063028,3000.0,0.8803779733429308,0.9062808776752194,0.9129734613103516,0.9404801560780579,0.9988817805892369,0.9988817805892367,0.9966032776956869,0.9966032776956869,0.9988621482012768,0.9988621482012767,0.9965537333295672,0.9965537333295672,4.4073455759599325,0.21343587786259544,0.7208371371357074,0.8244274809160306,567,DS18-R-CaMP-m-CA3,20.0,,,,,,,0.9543978330333936,0.007065191823287225
225,96.87041522585695,484.43294974359935,157.5955407449427,788.1092745551904,0.9995847743158727,0.9995847743158726,0.9985284957081928,0.9985284957081928,0.9993713598969348,0.9993713598969349,0.9977203530448441,0.9977203530448441,3000.0,0.9287233743638031,0.9075950713612995,0.9343719240350907,0.8403658068160179,0.9978551632402266,0.9978551632402266,0.9952895960813386,0.9952895960813386,0.9978683536155433,0.9978683536155435,0.9953267863350028,0.9953267863350028,5.141903171953255,0.19141960784313725,0.67005769065537,0.8235294117647058,574,DS18-R-CaMP-m-CA3,20.0,,,,,,,0.9367877892779418,0.08982122564315224
226,89.95339879908042,449.84209284228746,180.32434028225552,901.772247696369,0.999271574214623,0.9992715742146229,0.9985238869775329,0.9985238869775329,0.9985026105539768,0.998502610553977,0.9974821012472431,0.9974821012472431,3000.0,0.6772457135999698,0.6386780131801736,0.6278156071831923,0.6302743551120135,0.9957692254886282,0.9957692254886283,0.9941589926157857,0.9941589926157857,0.993730205332318,0.993730205332318,0.9935915884159037,0.9935915884159037,4.140233722871452,0.2115569105691057,0.7105830299715307,0.8048780487804879,575,DS18-R-CaMP-m-CA3,20.0,,,,,,,0.919350839013877,0.14852028328579833
227,112.71959027400723,563.6920568887152,71.61928009366551,358.1561928210522,0.999425363631943,0.999425363631943,0.9981987103582274,0.9981987103582274,0.9989116965595575,0.9989116965595574,0.9982701659634144,0.9982701659634144,3000.0,0.9492791108908074,0.8833333333333333,0.9399363515579953,0.8499999999999999,0.9973253425919759,0.9973253425919761,0.9909240454554126,0.9909240454554126,0.9975925889440338,0.9975925889440338,0.9920825114467529,0.9920825114467529,4.307178631051753,0.21999296875000002,0.7084088285911901,0.7734375,576,DS18-R-CaMP-m-CA3,20.0,,,,,,,0.9195418540440643,0.015209504366326976
228,102.40019140700171,512.0864472599266,79.39660432598627,397.0493069900298,0.9994603440793883,0.9994603440793881,0.9983493417632033,0.9983493417632033,0.9994138710372666,0.9994138710372665,0.9984722957623575,0.9984722957623575,3000.0,0.8161850514219618,0.7848730094898416,0.8325187513516112,0.7848730094898416,0.9958094432302181,0.995809443230218,0.9884165116011098,0.9884165116011098,0.9961608805680369,0.9961608805680372,0.9891257835174897,0.9891257835174897,3.8731218697829712,0.2518573913043478,0.8245825967362215,0.7478260869565218,577,DS18-R-CaMP-m-CA3,20.0,,,,,,,0.9472779909534623,0.015049384220508139
229,87.83401116702426,439.2433852817461,137.66253027069644,688.4275808327534,0.9989698539955943,0.9989698539955943,0.9986304289086179,0.9986304289086179,0.9987864685377732,0.9987864685377732,0.9980485970984152,0.9980485970984152,3000.0,0.9841269024130369,0.9666666666666667,0.9848813274103865,0.9666666666666667,0.996500561637517,0.996500561637517,0.991330412751985,0.991330412751985,0.9964318151216848,0.9964318151216851,0.991210369699865,0.991210369699865,4.474123539232053,0.22046466165413534,0.8361970626370862,0.7744360902255639,582,DS18-R-CaMP-m-CA3,20.0,,,,,,,0.9362987146732882,0.06291081138851898
230,89.15111891572904,445.8300236310045,175.8019082588855,879.1563119642049,0.9996079651286769,0.9996079651286767,0.9985656252573699,0.9985656252573699,0.9989527899397185,0.9989527899397186,0.9963916470537102,0.9963916470537102,3000.0,0.9600968391943154,0.9748243359065808,0.9671185392671275,0.9748243359065808,0.9211324863773525,0.9211324863773525,0.8861263113189212,0.8861263113189212,0.8643758211563699,0.8643758211563699,0.857264636357409,0.857264636357409,5.0751252086811345,0.18426225165562915,0.7025640651926954,0.8079470198675497,583,DS18-R-CaMP-m-CA3,20.0,,,,,,,0.9383184680980912,0.1194503801842741
231,90.82078696865396,454.17975784124013,85.40723880399148,427.1074974419011,0.9993770966204459,0.999377096620446,0.9980316620292627,0.9980316620292627,0.9993389451865369,0.9993389451865367,0.998039883355093,0.998039883355093,3000.0,0.9755070990972562,0.9790880682441959,0.9751790520154636,0.9790880682441959,0.9805489997514365,0.9805489997514365,0.943200194968446,0.943200194968446,0.9815480692374365,0.9815480692374363,0.9461339890856888,0.9461339890856888,4.941569282136895,0.18611156462585035,0.7898983246448689,0.7959183673469388,584,DS18-R-CaMP-m-CA3,20.0,,,,,,,0.955841343151281,0.016138744337197558
232,82.11323773852497,410.6347420719358,43.82095707540881,219.14136991292276,0.9989569983088236,0.9989569983088232,0.9978704322632406,0.9978704322632406,0.9982699290728115,0.9982699290728115,0.9978989658247404,0.9978989658247404,3000.0,0.9190569410761987,0.8036830424667041,0.9215831732161629,0.9319303364773484,0.9967149421621952,0.9967149421621952,0.9898799133510913,0.9898799133510913,0.9966278633447467,0.9966278633447467,0.9895972619961533,0.9895972619961533,3.706176961602671,0.2575,0.7048085352285767,0.7818181818181819,586,DS18-R-CaMP-m-CA3,20.0,,,,,,,0.9407777443199975,0.005235552258111029
233,83.852940736498,419.33470947706064,45.01702215534415,225.1226938641773,0.9991533643956407,0.9991533643956406,0.9984869592188924,0.9984869592188924,0.9985659562464815,0.9985659562464813,0.9985252396184648,0.9985252396184648,3000.0,0.8959186727947728,0.9159987294294596,0.8741004053001544,0.9159987294294596,0.9962991875150382,0.9962991875150383,0.9918317911487071,0.9918317911487071,0.9966890022003844,0.9966890022003847,0.9926481347011351,0.9926481347011351,3.9398998330550916,0.23615897435897437,0.7851924564904661,0.7350427350427351,587,DS18-R-CaMP-m-CA3,20.0,,,,,,,0.824747558741712,0.010093603953373007
234,100.0729776712304,500.44843567429444,44.7967114808866,224.02095656245672,0.9988829206686118,0.998882920668612,0.998307361641034,0.998307361641034,0.99802980185283,0.9980298018528297,0.9983460123386576,0.9983460123386576,3000.0,0.9607985986793375,0.9159987294294596,0.9466491078832474,0.890787755224979,0.9965939687690784,0.9965939687690782,0.9899246609398086,0.9899246609398086,0.9968826364448798,0.9968826364448798,0.9911265095954634,0.9911265095954634,3.43906510851419,0.27352647058823526,0.7909234858176295,0.7941176470588235,589,DS18-R-CaMP-m-CA3,20.0,,,,,,,0.9641628911677723,0.004184720777938935
235,96.92690878943415,484.7157358627254,45.53994066638378,227.7378503755328,0.9991865246667795,0.9991865246667795,0.9987471788452054,0.9987471788452054,0.9986227938002996,0.9986227938002996,0.9988058435422069,0.9988058435422069,3000.0,0.9085180044432112,0.836827408755723,0.8360045852094851,0.803354312405494,0.997624651988404,0.997624651988404,0.9952934800829514,0.9952934800829514,0.9975614629351739,0.9975614629351739,0.9951815649548031,0.9951815649548031,4.656616415410385,0.21139565217391304,0.8249682284369563,0.782608695652174,590,DS18-R-CaMP-m-CA3,20.0,,,,,,,0.9384315261029315,0.00573168906891875
236,114.9204773236357,574.698329578041,95.84466946345877,479.30336457348295,0.9922785691540268,0.9922785691540268,0.9975700186258567,0.9975700186258567,0.9943942510722854,0.9943942510722854,0.9978420255702051,0.9978420255702051,3000.0,0.485834317179608,0.5386386348447059,0.475149520880169,0.5215389956432867,0.9972168676696677,0.9972168676696678,0.96730808960042,0.96730808960042,0.997524170245812,0.9975241702458115,0.9693216079223143,0.9693216079223143,3.739565943238731,0.26584594594594596,0.8386015700153638,0.7837837837837838,594,DS18-R-CaMP-m-CA3,20.0,,,,,,,0.9623755052545243,0.01941794013524827
237,880.2521820546548,4402.486546839767,1999.3408611686589,9999.48812770513,0.987075582016587,0.9870755820165868,0.9614288176385889,0.9614288176385889,0.8986076489413499,0.8986076489413495,0.7773277088697025,0.7773277088697025,3000.0,0.8046650137160725,0.8666666666666667,0.7880432066267516,0.8666666666666667,0.3732299145010517,0.3732299145010517,0.4153878457909809,0.4153878457909809,0.38319560629229726,0.3831956062922973,0.41874174617104426,0.41874174617104426,3.775055679287305,0.26174553571428566,1.0177435046828427,0.4732142857142857,595,DS19-R-CaMP-m-S1,15.0,,,,,,,0.9353974517530494,159.317355044563
238,753.1513397351863,3765.8499876893484,75.01519129450446,375.08524822149485,0.9867084982739969,0.9867084982739969,0.9990290471682514,0.9990290471682514,0.9864029823958732,0.9864029823958729,0.9991928133209814,0.9991928133209814,1425.020222186122,0.7768474160078606,0.5615847770583521,0.6898101429931807,0.5576317012288108,0.9979781096277129,0.9979781096277129,0.9889925095596003,0.9889925095596003,0.9995392147306194,0.9995392147306196,0.9975497473598566,0.9975497473598566,0.8533572064961115,1.0940944852941175,1.247423556275014,0.7794117647058824,698,DS20-jRCaMP1a-m-V1,14.847790222917691,,,,,,,0.7161706218399158,0.01118961777034645
239,799.238521291271,3996.271304861886,1999.960614065134,9999.999999912094,0.9986124923573102,0.9986124923573103,0.9990500312251674,0.9990500312251674,0.9956976412854632,0.995697641285463,0.9945578006952971,0.9945578006952971,1425.020222186122,0.8620295187927416,0.7775056985961486,0.84964277303753,0.7646227054271858,0.9911038126391566,0.9911038126391563,0.9752729131646183,0.9752729131646183,0.9797365001571612,0.9797365001571612,0.945127900905787,0.945127900905787,1.681716150695521,0.5861279329608937,1.274339165179546,0.7914338919925512,699,DS20-jRCaMP1a-m-V1,14.847865642757853,,,,,,,0.8756041474672026,73.01479614219436
240,532.0243158230845,2660.203991231125,42.57815893027201,212.8973901321601,0.992587359638962,0.9925873596389619,0.997713627389021,0.997713627389021,0.9919494740780422,0.9919494740780423,0.9977674245670273,0.9977674245670273,1425.020222186122,0.7268584509983934,0.5445988861727886,0.6527992661774114,0.5636163343426724,0.9994952814027351,0.9994952814027351,0.9979933211567367,0.9979933211567367,0.9994966272230272,0.9994966272230268,0.99808514432497,0.99808514432497,0.3285717549080015,2.9292230769230776,1.4951001157826167,0.6634615384615384,700,DS20-jRCaMP1a-m-V1,15.017293826699992,,,,,,,0.7016563568330498,0.0040419713039586145
241,648.1227523847779,3240.6900707141463,9.71147974129468,48.55854211837791,0.9941737722085546,0.9941737722085549,0.99895342034658,0.99895342034658,0.9938429471716191,0.993842947171619,0.9990245317779648,0.9990245317779648,1425.020222186122,0.3640327344614919,0.1978632600163399,0.5333923983884835,0.4849629240115172,0.9956968708307014,0.9956968708307014,0.9941923520461574,0.9941923520461574,0.997388815641508,0.9973888156415078,0.9961654218841599,0.9961654218841599,0.3786307975005047,2.5956683333333332,1.4064974787496325,0.6916666666666667,702,DS20-jRCaMP1a-m-V1,15.016935514090266,,,,,,,0.5767541419174166,0.0009273807371401054
242,891.0852009181534,4455.547170563194,96.34004898894923,481.71334485450507,0.9874506704188166,0.9874506704188146,0.9987995561848718,0.9987995561848718,0.9872695684058831,0.9872695684058842,0.9990950542667061,0.9990950542667061,1425.020222186122,0.29236275801013495,0.2989972295150313,0.4716738804986329,0.4467181576544622,0.9863812986239944,0.9863812986239944,0.9904518851976707,0.9904518851976707,0.9975913056198542,0.9975913056198541,0.9972549898904349,0.9972549898904349,1.4284879252134997,0.6724901315789474,1.0400867214845035,0.8179824561403509,707,DS20-jRCaMP1a-m-V1,14.847522198608583,,,,,,,0.6900348401088066,0.02098545334893523
243,1580.0229540318408,7900.319132439121,61.84167759320668,309.21638665123896,0.9953297238494724,0.9953297238494722,0.9977856452048948,0.9977856452048948,0.9960537146706264,0.9960537146706268,0.9995775201342756,0.9995775201342756,1425.020222186122,0.6548708679152011,0.5791670359485342,0.5657494772022362,0.5166763449448059,0.9839718218400986,0.9839718218400988,0.9823016949026068,0.9823016949026068,0.9989610959150235,0.9989610959150235,0.99831277183771,0.99831277183771,0.709600575370405,1.372241592920354,1.3617912548597024,0.672566371681416,710,DS20-jRCaMP1a-m-V1,14.9047380765026,,,,,,,0.8614769751994397,0.004800942570904945
244,1905.9415638954754,9529.879109943033,93.6963856436858,468.4903488845351,0.9921147511419021,0.9921147511419014,0.9971449237010824,0.9971449237010824,0.9922564438815213,0.9922564438815218,0.999937191111297,0.999937191111297,1425.020222186122,0.302961454119952,0.30644099299405986,0.25489808541672754,0.29181977126561426,0.6092718095821699,0.6092718095821699,0.8346160401550153,0.8346160401550153,0.9804913972151518,0.9804913972151518,0.9967202073582192,0.9967202073582192,3.1696835708642315,0.3129932872655478,1.4441142642341227,0.6929911154985192,711,DS20-jRCaMP1a-m-V1,14.904389808560802,,,,,,,0.7695048188407163,0.01604560154287984
245,186.80634013329225,934.0590060432417,22.994703891379597,114.97688057972314,0.9957408483004908,0.9957408483004906,0.9998933470422274,0.9998933470422274,0.9957221720516806,0.9957221720516816,0.9998960404448369,0.9998960404448369,2067.621983477242,0.7138875352753489,0.5994321204713239,0.844082385571075,0.7808453538859802,0.9721138177611821,0.9721138177611819,0.9600415387324746,0.9600415387324746,0.9750647477174214,0.9750647477174214,0.9610512838343581,0.9610512838343581,1.0857983301287848,0.8830211428571427,1.0828246082062662,0.66,712,DS21-jGECO1a-m-V1,29.693954902866675,,,,,,,0.6449660700205897,0.0019558768352341224
246,291.54774553393344,1457.778190617093,8.586353735947984,42.93293090044391,0.9459356978876436,0.9459356978876431,0.9991031922506303,0.9991031922506303,0.9453561587252999,0.9453561587252999,0.9991127348432569,0.9991127348432569,2067.621983477242,0.6847082365928543,0.6510967113373483,0.6368305511217829,0.6488179978889831,0.9451082630538612,0.9451082630538612,0.9399204988885063,0.9399204988885063,0.9502082045550264,0.9502082045550263,0.9398351653249725,0.9398351653249725,0.9405103970485299,1.0425125412541254,1.17999502783028,0.5973597359735974,713,DS21-jGECO1a-m-V1,29.69723454364749,,,,,,,0.1969963098533869,0.0018297184164438323
247,205.24260238277012,1026.2510370274529,49.56605792040524,247.83947266130025,0.9956969833349611,0.9956969833349619,0.9990955928039278,0.9990955928039278,0.9959956368415052,0.9959956368415052,0.9990966475151886,0.9990966475151886,2067.621983477242,0.8459548871185851,0.8432506185523114,0.8173070839496478,0.8061437625668771,0.9956232481675563,0.9956232481675563,0.9834559225266905,0.9834559225266905,0.9959830351937508,0.9959830351937508,0.9836766001669698,0.9836766001669698,2.196490466724902,0.44542676399026765,0.9151504320710443,0.8394160583941606,715,DS21-jGECO1a-m-V1,29.583314562758446,,,,,,,0.8388132232151988,0.004583015136320434
248,,,68.31051976799294,341.58054786391335,,,,,0.9068596381170118,0.9068596381170103,0.9735887066500241,0.9735887066500241,2067.621983477242,,,0.07969105646730933,0.056443752046118616,,,,,0.9963735848770314,0.9963735848770315,0.9830421295228997,0.9830421295228997,2.6819644707893158,0.3696928571428571,1.099621532919115,0.7653061224489796,716,DS21-jGECO1a-m-V1,29.583431823554015,,,,,,,0.855656534092091,0.010278394918068609
249,,,124.36033737780916,621.8343879847816,,,,,,,,,2067.621983477242,,,,,,,,,0.9972517265758141,0.9972517265758141,0.9881813327654521,0.9881813327654521,2.9078130461816394,0.33103167259786476,1.160189964483198,0.7686832740213523,717,DS21-jGECO1a-m-V1,29.58338875707491,,,,,,,0.9047589485908936,0.035254550766383744
250,80.01608530198317,400.1041069139707,1999.8816213827588,9999.999962972206,0.9992914964880786,0.9992914964880784,0.9996140916413316,0.9996140916413316,0.9555081345790448,0.9555081345790444,0.9577868812086825,0.9577868812086825,2067.621983477242,0.9343149189627785,0.9391134388649597,0.8764713605293962,0.8665817477408171,0.9962974020395855,0.9962974020395854,0.9828964874608626,0.9828964874608626,0.9930975920534088,0.9930975920534086,0.9661523610243348,0.9661523610243348,3.3143939393939394,0.2906158208955224,1.1071785010394402,0.7970149253731343,718,DS21-jGECO1a-m-V1,29.582938762626263,,,,,,,0.8895588632856594,121.76531568630114
251,85591.75439204625,427976.2401365141,61.82421917406245,309.13371339832946,0.1165702970141995,0.11657029701419656,0.17147088494885593,0.17147088494885593,0.7354607384334098,0.7354607384334098,0.7740046375288427,0.7740046375288427,2067.621983477242,-0.07505123601455932,-0.007062251875792048,-0.06262544861492456,0.03345758143743996,0.9948805956812072,0.9948805956812072,0.972631840414144,0.972631840414144,0.9953618098151927,0.9953618098151927,0.9759325818336851,0.9759325818336851,2.2110791282509688,0.44690710784313725,1.1459426550950544,0.7622549019607843,719,DS21-jGECO1a-m-V1,29.581968190193887,,,,,,,0.8728014761203688,0.006042970861992773
252,82.48196389720071,412.4314124423677,153.54902383948638,767.7853168020338,0.9989011614931879,0.9989011614931875,0.9997792845621837,0.9997792845621837,0.9989300799213188,0.9989300799213185,0.9996910731550448,0.9996910731550448,2067.621983477242,0.9672581166675063,0.9704739952947705,0.9563777009664542,0.9642229939323894,0.9972296336050348,0.9972296336050348,0.9819473430615919,0.9819473430615919,0.996857586754068,0.996857586754068,0.9796920182818675,0.9796920182818675,3.209605446161714,0.29854952606635066,1.0535260501704353,0.8151658767772512,720,DS21-jGECO1a-m-V1,29.584519230696273,,,,,,,0.8688592305931387,0.06232602333679221
253,169194.14566799442,846082.8893684039,62.10880875414554,310.5852165183842,,,,,,,,,2067.621983477242,,,,,0.9949640634401445,0.9949640634401443,0.9728987908808058,0.9728987908808058,0.9947912149799875,0.9947912149799875,0.9710712401011424,0.9710712401011424,2.2336304848794093,0.39696803278688525,1.1150618895613091,0.7622950819672131,721,DS21-jGECO1a-m-V1,29.58198422657364,,,,,,,0.8751616176831529,0.01111972858965927
254,179.83034874570248,899.1665118201597,493.56021774986004,2467.841621076463,0.9868768931638584,0.9868768931638601,0.9879225740900958,0.9879225740900958,0.9872132658364281,0.9872132658364279,0.9876960853943283,0.9876960853943283,2067.621983477242,0.9563347734051769,0.49197782736279566,0.9677434345244549,0.4979002997580257,0.9975953773833371,0.997595377383337,0.9370089367127467,0.9370089367127467,0.9974117452766387,0.9974117452766387,0.935349379262199,0.935349379262199,0.556858629079752,1.5475282485875708,0.7428487485428835,0.9152542372881356,722,DS21-jGECO1a-m-V1,30.029696519868203,,,,,,,0.8749856870495892,1.1216054824900779
255,142.82310140456497,714.135949260621,97.99067325081063,489.9673916366748,0.9772319812881848,0.977231981288184,0.9910053623150201,0.9910053623150201,0.9771019174991186,0.9771019174991187,0.9910053714988578,0.9910053714988578,2067.621983477242,0.8766839671975662,0.4538342736339923,0.8729265230811452,0.45671011454626936,0.9895268156007211,0.989526815600721,0.9285338731801152,0.9285338731801152,0.9895128145246508,0.9895128145246508,0.928442853550764,0.928442853550764,0.5130625249590058,1.461274846625767,0.6070172533158085,0.9263803680981595,723,DS21-jGECO1a-m-V1,30.02979986025303,,,,,,,0.6801576716345894,0.022394927999111088
256,167.73438721722073,838.6930186445612,176.92270506987944,884.6357627888036,0.9917200317062049,0.9917200317062052,0.995888523136951,0.995888523136951,0.9917107271366113,0.991710727136611,0.9958880950724474,0.9958880950724474,2067.621983477242,0.6766330876554199,0.4709914488132446,0.6733071867367864,0.46953607558342597,0.9911233869266272,0.9911233869266269,0.9437199834672007,0.9437199834672007,0.9911233950733034,0.9911233950733034,0.9437153660990963,0.9437153660990963,0.36395248076025355,2.6707179487179493,1.2384051163075573,0.8034188034188035,727,DS21-jGECO1a-m-V1,29.581934262471115,,,,,,,0.801069706661151,0.07571301470545451
257,296.6472324849648,1483.2739468611808,57.24592175134846,286.2369002621071,0.9868983305923125,0.9868983305923134,0.9999534802488435,0.9999534802488435,0.9867558390468505,0.9867558390468514,0.9999915549619881,0.9999915549619881,2067.621983477242,0.6422772309474337,0.6785196219898776,0.548335656903103,0.6578539829726794,0.9880047432374373,0.9880047432374371,0.9861400215423907,0.9861400215423907,0.9912332897463444,0.9912332897463445,0.9885420014816568,0.9885420014816568,7.382676933025962,0.13462909783989832,1.5038684121327783,0.6573485811096993,730,DS21-jGECO1a-m-V1,29.80888649884361,,,,,,,0.7643299248897173,0.005735070014692559
258,151.9712091665723,759.8789914334191,30.20334911332905,151.02130586453364,0.9919989836148283,0.991998983614829,0.9986583742828324,0.9986583742828324,0.9916211663952632,0.9916211663952637,0.9986588697607247,0.9986588697607247,2067.621983477242,0.9658616620162233,0.6426624068374325,0.9146250544616706,0.6412889482422088,0.9962933403279585,0.9962933403279586,0.9511561459495442,0.9511561459495442,0.9964044940076815,0.9964044940076815,0.9527802783865714,0.9527802783865714,0.8699062957590661,1.1222220216606498,1.2285771369913707,0.8158844765342961,731,DS21-jGECO1a-m-V1,30.03680047838588,,,,,,,0.5315109577247457,0.0035678332773477254
259,51577.853371509336,257900.44463860188,33.81970011733764,169.10582987975786,0.22639527148898259,0.2263952714889922,0.48230804986062753,0.48230804986062753,0.98564713067717,0.9856471306771704,0.9928556842109371,0.9928556842109371,2067.621983477242,-0.10057614004137903,-0.17210220491910397,-0.1413486348841103,-0.3160608275011083,0.9829339396263209,0.9829339396263207,0.9012363303167397,0.9012363303167397,0.9864984894557461,0.9864984894557461,0.927647246000155,0.927647246000155,0.6257583152124154,1.3465661157024793,1.2005818573487772,0.8429752066115702,732,DS21-jGECO1a-m-V1,30.036399130195942,,,,,,,0.771799754712183,0.0030557186656316455
260,143.64149278233043,718.2217343479863,44.780499425642674,223.90694596297334,0.9963808885691151,0.9963808885691146,0.9984970492161725,0.9984970492161725,0.9962367775414314,0.9962367775414309,0.9984974754335567,0.9984974754335567,2067.621983477242,0.8724352986367981,0.5431298935956594,0.9006041644912786,0.6137460657130274,0.9928094338804992,0.9928094338804995,0.9601261666324372,0.9601261666324372,0.9927433157478329,0.9927433157478331,0.9598385446006231,0.9598385446006231,1.2578563218309884,0.7230099750623442,1.1174496503816818,0.8653366583541147,733,DS21-jGECO1a-m-V1,30.035230928496652,,,,,,,0.7547761595398574,0.0038330778846052114
261,210.0345855952128,1050.199707205009,40.54441588040378,202.72724878015833,0.9225612546220607,0.9225612546220606,0.9964051219685247,0.9964051219685247,0.9221130207607985,0.9221130207607993,0.9964161709611772,0.9964161709611772,2067.621983477242,0.7200532750525989,0.4360724795780349,0.8132582372860078,0.5737507929331551,0.9989148316186178,0.9989148316186178,0.9972963006156349,0.9972963006156349,0.9988898105117383,0.9988898105117383,0.9972450066246586,0.9972450066246586,1.429831190750588,0.6738960526315789,1.1029210870613428,0.8333333333333334,734,DS21-jGECO1a-m-V1,30.032712472680295,,,,,,,0.7532274410747783,0.003284418837501604
262,170.5570799155885,852.8000744827425,61.919690371462885,309.6037794905144,0.9965679733660806,0.9965679733660803,0.9966060264524927,0.9966060264524927,0.9963475786248355,0.9963475786248355,0.9966063512235653,0.9966063512235653,2067.621983477242,0.9576931401589819,0.6937551029963448,0.9450551694403156,0.6773318747234197,0.9985995846421764,0.9985995846421764,0.9562766085044017,0.9562766085044017,0.9985954559492121,0.9985954559492118,0.9564706543475209,0.9564706543475209,0.9135834528761453,1.040558762886598,0.9697273593218321,0.8419243986254296,735,DS21-jGECO1a-m-V1,30.03249165807575,,,,,,,0.8777104985113963,0.004485426298764234
263,205.00908204123624,1025.067058303169,40.54579771005034,202.73327001599228,0.9928405597379413,0.9928405597379417,0.995003408913969,0.995003408913969,0.9925536617064248,0.9925536617064253,0.9950082884311662,0.9950082884311662,2067.621983477242,0.9401653145030261,0.6717335681237833,0.944643787689109,0.6658307707487805,0.9984848070101822,0.9984848070101822,0.9674508112313852,0.9674508112313852,0.9984624767791175,0.9984624767791178,0.9670115605363607,0.9670115605363607,1.170133133930967,0.8463289544235925,0.9894934706691341,0.8337801608579088,736,DS21-jGECO1a-m-V1,30.032374204821792,,,,,,,0.7647138285648252,0.003208072909197577
264,151.46178116546125,757.3303489334875,83.83836659798504,419.2037023538214,0.9931723932100472,0.9931723932100465,0.9965236549754956,0.9965236549754956,0.9931063283440964,0.993106328344095,0.9965237828530457,0.9965237828530457,2067.621983477242,0.9540343199112793,0.7719634045939734,0.937863747280079,0.7787160938526353,0.9978210207941606,0.9978210207941606,0.967608257900875,0.967608257900875,0.9978127763023974,0.9978127763023974,0.9675164292769374,0.9675164292769374,1.1356915148982862,0.8423516574585634,0.9330419918958478,0.8397790055248618,737,DS21-jGECO1a-m-V1,30.031688296167072,,,,,,,0.8506482953460441,0.009564424296865957
265,199.26424740012033,996.3396267872378,31.209423289590006,156.04999671695373,0.9970474616603284,0.9970474616603284,0.9985154533181156,0.9985154533181156,0.9969929385375178,0.9969929385375179,0.9985177058716652,0.9985177058716652,2067.621983477242,0.8821206608603283,0.7917078323647582,0.8083424206208525,0.7662332541690849,0.998085950918157,0.9980859509181571,0.9806659043321049,0.9806659043321049,0.9980377206063946,0.9980377206063947,0.9802020475098985,0.9802020475098985,2.211753325998363,0.44687960339943344,0.9764155170392476,0.8512747875354107,738,DS21-jGECO1a-m-V1,30.02916573728187,,,,,,,0.43053001568248483,0.004580079161086675
266,5966.986933577058,29835.940667638093,8.703572697161526,43.519330858215056,0.954387526743304,0.9543875267433037,0.9586856783683304,0.9586856783683304,0.9957944895447334,0.9957944895447333,0.9998865040933181,0.9998865040933181,2067.621983477242,0.128303047967282,0.1853117887303618,0.3970095442349054,0.4076825384184406,0.9977761562014713,0.9977761562014715,0.9974604864617852,0.9974604864617852,0.996825310829929,0.9968253108299292,0.9964238423574706,0.9964238423574706,3.9517162317081396,0.2524774358974359,0.610771133785733,0.22735042735042735,739,DS22-OGB1-m-SST-V1,15.624789264279451,,,,,,,0.7586455646008321,0.0008145959580704623
267,744.8888948778684,3724.572570061995,7.2957040824521915,36.47977502637636,0.7641863329209857,0.7641863329209886,0.4561433208709694,0.4561433208709694,0.7552213946262681,0.7552213946262687,0.4791080890145759,0.4791080890145759,2067.621983477242,0.36325088346597223,0.14532007354038895,0.52362786713678,0.32547385561052283,0.9926730579021069,0.9926730579021067,0.9916023675129898,0.9916023675129898,0.9957824161087793,0.9957824161087797,0.9952994825090489,0.9952994825090489,1.4093995485875321,0.6366067307692307,0.6682876533585166,0.8557692307692307,740,DS22-OGB1-m-SST-V1,15.624778727642642,,,,,,,0.14078072987180001,0.0031072823821513317
268,1192.0786118307917,5960.594036766642,11.191941651982996,55.961595157047576,0.9473115448024193,0.9473115448024206,0.977765963681642,0.977765963681642,0.9600501920570474,0.9600501920570474,0.9846186362480662,0.9846186362480662,2067.621983477242,-0.11505722657104228,-0.20075107432419095,0.6521838156560472,0.3618776025108937,0.9976588839641234,0.9976588839641234,0.9973070834080205,0.9973070834080205,0.9973597972890474,0.9973597972890474,0.9970017690799452,0.9970017690799452,1.7937824533009645,0.3774060377358491,0.7893443739056643,0.769811320754717,752,DS22-OGB1-m-SST-V1,15.624789264279451,,,,,,,0.8059810048576683,0.0008973406571889117
269,1112.4772090822867,5562.5773538298945,9.012662229814135,45.06486102186198,0.953346240463259,0.9533462404632578,0.9668609061582063,0.9668609061582063,0.966545867629621,0.9665458676296217,0.9793763837506188,0.9793763837506188,2067.621983477242,0.3064163275337818,0.1007201950049394,0.6539003146567861,0.3542486641398116,0.9977258751686757,0.9977258751686755,0.9972038394616184,0.9972038394616184,0.9967227836619962,0.9967227836619963,0.9959433801210251,0.9959433801210251,0.9913001609682642,0.6347719178082191,0.6225880214598528,0.9178082191780822,753,DS22-OGB1-m-SST-V1,15.624778727642642,,,,,,,0.768376445206385,0.0008217458723185793
270,313.7005277231617,1568.555526724473,21.76596290054912,108.833484119177,0.999741281927194,0.9997412819271936,0.9998574836942627,0.9998574836942627,0.9997404812111716,0.9997404812111715,0.9999963230770588,0.9999963230770588,2067.621983477242,0.6322535208319694,0.6923006913789002,0.7416854269236421,0.7420251503714865,0.9911303664298645,0.9911303664298643,0.9940008551092026,0.9940008551092026,0.99814220577281,0.9981422057728099,0.9982706665673615,0.9982706665673615,18.86843347494774,0.05287769038255274,0.6846721284622548,0.7021809081158384,759,DS23-OGB1-m-PV-V1,15.624789264279451,,,,,,,0.8514031687912903,0.0015337480543660825
271,236.5255195236387,1182.6674744633785,27.969468870768242,139.8520598457776,0.9991148720983696,0.9991148720983694,0.9998800456536271,0.9998800456536271,0.9990680396403786,0.9990680396403785,0.9999623265219272,0.9999623265219272,2067.621983477242,0.6837709340834457,0.6243214633070022,0.8165717285375962,0.779219688954315,0.977155199195133,0.9771551991951333,0.9768314758539854,0.9768314758539854,0.9960565661313114,0.9960565661313117,0.9956405235896624,0.9956405235896624,4.039382291455931,0.24706103678929767,1.114139625605952,0.6036789297658863,760,DS23-OGB1-m-PV-V1,15.624789264279451,,,,,,,0.8250630928843465,0.002295966442325822
272,301.3927406637602,1507.0155326669274,7.470657115727939,37.35457027875401,0.9956999575727675,0.995699957572767,0.9998285708950854,0.9998285708950854,0.9961439082410035,0.996143908241003,0.9999939126825036,0.9999939126825036,2067.621983477242,0.20350227748188704,0.2425243672764308,0.44725567646638564,0.45976685606649204,0.9877300987649015,0.9877300987649016,0.9882109918350447,0.9882109918350447,0.9942534266804391,0.9942534266804389,0.993858846315866,0.993858846315866,6.37938743044883,0.1566263492063492,1.0201930414079297,0.5862433862433862,761,DS23-OGB1-m-PV-V1,15.624778727642642,,,,,,,0.7147620317877204,0.0008019206462037971
273,312.0053371517007,1560.0792880677664,17.997385053925527,89.98995952546176,0.9962226605987701,0.9962226605987703,0.9994392651756715,0.9994392651756715,0.9966194891028668,0.9966194891028666,0.9999216387760835,0.9999216387760835,2067.621983477242,0.519878332943622,0.532206670589522,0.6469727045633673,0.666167690224367,0.99790714868073,0.9979071486807303,0.9977172507406668,0.9977172507406668,0.9983550529370782,0.9983550529370782,0.9981318667285884,0.9981318667285884,3.385258614876256,0.2958191616766467,1.0487834009237758,0.6367265469061876,762,DS23-OGB1-m-PV-V1,15.624789264279451,,,,,,,0.8241930163954895,0.0013735821618476108
274,168.1575079918135,840.8158903498685,29.176303075832763,145.88643433642125,0.9994033234879447,0.9994033234879445,0.9999696675480679,0.9999696675480679,0.9994131087439694,0.9994131087439695,0.9999903286123749,0.9999903286123749,2067.621983477242,0.7437130063085632,0.656361157694238,0.782119612488707,0.7754209222903551,0.9978358063156196,0.99783580631562,0.9982939033923206,0.9982939033923206,0.9985887538112523,0.9985887538112523,0.9986671183913454,0.9986671183913454,5.01045249173916,0.19994811320754718,0.7618144376097369,0.5040431266846361,763,DS23-OGB1-m-PV-V1,15.624789264279451,,,,,,,0.8725745773594215,0.0020210310420348335
275,834.2563036520065,4171.422169085078,8.944974627377555,44.72638120827524,0.9909940529389191,0.990994052938919,0.9974552248741552,0.9974552248741552,0.989331322927662,0.9893313229276617,0.9999155021031093,0.9999155021031093,2067.621983477242,0.5196580527075813,0.5727336136121381,0.6238533492803877,0.6320891232297572,0.9897032182883274,0.9897032182883274,0.9919736646173676,0.9919736646173676,0.9977903385190988,0.9977903385190989,0.9976614767440095,0.9976614767440095,5.226245869579878,0.1888837209302325,0.8603106173052261,0.5478036175710594,764,DS23-OGB1-m-PV-V1,15.624789264279451,,,,,,,0.7796286590854117,0.000787426896091163
276,347.1019924997282,1735.5696522906546,14.193463824479068,70.96975991767148,0.9995404143084792,0.999540414308479,0.9995507142224951,0.9995507142224951,0.9991876324903766,0.9991876324903766,0.9999583791252693,0.9999583791252693,2067.621983477242,0.5587025518598214,0.5069796121708602,0.8145855867711463,0.8026449352905147,0.9935708678341892,0.993570867834189,0.9895409618109521,0.9895409618109521,0.9984786997177987,0.9984786997177987,0.9978455612297151,0.9978455612297151,5.529701578190318,0.1809739926739927,0.8420363235869696,0.6605616605616605,765,DS23-OGB1-m-PV-V1,15.624778727642642,,,,,,,0.7508874745979571,0.0013181836676025814
277,188895.48981586608,944711.507157533,1999.2893999495104,9998.924294653742,0.9097556616776096,0.9097556616776096,0.8278663299518688,0.8278663299518688,0.9361035601185815,0.9361035601185812,0.8882621123110473,0.8882621123110473,3000.0,0.8453813023313114,0.7252137165212658,0.8475122067851604,0.7564057043286321,0.9998926363003392,0.9998926363003392,0.994174719525915,0.994174719525915,0.9998170377782105,0.9998170377782105,0.9930562389184704,0.9930562389184704,10.575484990381101,0.03862450803108807,0.41608799908764743,0.3134715025906736,766,DS24-GCaMP6f-m-PV-V1,26.589010066255327,,,,,,,0.979873616424375,84.75534100033748
278,346.41307384420645,1732.078328405326,217.70677114770953,1088.5420000679114,0.9871958704539496,0.9871958704539504,0.9983735894428416,0.9983735894428416,0.9869854187553158,0.9869854187553164,0.9983887044882586,0.9983887044882586,3000.0,0.8701372866127515,0.5329035453311134,0.8610448463518644,0.550822177898672,0.974999290986957,0.9749992909869568,0.9776174475431498,0.9776174475431498,0.9842153605953835,0.9842153605953835,0.9886986318584269,0.9886986318584269,2.815476630091652,0.35431725591798696,0.5748861446434773,0.8168685927306617,767,DS24-GCaMP6f-m-PV-V1,26.590321205574487,,,,,,,0.8336485141137628,0.07890554563632829
279,380.2145754046174,1901.0952969543387,1999.976253907482,9999.99920118185,0.9910757722812429,0.991075772281242,0.9996174319378239,0.9996174319378239,0.9898528371013537,0.989852837101354,0.9965901138631795,0.9965901138631795,3000.0,0.9115879293538645,0.839817724913773,0.8628094339529755,0.771944462724363,0.9999344570491189,0.9999344570491189,0.9978986688231475,0.9978986688231475,0.9999333445476871,0.9999333445476871,0.9977613437509089,0.9977613437509089,11.154572408274495,0.08356933399503723,0.3144882558062785,0.8155013866588819,768,DS24-GCaMP6f-m-PV-V1,26.588971270336735,,,,,,,0.6884921179908696,95.84466437644748
280,566.6994239592356,2833.5406551939627,1999.9688422641339,9999.997854390389,0.9972725832050524,0.997272583205052,0.9986488718806137,0.9986488718806137,0.9918154495543655,0.9918154495543655,0.987200319902366,0.987200319902366,3000.0,0.8704154228653422,0.7792720063497518,0.9061630231840251,0.8005110311528056,0.9999839009142301,0.9999839009142298,0.998338695521572,0.998338695521572,0.9999832730391172,0.9999832730391174,0.9982533781249647,0.9982533781249647,21.417529781682106,0.04647689773517432,0.1231479767162554,0.9760603953511473,769,DS24-GCaMP6f-m-PV-V1,26.588965508665538,,,,,,,0.6343872866267208,122.51533895742561
281,508.6431389411675,2543.286870747941,1999.8660066773532,9999.60988095807,0.9766891988270083,0.9766891988270091,0.9983533312739914,0.9983533312739914,0.9496615838575562,0.9496615838575576,0.98583251545818,0.98583251545818,3000.0,0.8334845794458802,0.7196748215133404,0.8773496876020257,0.6938664191096806,0.9997433201137949,0.9997433201137949,0.9879394726945012,0.9879394726945012,0.9991422098613926,0.9991422098613926,0.9820635252147865,0.9820635252147865,19.619541445046952,0.04979340943168076,0.11350345201682184,0.9921402660217654,770,DS24-GCaMP6f-m-PV-V1,26.58896549655164,,,,,,,0.7845709382662751,115.41886926510908
282,615.4730516070182,3077.5199096674746,1999.8244574272564,9999.624788612204,0.9798388304917414,0.9798388304917416,0.9875592920647541,0.9875592920647541,0.9525315066187598,0.9525315066187594,0.9465895523733724,0.9465895523733724,3000.0,0.8946299920387786,0.6945528848071187,0.923961682094353,0.6984548673060351,0.990933893022995,0.990933893022995,0.7729790726471363,0.7729790726471363,0.9757847380765144,0.9757847380765142,0.7219922250972723,0.7219922250972723,17.104905959876618,0.04885307793657884,0.09035911587535225,0.9964269763287181,771,DS24-GCaMP6f-m-PV-V1,26.588965425129636,,,,,,,0.7579302514406028,172.76938979810268
283,284.60791118811994,1423.2628229025152,19.68477701630535,98.4393272396244,0.9249059241459516,0.9249059241459514,0.8650905736876904,0.8650905736876904,0.9201444758919313,0.9201444758919315,0.8653070689393084,0.8653070689393084,3000.0,0.4828289345363285,0.42008402520840293,0.8380942632706314,0.42008402520840293,0.8430089019255567,0.8430089019255563,0.8232193072338252,0.8232193072338252,0.9747746285067329,0.9747746285067328,0.9697305494486879,0.9697305494486879,2.6548122329516213,0.006437881395349262,0.13189730912451092,0.0,772,DS24-GCaMP6f-m-PV-V1,26.588965594638545,,,,,,,0.5939025834713818,0.00466656801730478
284,808.1592100851509,4040.845608972612,1999.9748259422934,9999.996773671824,0.9958853820441222,0.995885382044122,0.9991807732797819,0.9991807732797819,0.9938279730061709,0.9938279730061712,0.9940332698898969,0.9940332698898969,3000.0,0.8276843435813788,0.7241090891050488,0.8695752902907052,0.7128422669043573,0.9914457969622936,0.9914457969622938,0.9864812905465664,0.9864812905465664,0.9790877461525086,0.9790877461525086,0.9441596521576947,0.9441596521576947,20.72750957341349,0.04744611909558358,0.11900446934607103,0.9889413256321758,773,DS24-GCaMP6f-m-PV-V1,26.588965478277213,,,,,,,0.5308687409551107,124.9156871330351
285,472.7334372145848,2363.7934401891666,1999.8930939553393,9999.999586289896,0.9877060554075564,0.9877060554075565,0.9977141705481721,0.9977141705481721,0.9626789176387129,0.9626789176387125,0.9543185227999615,0.9543185227999615,3000.0,0.8393508013909052,0.618942465767126,0.8582996814960456,0.7026196487359528,0.9996939809884662,0.9996939809884662,0.9825045294556009,0.9825045294556009,0.9990565069856471,0.9990565069856471,0.9715734523987817,0.9715734523987817,17.349389928780514,0.04600023721991703,0.15992353214308325,0.9427385892116182,774,DS24-GCaMP6f-m-PV-V1,26.588965486040646,,,,,,,0.7370039215106787,176.4124372911897
286,384.3143286177739,1921.6182894439958,28.944665302608733,144.72683968712064,0.9864114029848314,0.9864114029848317,0.9993269474763472,0.9993269474763472,0.9844148692647662,0.984414869264766,0.9996485803844586,0.9996485803844586,3000.0,0.969601948165705,-0.055422081202439036,0.8438988966037589,-0.11147921019099456,0.9989217176452317,0.9989217176452317,0.9649859473853408,0.9649859473853408,0.9998352462093237,0.9998352462093237,0.9935294209083736,0.9935294209083736,6.0572982967127755,0.1514186629198966,0.35762831359743047,0.7248062015503876,779,DS24-GCaMP6f-m-PV-V1,26.59161774854795,,,,,,,0.5803842546676411,0.0027515392375564588
287,,,3.8746359142836067,19.373313090505864,,,,,0.9775225227075881,0.977522522707586,0.9999112366381536,0.9999112366381536,3000.0,,,0.7916163852910674,0.5468083904390049,,,,,0.9689868084850477,0.9689868084850477,0.9408280363519559,0.9408280363519559,7.26915558543603,0.13142326180203046,0.4704790747290958,0.6691443074691805,780,DS24-GCaMP6f-m-PV-V1,26.589008467300904,,,,,,,0.6745465188125839,0.00022350171813534394
288,572.5676288101502,2862.880796297184,4.472603975360744,22.363353054226536,0.981738624096075,0.9817386240960775,0.999818089999399,0.999818089999399,0.9810112733605567,0.9810112733605582,0.9998648717974833,0.9998648717974833,3000.0,0.7837238286621588,0.4426215857416027,0.8786350723620585,0.5969949378292068,0.9959129429371325,0.9959129429371325,0.9680003044834262,0.9680003044834262,0.9948607558492849,0.9948607558492851,0.9596245129942745,0.9596245129942745,7.013659022388506,0.139430005620155,0.4521390782802118,0.7405869324473976,781,DS24-GCaMP6f-m-PV-V1,26.589008477623956,,,,,,,0.6165063922911144,0.0003365701883537278
289,984.6909697884385,4923.5981012089105,4.353479645149284,21.76803156742053,0.9881103481253112,0.9881103481253115,0.9986972822554043,0.9986972822554043,0.9927192066701489,0.992719206670149,0.9995388352599355,0.9995388352599355,3000.0,0.8984947707360421,0.5273263445661643,0.8525725396345912,0.6883517409743534,0.9994226462939722,0.9994226462939719,0.9551318823728753,0.9551318823728753,0.9995510158599941,0.9995510158599941,0.9609978619968875,0.9609978619968875,16.797818500137076,0.058393715618388145,0.27000979230056554,0.8082323523754568,782,DS24-GCaMP6f-m-PV-V1,26.589008475890054,,,,,,,0.6631519371541359,0.00038508003743548174
290,860.0183375930205,4300.248104123832,4.281570581469128,21.408631619606073,0.9913039223360721,0.9913039223360726,0.9945937780315757,0.9945937780315757,0.9892587551326879,0.9892587551326876,0.9951429308071205,0.9951429308071205,3000.0,0.8276897267763014,0.48271019059762893,0.8867528979796481,0.791996061645441,0.9975363961205814,0.9975363961205813,0.9823210622149957,0.9823210622149957,0.9974489778944943,0.9974489778944944,0.978870404155472,0.978870404155472,8.041828207659936,0.10853820164533821,0.33774431847489517,0.850091407678245,784,DS24-GCaMP6f-m-PV-V1,26.588967928980388,,,,,,,0.6651445930014974,0.0004661168664548494
291,910.2072405221979,4551.156029633791,4.173087261778319,20.865985687758528,0.9930001643937405,0.9930001643937406,0.9953047625493621,0.9953047625493621,0.9928945160378455,0.9928945160378456,0.9966388945921361,0.9966388945921361,3000.0,0.4487235671504521,0.22937272119566474,0.7054846026880172,0.5655200264632166,0.9733821458112184,0.9733821458112184,0.9583751056026178,0.9583751056026178,0.9622427942291802,0.9622427942291805,0.9400478427855335,0.9400478427855335,1.4813494844949526,0.6558585626062322,0.9375766777128149,0.6855524079320113,785,DS24-GCaMP6f-m-PV-V1,26.588967865765333,,,,,,,0.6499437971374922,0.00044189766207988296
292,397.37271131827526,1986.8879879222523,67.1244892269237,335.626573092911,0.9886387619695355,0.9886387619695356,0.9999328614511297,0.9999328614511297,0.989029356672987,0.9890293566729873,0.9999450662023717,0.9999450662023717,3000.0,0.8749349072868076,0.734878478854359,0.7666311414319189,0.7510212432344504,0.9999398636486342,0.9999398636486343,0.9982896137945969,0.9982896137945969,0.9999394095193875,0.9999394095193876,0.9982965802675129,0.9982965802675129,14.569875148197063,0.06483563269148845,0.4189440724424113,0.5520149953139644,786,DS24-GCaMP6f-m-PV-V1,26.58896707697472,,,,,,,0.38463883918247566,0.011255668239647467
293,341.5401909612342,1707.9581179108977,106.94004516455229,534.7807464606306,0.9508748793712003,0.9508748793712005,0.9096422632164991,0.9096422632164991,0.9274660626498613,0.9274660626498606,0.9108122535871538,0.9108122535871538,3000.0,0.8925695439483706,0.8313505646248092,0.790565377307374,0.744175697234484,0.998875878030297,0.9988758780302968,0.9761636200324308,0.9761636200324308,0.9996161685160687,0.9996161685160686,0.992038913129615,0.992038913129615,24.52441198324786,0.039789922978723434,0.14008852676892417,0.9591489361702128,787,DS24-GCaMP6f-m-PV-V1,26.588967073674336,,,,,,,0.7998992876671627,0.05093083817644604
294,374.38052111979016,1871.9332346228632,122.99079581802843,614.9640412803834,0.9633885411852204,0.963388541185217,0.9977630108863011,0.9977630108863011,0.9557719698531983,0.9557719698531939,0.9978314840752678,0.9978314840752678,3000.0,0.7342981905210244,0.687405285676102,0.6656929591663711,0.6561939128663393,0.9564585883673637,0.9564585883673637,0.9968057275842089,0.9968057275842089,0.9849203857052473,0.9849203857052472,0.9970976209764338,0.9970976209764338,14.601087216502988,0.06682708625954197,0.25227572691414446,0.8618320610687022,788,DS24-GCaMP6f-m-PV-V1,26.588967066266843,,,,,,,0.9355183871729035,0.014273203299086172
295,333.9365405040891,1669.7532093184434,1999.9151713743852,9999.99811558847,0.9860548878751887,0.9860548878751894,0.9487436432064188,0.9487436432064188,0.8836271581049613,0.8836271581049644,0.78211116734836,0.78211116734836,3000.0,0.8569969849719073,0.6528799489782269,0.9043624676952995,0.5945958018695757,0.9999766548156392,0.9999766548156392,0.9961060314600001,0.9961060314600001,0.9999763598202287,0.9999763598202287,0.996101333667286,0.996101333667286,14.045963968367893,0.05930639046997388,0.17146556903650845,0.9899912967798086,789,DS24-GCaMP6f-m-PV-V1,26.595076622142425,,,,,,,0.7545026146376862,153.84309984891016
296,,,1999.1163998477004,9999.99999999118,,,,,0.9816327896463384,0.9816327896463386,0.6975997287833963,0.6975997287833963,3000.0,,,0.9978472080070329,0.8451542547285165,,,,,0.9998176378606213,0.9998176378606215,0.961514935302927,0.961514935302927,15.107364934284213,0.013280199635036493,0.10139357247789213,0.0,790,DS24-GCaMP6f-m-PV-V1,26.58896228434022,,,,,,,0.8146097716658193,433.0168904245176
297,250.06679817733593,1250.3502882613182,1999.9739313071739,9999.999999007016,0.9970705673261689,0.9970705673261689,0.999625595909415,0.999625595909415,0.9784472649235408,0.9784472649235394,0.9807007381101849,0.9807007381101849,3000.0,0.9403523321665013,0.5478913215548473,0.8949509186860829,0.38237378247082116,0.9999099985576797,0.9999099985576796,0.9899852466352774,0.9899852466352774,0.9996679480925963,0.9996679480925962,0.980383378852282,0.980383378852282,6.151716817944305,0.16246452048458146,0.3789444722599705,0.8403083700440529,791,DS24-GCaMP6f-m-PV-V1,26.58896171807267,,,,,,,0.7891794300068045,85.42239469544948
298,614.2435349926037,3071.370788781939,156.72340459625468,783.6560897644383,0.9981087753065682,0.9981087753065678,0.9984581263621859,0.9984581263621859,0.9986177393154904,0.9986177393154904,0.9988651298801097,0.9988651298801097,3000.0,0.9573383752800425,0.8676793670141421,0.9204604651606498,0.8900625980296815,0.9888503863182744,0.9888503863182744,0.8878772928146398,0.8878772928146398,0.9969424164373127,0.9969424164373126,0.9938794342956246,0.9938794342956246,7.891193456321598,0.12428791052060739,0.5748654279087406,0.7212581344902386,792,DS24-GCaMP6f-m-PV-V1,26.588961700065187,,,,,,,0.78131531427962,0.09623648393286051
299,406.28337810318067,2031.568802963376,1999.0431069408767,9995.962992137656,0.9882921853676642,0.9882921853676638,0.9946054113692013,0.9946054113692013,0.8611680005154543,0.8611680005154586,0.8380916760663796,0.8380916760663796,3000.0,0.9237278264319508,0.9340642574033754,0.9642130369385308,0.8927397853412878,0.9993390480338245,0.9993390480338242,0.9944956079184231,0.9944956079184231,0.9982068160566844,0.9982068160566843,0.9858932928338354,0.9858932928338354,6.480496088931147,0.1543621658774373,0.6849249906072898,0.7701949860724234,793,DS24-GCaMP6f-m-PV-V1,26.58896170006521,,,,,,,0.8332461005870725,149.1502496794634
300,504.8671475020971,2524.7438120691286,64.10541311891969,320.5788807865644,0.9886080837305646,0.9886080837305646,0.9986712700340887,0.9986712700340887,0.9854407984805985,0.9854407984805982,0.9997023992231072,0.9997023992231072,3000.0,0.8816962653852272,0.8819658593674605,0.6683660619313619,0.6792453484083727,0.9988658835449569,0.9988658835449569,0.9662141663516013,0.9662141663516013,0.9997384696478523,0.9997384696478524,0.9930388549634327,0.9930388549634327,8.824065693771768,0.11342069071969715,0.6468170350137828,0.6231060606060606,794,DS24-GCaMP6f-m-PV-V1,26.58896165571304,,,,,,,0.75686772958836,0.016631180193730576
301,291.05929989088827,1455.4938232739632,1997.651085191557,9989.60973465828,0.9877967350460071,0.9877967350460073,0.9982789225159482,0.9982789225159482,0.9492451539501043,0.9492451539501046,0.9565353987553514,0.9565353987553514,3000.0,0.8413345151135717,0.8853189415785441,0.8830139632454284,0.9130006058601736,0.9998990655274909,0.9998990655274911,0.9975256868166363,0.9975256868166363,0.9997719507926794,0.9997719507926796,0.9930810475469943,0.9930810475469943,11.446867508055217,0.08733998772782507,0.6320415355697153,0.5759416767922235,795,DS24-GCaMP6f-m-PV-V1,26.588961663128256,,,,,,,0.8309616720600703,181.04540535810267
302,1691.695195845688,8459.948280085855,1999.651750203966,9999.99906983943,0.938848123274712,0.9388481232747117,0.9012603260246949,0.9012603260246949,0.9250333205075209,0.9250333205075216,0.8868241688027777,0.8868241688027777,3000.0,0.9014223696590666,0.7207709707237556,0.9000434745030556,0.6932606283297191,0.9909417357157432,0.9909417357157432,0.9604072464725264,0.9604072464725264,0.9907996447517351,0.9907996447517351,0.9615340443732465,0.9615340443732465,6.814017082738704,0.146670261754386,0.7750510819329041,0.5087719298245614,796,DS24-GCaMP6f-m-PV-V1,26.588961763413963,,,,,,,0.6058864111437627,415.13446677387117
303,228.40460944737387,1142.0775185822881,1998.6094547520372,9993.523914517264,0.9988970327698208,0.9988970327698208,0.9994163174058516,0.9994163174058516,0.9759885797443554,0.975988579744355,0.9674584130730415,0.9674584130730415,3000.0,0.9059827180960314,0.7825481319670847,0.9272064814107608,0.7629653421281034,0.9997232166008645,0.9997232166008646,0.9938739986946568,0.9938739986946568,0.9984284667960373,0.9984284667960375,0.9663947239180375,0.9663947239180375,13.190808292945187,0.07579819796484728,0.45199011456165955,0.7340425531914894,797,DS24-GCaMP6f-m-PV-V1,26.588961700065195,,,,,,,0.7246150242487932,166.08762387228919
304,333.84915164980123,1669.7651973707013,1998.4697089269962,9995.457982970258,0.9963202258309771,0.9963202258309772,0.9884899650896297,0.9884899650896297,0.8021708193714184,0.8021708193714189,0.7398797049700151,0.7398797049700151,3000.0,0.9479284456315333,0.8982196964349441,0.9794681671267751,0.934148484292342,0.9646165202877944,0.9646165202877944,0.9607681152374119,0.9607681152374119,0.9230408228411661,0.9230408228411661,0.9180522557112338,0.9180522557112338,15.496880034252225,0.056340560362694476,0.5525646441058868,0.582901554404145,798,DS24-GCaMP6f-m-PV-V1,26.58896212595214,,,,,,,0.9398503866577771,179.0942336732986
305,1058.3008963561272,5291.546509063158,5.990105339306887,29.95076457580894,0.9733647689589074,0.9733647689589098,0.9993669554122876,0.9993669554122876,0.9742095595182815,0.9742095595182843,0.9996041437119405,0.9996041437119405,3000.0,0.7328071172786534,0.3947735994786749,0.6682495860241515,0.5380557790957149,0.9998002562857258,0.9998002562857258,0.9965820439282088,0.9965820439282088,0.9997510658212181,0.9997510658212182,0.995939184388859,0.995939184388859,5.867073252412559,0.16701293423003966,0.36190315485967717,0.8589411967580617,799,DS24-GCaMP6f-m-PV-V1,26.589980605675265,,,,,,,0.42624091151589893,0.0004411585502503248
306,307.79901724483193,1539.0055733864658,1999.986370440991,9999.999994663189,0.9941262301420505,0.9941262301420511,0.9995042620968028,0.9995042620968028,0.9933773157355776,0.9933773157355797,0.9974728698591646,0.9974728698591646,3000.0,0.8737470111508302,0.7753487190463969,0.9062402996708409,0.6017508650319936,0.9999516326457546,0.9999516326457546,0.9973624102322017,0.9973624102322017,0.9999492023005735,0.9999492023005735,0.9970854796920836,0.9970854796920836,10.919096503673883,0.08575000095423835,0.2672059058615988,0.9065960855331894,800,DS24-GCaMP6f-m-PV-V1,26.58972629575523,,,,,,,0.6386577628120664,72.13881338102406
307,,,1998.9943830580698,9999.306036842436,,,,,0.9861279252029655,0.9861279252029657,0.8092496174169971,0.8092496174169971,3000.0,,,0.9948473349684659,0.8451542547285165,,,,,0.9999588982436749,0.9999588982436749,0.9858589066601966,0.9858589066601966,44.248802457906876,0.00674563097643098,0.0809167197747809,0.0,801,DS24-GCaMP6f-m-PV-V1,26.588966499370052,,,,,,,0.9470936582517732,202.48189483050112
308,393.3950234675071,1967.0018432578333,1999.9687895843228,9999.979819001013,0.9908625200536245,0.9908625200536259,0.9994973670776267,0.9994973670776267,0.9862083215895775,0.9862083215895785,0.9892403882020001,0.9892403882020001,3000.0,0.9163614982482002,0.633131653069503,0.8804365222299181,0.5820060038132429,0.9993962397016564,0.9993962397016564,0.9871217695156149,0.9871217695156149,0.9973168895808389,0.9973168895808388,0.9782488392121651,0.9782488392121651,20.093839176318514,0.04866228973069266,0.21870584526400244,0.7388661846379545,802,DS24-GCaMP6f-m-PV-V1,26.588966361874114,,,,,,,0.6502043784837963,117.05817551839888
309,316.16734049306274,1580.8526599698037,1999.979810200814,9999.999993393474,0.9891657347097358,0.9891657347097342,0.9988742193565497,0.9988742193565497,0.9861370909214773,0.9861370909214774,0.9943121854741134,0.9943121854741134,3000.0,0.8341848792020613,0.6352878278944609,0.8124545939760527,0.5600564321311703,0.9988464921108693,0.9988464921108693,0.9848398581927378,0.9848398581927378,0.9935557591797002,0.9935557591797001,0.9328576598419798,0.9328576598419798,16.06541160075134,0.060036397479755414,0.17280464311608862,0.8746488183771277,803,DS24-GCaMP6f-m-PV-V1,26.59029374421638,,,,,,,0.590979953999685,105.30656557086719
310,310.00860949404904,1550.107702945021,1999.9165792727094,9999.999999476122,0.976554971243647,0.9765549712436465,0.9714481274099337,0.9714481274099337,0.9845234955505253,0.9845234955505251,0.924802094997451,0.924802094997451,3000.0,0.7216503173075374,0.7715580457414877,0.758454698566142,0.7275299168094927,0.9992625564770812,0.9992625564770812,0.9971246972898662,0.9971246972898662,0.9991981708963275,0.9991981708963275,0.9969122880784037,0.9969122880784037,17.26822038030539,0.033461789434782604,0.3256071548261339,0.538695652173913,804,DS24-GCaMP6f-m-PV-V1,26.5890068698053,,,,,,,0.7838134963831569,157.72126376060595
311,415.6131021964333,2078.110217353419,1999.956949191067,9999.999875886,0.9971229613647024,0.9971229613647022,0.9996441222931636,0.9996441222931636,0.9855302901924909,0.9855302901924913,0.979991136246026,0.979991136246026,3000.0,0.8674298461989609,0.8287594139734759,0.9208387757074723,0.8307394130409295,0.9832740057772695,0.9832740057772695,0.9977754395164814,0.9977754395164814,0.9215573668820103,0.9215573668820103,0.9568098561026093,0.9568098561026093,24.488217682009925,0.039512600268848626,0.1880261536119159,0.7796610169491526,805,DS24-GCaMP6f-m-PV-V1,26.591868920471505,,,,,,,0.7673386940105669,102.22576870357454
312,306.93635129015155,1534.7015567729618,1999.9740316831717,9999.999175816569,0.9982085664978413,0.9982085664978408,0.9992259814308668,0.9992259814308668,0.9963413197262065,0.9963413197262054,0.9944699357656696,0.9944699357656696,3000.0,0.9134229670318124,0.8668593337770018,0.9485336558912127,0.7533656706257592,0.9999830654168876,0.9999830654168876,0.9981435223586702,0.9981435223586702,0.9999829338565916,0.9999829338565918,0.9981041068054424,0.9981041068054424,22.189575718940226,0.04352077206055976,0.12207059781481376,0.9101326481005625,806,DS24-GCaMP6f-m-PV-V1,26.58896729377178,,,,,,,0.26913225951182873,224.99761550080788
313,5852.553802698135,29262.991349540815,34.8397728860733,174.20018797864174,0.9799154467085701,0.9799154467085722,0.9679372112026452,0.9679372112026452,0.9908486351000969,0.9908486351000979,0.9895463549241825,0.9895463549241825,3000.0,0.811058612402082,0.510517538815117,0.7980238221640557,0.5692901764873141,0.9996848223909186,0.9996848223909185,0.9810302351944324,0.9810302351944324,0.9996768660685753,0.9996768660685753,0.980572427134738,0.980572427134738,1.905357467537162,0.5112697810240964,0.40649221764420923,0.6927710843373494,808,DS25-GCaMP6f-m-SST-V1,26.58896231166259,,,,,,,0.6724986389832703,0.0017652597334120168
314,2862.9995787702337,14315.117285068822,30.873509763501943,154.3688362874595,0.9252386578276381,0.9252386578276361,0.9973143597035408,0.9973143597035408,0.9305038464200871,0.9305038464200863,0.999987782060818,0.999987782060818,3000.0,0.7503663373287764,0.6452917336697482,0.6952535019589281,0.7458458712344976,0.8823319990548432,0.8823319990548429,0.9037259447563102,0.9037259447563102,0.9986441184604363,0.9986441184604367,0.9970378551204644,0.9970378551204644,2.7854317641568715,0.35730564977777773,0.39986995963757715,0.41444444444444445,809,DS25-GCaMP6f-m-SST-V1,26.589993560540826,,,,,,,0.6256685401240407,0.001716428085641856
315,1357.6841895111036,6788.43600951568,1999.9952977526307,9999.998676433695,0.9747839044975943,0.9747839044975924,0.999719356146031,0.999719356146031,0.9744519834067694,0.9744519834067654,0.9996934506092782,0.9996934506092782,3000.0,0.6600404437297984,0.44672993280060574,0.6345181880432947,0.4382910393950312,0.9997866205215239,0.9997866205215237,0.9966982230185821,0.9966982230185821,0.9997710753346312,0.9997710753346312,0.9965326605412588,0.9965326605412588,5.801842553640993,0.1720759321139287,0.7437184664551102,0.7224310445232676,810,DS25-GCaMP6f-m-SST-V1,26.588962936405547,,,,,,,0.6369553424794026,45.984904743529576
316,782.3481112089927,3911.8132133306635,1999.9628324845023,9999.999900547045,0.9378545136449411,0.9378545136449372,0.999580194617002,0.999580194617002,0.9300849619763485,0.9300849619763492,0.9895970061055794,0.9895970061055794,3000.0,0.8860317898377353,0.7007604449672706,0.9195067950456645,0.7194487522568962,0.9999925068608156,0.9999925068608156,0.9994429501872347,0.9994429501872347,0.9999922439857679,0.9999922439857677,0.9993897128735787,0.9993897128735787,12.044795658816811,0.08123761226927251,0.3257903166053929,0.47432914533891735,811,DS25-GCaMP6f-m-SST-V1,26.59082912581534,,,,,,,0.695960051254753,99.22011735361396
317,253.7026138928966,1268.7982941328087,1999.5347756136284,9999.921851135621,0.9983932017811226,0.9983932017811228,0.8616791483691972,0.8616791483691972,0.8081675231082261,0.8081675231082257,0.8041338504356134,0.8041338504356134,3000.0,0.9826681092892581,0.8660765676638315,0.8133671867531163,0.8064553546724806,0.9843958278337289,0.9843958278337288,0.7381393766634035,0.7381393766634035,0.9499508895394934,0.9499508895394934,0.621878236730411,0.621878236730411,8.579506978263954,0.04294937865497076,0.3730502169112589,0.5760233918128655,813,DS25-GCaMP6f-m-SST-V1,26.588967690654762,,,,,,,0.7961445042943488,269.63360890268393
318,244.98049331846482,1225.1018896463731,1998.8625919661479,9995.940106863201,0.8896697269369227,0.8896697269369225,0.554094543685693,0.554094543685693,0.8357154193518697,-0.835715419351869,0.456568319382645,-0.456568319382645,3000.0,0.5838829764461977,0.5997176054232973,0.49109130738657886,0.24161284822809104,0.8304722864364605,0.8304722864364605,0.6215480593569332,0.6215480593569332,0.5343332181511143,0.5343332181511145,0.40924137038957786,0.40924137038957786,3.5812078486943304,0.28024778707865167,0.3239992203628256,0.9662921348314607,814,DS25-GCaMP6f-m-SST-V1,26.588967770473545,,,,,,,0.9565033889036532,101.25591738929717
319,179.10248466693648,895.5299938021698,1999.9600116040153,9999.996259833946,0.9945860013258419,0.9945860013258421,0.9865422618133857,0.9865422618133857,0.9725117951633269,0.9725117951633276,0.9575312869504011,0.9575312869504011,3000.0,0.9718272124305539,0.502794045310829,0.9369964383370818,0.30467044538371924,0.9989941686991862,0.9989941686991862,0.967865118977246,0.967865118977246,0.9907406606648412,0.9907406606648412,0.9235962061848699,0.9235962061848699,3.4362705704503353,0.1610859975453575,0.2948923023241057,0.8943436499466382,815,DS25-GCaMP6f-m-SST-V1,26.588967804188204,,,,,,,0.7064598970468163,135.8908881111088
320,250.18345655841492,1250.9957728318375,1999.87319220512,9999.993381113787,0.9980103736538093,0.9980103736538092,0.9930737734845799,0.9930737734845799,0.934187382199583,0.9341873821995835,0.954697008483238,0.954697008483238,3000.0,0.9218013434131296,0.7556082892343272,0.8670453151817805,0.48384211085729684,0.9997337511467053,0.9997337511467053,0.9922486456958994,0.9922486456958994,0.9997271807791874,0.9997271807791874,0.9923037960486423,0.9923037960486423,7.632574307879005,0.10875694724409457,0.33281646348117544,0.7454068241469817,816,DS25-GCaMP6f-m-SST-V1,26.588967903463164,,,,,,,0.881921979758037,124.96950825047075
321,295.6257699025391,1478.2314427602055,1999.4764572515533,9998.076179699927,0.992099479944651,0.9920994799446513,0.9954581666172203,0.9954581666172203,0.9246217582530025,0.9246217582530024,0.8765529247948081,0.8765529247948081,3000.0,0.9573133069172647,0.6429483980386969,0.8427318057727168,0.5892269215599603,0.9602989099931357,0.9602989099931359,0.9509004550884237,0.9509004550884237,0.810645576931121,0.810645576931121,0.6702355225337793,0.6702355225337793,8.701460949990146,0.11493735266558971,0.27090515895403394,0.8206785137318255,817,DS25-GCaMP6f-m-SST-V1,26.588967842342768,,,,,,,0.8906061263162913,103.02987253783611
322,291.9669628726598,1460.0631683972479,222.24610664289833,1111.4043569734608,0.987580705364153,0.987580705364153,0.9673916473709786,0.9673916473709786,0.9866560924791601,0.9866560924791599,0.9726518758449494,0.9726518758449494,3000.0,0.9774796114174285,0.7803858105000346,0.9689822822260066,0.7672104656474364,0.8544644595120711,0.8544644595120711,0.8800275464479713,0.8800275464479713,0.8891515757446949,0.889151575744695,0.9700064009325114,0.9700064009325114,5.463718950631248,0.18302625140186887,0.3073725098778202,0.9127725856697819,818,DS25-GCaMP6f-m-SST-V1,26.588967688320388,,,,,,,0.6317771737253723,0.516328374784368
323,295.12302909527784,1475.9095342676662,1999.5998432955828,9999.993841508398,0.9726195235466712,0.972619523546671,0.9393824217487563,0.9393824217487563,-0.06811337943975335,0.06811337943975594,0.3599355361934725,-0.3599355361934725,3000.0,0.8474800969849715,0.4552899746743398,0.30246223345465817,-0.10072787050317253,0.7730249888448326,0.7730249888448326,0.9594342187192777,0.9594342187192777,-0.03302312623774879,0.03302312623774881,0.17527213840958653,-0.17527213840958653,5.534933242143497,0.18112227027027022,0.35292057931774806,0.9111969111969112,819,DS25-GCaMP6f-m-SST-V1,26.588967767066258,,,,,,,0.9623511941810203,100.8702653255605
324,176.84804850102162,884.3460584392504,1999.7604602830775,9999.998845697099,0.9979557310230901,0.9979557310230901,0.9843262829289567,0.9843262829289567,0.8105264785127041,0.8105264785127073,0.7554033535431551,0.7554033535431551,3000.0,0.9697646743757544,0.7581279038210085,0.8642666749954548,0.5392868594190678,0.9970958452611053,0.9970958452611053,0.9239675788442828,0.9239675788442828,0.9761386527040242,0.976138652704024,0.836590976876653,0.836590976876653,8.200214427438379,0.12186257761904763,0.2079445898193803,0.8825396825396825,821,DS25-GCaMP6f-m-SST-V1,26.588967858223334,,,,,,,0.8148170103648391,189.58944666127934
325,207.05173065129847,1035.822821879977,1997.5476837994588,9993.181279694807,0.9976407790549691,0.997640779054969,0.9680617260610329,0.9680617260610329,0.5971177196102361,0.5971177196102341,0.6334767996155914,0.6334767996155914,3000.0,0.9909080489620918,0.8720815992723809,0.9520181505554469,0.35909242322980395,0.9967566589834767,0.9967566589834768,0.8569976002209766,0.8569976002209766,0.9930340538270211,0.993034053827021,0.7287384276516886,0.7287384276516886,12.374739879792022,0.05811439321266902,0.23611131058799809,0.7420814479638009,822,DS25-GCaMP6f-m-SST-V1,26.588968120093668,,,,,,,0.6425089009275665,569.2199207011682
326,164.7242339136651,823.7114943430672,1999.780688287599,9999.999999824766,0.9958313219578762,0.9958313219578765,0.9928198368748209,0.9928198368748209,0.8774812589957146,0.8774812589957148,0.857908340925531,0.857908340925531,3000.0,0.9355400269740394,0.6174394113161086,0.8597155277404137,0.30779122534028575,0.972767467154966,0.9727674671549659,0.8992560186000873,0.8992560186000873,0.7952528621912979,0.7952528621912976,0.5184167419824606,0.5184167419824606,6.16890446579238,0.16229597803571413,0.27692665140634476,0.8267857142857142,823,DS25-GCaMP6f-m-SST-V1,26.588967911383197,,,,,,,0.8774149997050202,136.6655290891425
327,161.03731830377754,805.2213899176551,1999.811892796367,9999.491601404628,0.9544391113087103,0.9544391113087094,0.9686031224992071,0.9686031224992071,0.924164702443402,0.9241647024434017,0.9391009303972652,0.9391009303972652,3000.0,0.915200047010768,0.3243287973076525,0.8074038397033212,0.1285236299033592,0.9804066823822193,0.9804066823822193,0.9045828594027033,0.9045828594027033,0.8502965275594891,0.8502965275594891,0.7695708704959419,0.7695708704959419,4.059697421447702,0.24655032489878567,0.28052526518598414,0.8765182186234818,828,DS25-GCaMP6f-m-SST-V1,26.5889677582494,,,,,,,0.8250638154741874,143.00372037566834
328,677.8864759878736,3390.150000935224,1999.5766434878349,9999.999999869595,0.9914299984471402,0.9914299984471401,0.941423612331304,0.941423612331304,0.9494575960570175,0.9494575960570175,0.9007935104198209,0.9007935104198209,3000.0,0.8596808918247453,0.6940255766812522,0.8609692721034186,0.6620918845026669,0.9959545973672079,0.9959545973672078,0.9822750774102741,0.9822750774102741,0.9952641308221284,0.9952641308221284,0.9793118339640777,0.9793118339640777,2.939918092085317,0.2043444029629629,0.7588577387082073,0.674074074074074,830,DS25-GCaMP6f-m-SST-V1,26.588965097536327,,,,,,,0.7999032267646542,265.18173242769274
329,639.6264999605629,3198.183887012002,6.513708126996169,32.569063942383096,0.9668565743349089,0.9668565743349109,0.989003394875904,0.989003394875904,0.9628914742068924,0.9628914742068951,0.9892013645251464,0.9892013645251464,3000.0,0.6648558361429168,0.47546351027978784,0.877141706757959,0.8348193931692184,0.9828555446428453,0.9828555446428453,0.9569250282752205,0.9569250282752205,0.992665912978229,0.9926659129782291,0.9764512267795303,0.9764512267795303,2.308613159336554,0.43292849653739607,0.9099104752694955,0.6011080332409973,831,DS25-GCaMP6f-m-SST-V1,26.58896511451658,,,,,,,0.6177190703433424,0.0005701732184563629
330,648.0742453528393,3240.4020617640226,879.3488108862471,4396.785893341862,0.9233163391166099,0.9233163391166082,0.9999549414931805,0.9999549414931805,0.9218292936376119,0.9218292936376138,0.9999046500363267,0.9999046500363267,3000.0,0.9126448751100833,0.7709281918149277,0.9192642111855666,0.7555231057326474,0.999784137502471,0.9997841375024711,0.9886532792344799,0.9886532792344799,0.9997260871191943,0.9997260871191942,0.9881951510738061,0.9881951510738061,12.262793352547737,0.08124768969046837,0.608512262614886,0.5816410088437602,833,DS25-GCaMP6f-m-SST-V1,26.589969177283976,,,,,,,0.7546388159292736,5.353623713074309
331,117.417103148194,587.0919361886814,31.59694712364133,157.98646336094095,0.9905397707608038,0.9905397707608042,0.9999562064768512,0.9999562064768512,0.9905958737738481,0.9905958737738478,0.999957186573011,0.999957186573011,3000.0,0.7857291811201026,0.940001882150093,0.8192447375335721,0.9332396814042866,0.9994493528736821,0.999449352873682,0.9966153128672411,0.9966153128672411,0.9994341628676366,0.9994341628676366,0.9965196081343349,0.9965196081343349,6.324530757438214,0.15599052206339342,0.6571926628418584,0.48166563082660035,834,DS25-GCaMP6f-m-SST-V1,26.588963883321327,,,,,,,0.7263776640891009,0.0019856497762862683
332,310.8862751062794,1554.4407570090584,1999.9879294287043,9999.999999894946,0.9750867053199659,0.975086705319965,0.9999911505058088,0.9999911505058088,0.9769584786084369,0.9769584786084339,0.9997128833948916,0.9997128833948916,3000.0,0.8400291018621269,0.5975451804952756,0.7811289400975623,0.4723553048000906,0.9486187471016473,0.9486187471016473,0.9913776664669786,0.9913776664669786,0.6920063150790712,0.6920063150790713,0.9432491583833751,0.9432491583833751,5.985402865009793,0.1670906161290322,0.32973304763906763,0.1935483870967742,835,DS25-GCaMP6f-m-SST-V1,26.589933959468137,,,,,,,0.5929697874324715,89.76364529620211
333,3423.1591033899113,17115.965123306334,5.6368500572275435,28.18452957365344,0.9903853255318721,0.9903853255318719,0.9922911778640783,0.9922911778640783,0.9891190783590502,0.9891190783590502,0.9992444183526873,0.9992444183526873,3000.0,0.7952354285932401,0.5916142836806337,0.8866393216090092,0.8149289657288449,0.999526708524558,0.999526708524558,0.9969000216157414,0.9969000216157414,0.9994700116455532,0.9994700116455529,0.996433444957892,0.996433444957892,5.980664646329113,0.16718848244062656,0.271486357470293,0.7084386053562405,837,DS25-GCaMP6f-m-SST-V1,26.58895641324544,,,,,,,0.5733779759795719,0.0003832429910756955
334,585.9059527920082,2929.5639402666566,5.700731961984421,28.503992337629903,0.9768126324704391,0.9768126324704395,0.9998892660274934,0.9998892660274934,0.9753580083122009,0.9753580083122017,0.999975227809643,0.999975227809643,3000.0,0.923265323918504,0.7628059145584632,0.8852327066457096,0.8126398223256416,0.9997101912679907,0.9997101912679904,0.9879692049617748,0.9879692049617748,0.9998216878992996,0.9998216878992995,0.9935673501839953,0.9935673501839953,11.469352278292233,0.08290594882567466,0.2498005298481599,0.5034281546316557,839,DS25-GCaMP6f-m-SST-V1,26.590629297470105,,,,,,,0.49333259539092555,0.0004764413250304147
335,356.61771321492114,1783.2129727103695,1999.8603031146679,9999.999169904824,0.9977396850974383,0.9977396850974383,0.9996520776125968,0.9996520776125968,0.9862880366542596,0.9862880366542595,0.9712217538074546,0.9712217538074546,3000.0,0.9388574719942941,0.9182045555140076,0.9646000650047777,0.9585817230153482,0.9999390281593976,0.9999390281593976,0.9997404761339951,0.9997404761339951,0.9999279191982651,0.9999279191982648,0.9996198090292162,0.9996198090292162,12.033220432162569,0.07929675299647472,0.676772408929417,0.6586368977673326,840,DS25-GCaMP6f-m-SST-V1,26.588965640767903,,,,,,,0.8449360382955844,126.13148654713689
336,428.67998291606364,2143.6658613987765,1999.7413773636058,9999.947497245957,0.9027163457375766,0.9027163457375744,0.9143439047718294,0.9143439047718294,-0.3215659015085827,0.3215659015085731,0.14377678156202783,-0.14377678156202783,3000.0,0.8713874140837679,0.6231153025199779,0.759380632428849,0.46617568087187616,0.6386818149961244,0.6386818149961246,0.9876779471991763,0.9876779471991763,-0.36586774683366413,0.3658677468336642,0.10317210060279815,-0.10317210060279815,3.103969945096728,0.3232764908713693,0.7044834778837022,0.8630705394190872,841,DS25-GCaMP6f-m-SST-V1,26.588965686717014,,,,,,,0.9056947899203274,124.45437844257586
337,,,4.054799118257576,20.286924851229053,,,,,0.9980775367338299,0.99807753673383,0.9999868126899871,0.9999868126899871,3000.0,,,0.6723233792195635,0.5,,,,,0.9749213838220457,0.9749213838220459,0.9804062108894277,0.9804062108894277,22.40029333179398,0.04466152938775524,0.28342215766522466,0.0,842,DS25-GCaMP6f-m-SST-V1,26.588966068633503,,,,,,,0.7008589972556611,0.001801201206462414
338,530.2305898150539,2651.42824841167,101.24826384997814,506.29388803861207,0.7559829807682528,0.7559829807682528,0.7678035475609891,0.7678035475609891,0.6538257284885751,0.6538257284885775,0.7678329205655985,0.7678329205655985,3000.0,0.6930250169270588,0.4023579654306067,0.1555502392019523,0.49520980360690053,0.0888370042625591,0.08883700426255906,0.4497004789827902,0.4497004789827902,0.8968091662034883,0.896809166203488,0.9916468498871431,0.9916468498871431,2.1867938707776635,0.09580610943396228,0.4328202697414811,0.9528301886792453,847,DS25-GCaMP6f-m-SST-V1,26.588960989548973,,,,,,,0.8245676640705306,0.04214304060125284
339,612.855607649704,3064.4384765496143,55.55749529628902,277.8020207722163,0.9535813001403435,0.9535813001403433,0.9909030773402895,0.9909030773402895,0.9544523964007571,0.954452396400757,0.9909274570024107,0.9909274570024107,3000.0,0.5559306724633728,0.43670806602730494,-0.013215481201248803,0.37615849836336795,-0.09222639244138559,-0.09222639244138559,0.640700708066054,0.640700708066054,0.9481247991278937,0.9481247991278938,0.9903629796185948,0.9903629796185948,2.0096815656953106,0.44437673275109146,0.7058956087169781,0.8209606986899564,849,DS25-GCaMP6f-m-SST-V1,26.588960888742736,,,,,,,0.8521633048251559,0.006852168200226561
340,520.8752007853147,2604.491144760939,1055.596263552102,5278.214660093481,0.998158646680853,0.9981586466808527,0.9914306168556768,0.9914306168556768,0.9979885461493635,0.9979885461493635,0.9545870237850443,0.9545870237850443,3000.0,0.9738801258381237,0.6842757932647745,0.9894938731226046,0.7290051229065693,0.9863256158060072,0.9863256158060072,0.9789741765295397,0.9789741765295397,0.9736500113529778,0.9736500113529778,0.7906999399585255,0.7906999399585255,8.986152453882958,0.1045602654415798,0.31973183815286194,0.9544706527701591,850,DS25-GCaMP6f-m-SST-V1,26.588960961406976,,,,,,,0.8400722694344989,15.771034049755077
341,398.62347248846197,1993.7376818258192,59.98204885233107,300.0035855476901,0.9986490110439905,0.9986490110439907,0.9993700892561219,0.9993700892561219,0.9964601642186187,0.9964601642186188,0.9996090483077386,0.9996090483077386,3000.0,0.671816876277757,0.30952380952380953,-0.08097856085918193,-0.04761904761904763,0.376038286260368,0.37603828626036795,0.5899862444580997,0.5899862444580997,0.8791046164389968,0.8791046164389968,0.921326094660922,0.921326094660922,15.737140972429858,0.06013500790816333,0.632220683963907,0.9030612244897959,851,DS25-GCaMP6f-m-SST-V1,26.588960828736454,,,,,,,0.9456362067954209,0.00984894536726769
342,790.2030753974535,3953.535734648512,53.841985308693424,269.3816558930411,0.8874533975352616,0.8874533975352618,0.8211342900111437,0.8211342900111437,0.9191956051696496,0.9191956051696495,0.9914060089318333,0.9914060089318333,3000.0,0.3028464504292683,-0.5,-0.9991195182894617,-1.0,-0.3225049088370471,-0.32250490883704713,-0.3469140082178517,-0.3469140082178517,0.8726362508723696,0.8726362508723695,0.9508632720350549,0.9508632720350549,9.652157227603613,0.09424905333333386,0.48652759744148566,0.9333333333333333,852,DS25-GCaMP6f-m-SST-V1,26.588961419436366,,,,,,,0.9449078013647907,0.012425358588690765
343,556.56200568617,2783.275319381332,104.11069586410152,520.6405168188259,0.9621510441670013,0.9621510441670015,0.9910693208703643,0.9910693208703643,0.9538617127220377,0.9538617127220378,0.9992563794007783,0.9992563794007783,3000.0,0.9409278804020618,0.8775799223697635,0.708299836357813,0.5364516766837112,0.9818302773572123,0.9818302773572123,0.8801932262530632,0.8801932262530632,0.9957153518218784,0.9957153518218783,0.9854107286641971,0.9854107286641971,22.34058695712976,0.04211702188183807,0.3920077869365034,0.9332603938730853,853,DS25-GCaMP6f-m-SST-V1,26.58896087028886,,,,,,,0.9022896491414112,0.035483653707732765
344,699.6328004830154,3501.3138174381584,1997.6492448123404,9997.239835564496,0.9280383842590365,0.9280383842590364,0.8554332520059706,0.8554332520059706,-0.42839344421181347,0.42839344421181436,-0.4749931937407446,0.4749931937407446,3000.0,0.758493218739505,1.0,0.9853159022004547,1.0,-0.14196181355870052,-0.14196181355870052,-0.18525982867314233,-0.18525982867314233,0.5626635963760067,-0.5626635963760068,0.4574884371800295,-0.4574884371800295,12.891617942486679,0.0646781338582675,0.4598223311616474,0.952755905511811,854,DS25-GCaMP6f-m-SST-V1,26.588962006378775,,,,,,,0.9447333514295959,241.84217629198167
345,415.4799984784718,2077.6633996720184,1999.746438902668,9999.999999874388,0.9896578368691351,0.9896578368691351,0.9970405548004986,0.9970405548004986,0.9602409067080405,0.9602409067080402,0.9281218538522576,0.9281218538522576,3000.0,0.9048310409416149,0.7987012987012986,0.9755661775418257,0.9701298701298702,0.9404928475681743,0.9404928475681746,0.8831173618634854,0.8831173618634854,0.877862303326939,0.8778623033269393,0.8694765699263182,0.8694765699263182,17.19653650704665,0.05597625893333326,0.41484239046713667,0.9573333333333334,855,DS25-GCaMP6f-m-SST-V1,26.588960975815468,,,,,,,0.7926299644047222,220.52307461981457
346,498.05150261192864,2491.2748187005845,1998.9470818612567,9998.818400988179,0.9789601114829096,0.9789601114829094,0.9852648790863637,0.9852648790863637,0.7753226113747533,0.7753226113747538,0.31405234255802444,0.31405234255802444,3000.0,0.9683725497550876,0.6,0.9887983938991083,0.8999999999999998,0.7785909121362634,0.7785909121362634,0.642411398232725,0.642411398232725,0.8211752283497701,0.8211752283497701,0.7165787823188738,0.7165787823188738,19.750115223521625,0.04264307844311396,0.3421919693240861,0.9461077844311377,856,DS25-GCaMP6f-m-SST-V1,26.588961091964933,,,,,,,0.9375020265704793,227.3223237521409
347,374.5559528802621,1872.7877186206676,56.6600567593182,283.3014870521174,0.9950002617402348,0.9950002617402367,0.9992635663701772,0.9992635663701772,0.995116879017058,0.9951168790170599,0.9992708153523331,0.9992708153523331,3000.0,0.7786447009697834,0.5024432940155149,0.7198881774607796,0.5778707562260079,0.9674501818538178,0.9674501818538178,0.9889023293230634,0.9889023293230634,0.9949263354232787,0.9949263354232788,0.9909322051761694,0.9909322051761694,9.620320282704204,0.10358637031889495,0.6497508341100642,0.8316848567530696,857,DS25-GCaMP6f-m-SST-V1,26.589781134342644,,,,,,,0.6305779526526463,0.00398167458457951
348,872.301306240415,4361.522244422255,1999.9915918201511,9999.993985996527,0.980898313136851,0.980898313136851,0.9994165879677006,0.9994165879677006,0.9808294479657091,0.9808294479657098,0.9992528874350939,0.9992528874350939,3000.0,0.8479446157840246,0.40086187793057065,0.8560430195150155,0.3748632493193967,0.9998658931713238,0.9998658931713238,0.995622460609675,0.995622460609675,0.9998657988631239,0.9998657988631239,0.9956163462503685,0.9956163462503685,4.6769336306593114,0.21166433491148065,0.5535526096576738,0.7204935622317596,858,DS25-GCaMP6f-m-SST-V1,26.58959384092819,,,,,,,0.7499274303234704,50.32712459239612
349,421.7530039340194,2109.202780241758,41.95602423548209,209.82366963582714,0.9581501274410162,0.9581501274410165,0.9450459615741039,0.9450459615741039,0.9762861301555917,0.9762861301555917,0.9455848386899599,0.9455848386899599,3000.0,0.876038679156093,0.8918899540888059,0.9191769885422976,0.9353967811175282,0.9991194967866986,0.9991194967866986,0.9805483724538137,0.9805483724538137,0.999418686841574,0.999418686841574,0.9897549194470774,0.9897549194470774,3.1948999526255975,0.16016514999999998,0.6600596385264229,0.4,859,DS25-GCaMP6f-m-SST-V1,26.588960762760138,,,,,,,0.6726090026150076,0.012338333405461602
350,,,4.979771910169992,24.899738878010282,,,,,0.9685431550063874,0.9685431550063878,0.9980757156702523,0.9980757156702523,3000.0,,,0.2584433656573984,0.2033686602662321,,,,,0.9889301836725396,0.9889301836725398,0.9855134943183244,0.9855134943183244,0.9672301940254863,0.9608832219178081,0.6659195036507707,0.4657534246575342,861,DS25-GCaMP6f-m-SST-V1,26.58896063984347,,,,,,,0.5222925582751969,0.0008111015657617915
351,62474.19684658223,312377.2856886168,4.774485449476968,23.872908825541835,0.7641588280839566,-0.7641588280839561,0.7245017101527692,-0.7245017101527692,0.9444950537754885,0.9444950537754894,0.9999461523229481,0.9999461523229481,3000.0,0.11183372550519814,0.06361128420232155,-0.06973810291338074,-0.05952055077930045,0.9045896329048058,0.9045896329048059,0.8905330482376753,0.8905330482376753,0.9901952265401487,0.9901952265401485,0.9883925125158148,0.9883925125158148,1.0099946621318447,0.9916327518309859,0.6092609607615909,0.37464788732394366,862,DS25-GCaMP6f-m-SST-V1,26.58896059971811,,,,,,,0.3509013102031133,0.0007351707282527269
352,925.3103289049244,4626.757129588295,44.7106469407591,223.56316366475755,0.9885282576389686,0.9885282576389686,0.999568657593522,0.999568657593522,0.9902246519731047,0.990224651973105,0.999774007080455,0.999774007080455,3000.0,0.8066066893535464,0.4057305112439098,0.7273859936882224,0.4878336329529384,0.973910811844353,0.973910811844353,0.9289501827875154,0.9289501827875154,0.9975889932327237,0.9975889932327237,0.9924348394425966,0.9924348394425966,1.653248568386406,0.5650873564469915,0.7242998819455727,0.45558739255014324,872,DS25-GCaMP6f-m-SST-V1,26.593684114329903,,,,,,,0.792570153209427,0.004243466406963927
353,498.9514817533537,2494.8675782290825,10.039858245928762,50.20150804996626,0.9675199854094799,0.9675199854094803,0.9795379151950914,0.9795379151950914,0.9704575011537093,0.9704575011537091,0.9849634060300035,0.9849634060300035,3000.0,0.7251344692489848,0.725246901239225,0.729786946951272,0.6544712642141969,0.9892227125560706,0.9892227125560706,0.983884663640991,0.983884663640991,0.9927993316685504,0.9927993316685502,0.98970578965156,0.98970578965156,4.336543190435207,0.19826823516699402,0.6372025408174246,0.4302554027504912,873,DS25-GCaMP6f-m-SST-V1,26.588961875472332,,,,,,,0.6394352705581972,0.0013216852493763797
354,467.02652521902456,2335.143370409676,32.44933020070736,162.24739752604012,0.9988617381518353,0.9988617381518353,0.9999010885803696,0.9999010885803696,0.9989086660009149,0.9989086660009148,0.9999221576032761,0.9999221576032761,3000.0,0.41687116945712754,0.23721476185064141,0.5600222476304353,0.39785294190053905,0.9857235111423733,0.9857235111423736,0.968375524708087,0.968375524708087,0.9866764306223685,0.9866764306223685,0.9681127312310263,0.9681127312310263,3.313440853668187,0.29886055664816275,0.537229025072886,0.29764736981231826,874,DS25-GCaMP6f-m-SST-V1,26.588961818613768,,,,,,,0.19094977812679959,0.004509868872270592
355,403.97343143277146,2019.8824646816931,27.774604168689926,138.87407328951568,0.9457989109478134,0.9457989109478164,0.9999371575750229,0.9999371575750229,0.9452775262409823,0.9452775262409876,0.9999509528282121,0.9999509528282121,3000.0,0.8768629122836922,0.41406124270554695,0.8582913702203654,0.21221855407886378,0.9994428028659529,0.999442802865953,0.9878663254284313,0.9878663254284313,0.9994216946274629,0.9994216946274629,0.9874304259854411,0.9874304259854411,4.51369422039602,0.21177178416313558,0.6659837322823858,0.3112641242937853,875,DS25-GCaMP6f-m-SST-V1,26.589762316514733,,,,,,,0.7973196475427933,0.000854687602550224
356,,,4.370127150597782,21.850870533571587,,,,,0.9778225435171723,0.9778225435171713,0.9999918826508585,0.9999918826508585,3000.0,,,0.6482852447442469,0.3234988998044288,,,,,0.99779827516676,0.99779827516676,0.9529112893840834,0.9529112893840834,1.3009158275859036,0.7655259302968268,0.7197087283091596,0.5168884339815762,876,DS25-GCaMP6f-m-SST-V1,26.588963678542566,,,,,,,0.6462646091394637,0.00025763122357895323
357,1209.8784625143571,6049.435333352595,161.16802643914414,805.8458629980729,0.9829251839967003,0.9829251839966999,0.9999263338342573,0.9999263338342573,0.9831357696566186,0.9831357696566193,0.9999949443140577,0.9999949443140577,3000.0,0.3987454542182317,0.12372550915049672,0.5036667949924074,0.246071737524885,0.9800702568437374,0.9800702568437374,0.9486647842866351,0.9486647842866351,0.9929033031095342,0.9929033031095345,0.9720227974525218,0.9720227974525218,1.598964961553444,0.6242036513240857,0.7450289425694249,0.37831021437578816,877,DS25-GCaMP6f-m-SST-V1,26.58997120375359,,,,,,,0.5296949491745473,0.06310947747518547
358,288.98101786428094,1444.9228446495235,1999.9753667362809,9999.999714482117,0.9784272581817074,0.9784272581817085,0.9999702823911998,0.9999702823911998,0.9754865240439871,0.9754865240439877,0.9933915121425797,0.9933915121425797,3000.0,0.8756222982320475,0.7723929721469684,0.7929129176142046,0.5924182184400678,0.9998584568984623,0.9998584568984622,0.997603921748656,0.997603921748656,0.999854074978415,0.999854074978415,0.9975216124736083,0.9975216124736083,11.363592167400357,0.08795140099053812,0.28604123522789204,0.4294795978710822,878,DS25-GCaMP6f-m-SST-V1,26.588957933153033,,,,,,,0.7647622470859105,79.90790465618878
359,243.4702244354943,1217.743324234801,1999.342081406258,9999.931113298151,0.9551670575979405,0.9551670575979407,0.991162104198018,0.991162104198018,0.7964995133774746,-0.7964995133774742,0.8356976190993431,-0.8356976190993431,3000.0,0.23305343429331338,0.2437060839766452,0.5896015223964172,0.5042194840896107,-0.17392775185099696,-0.17392775185099707,0.5566222036001637,0.5566222036001637,-0.21440787427365288,0.2144078742736529,-0.1918635192268093,0.1918635192268093,4.414770370840253,0.16823824580152724,0.23924035146122696,0.11450381679389313,880,DS25-GCaMP6f-m-SST-V1,26.622403145370008,,,,,,,0.8528274234542732,251.09242556966797
360,236.79823108321492,1184.0475310885465,1999.8174291510397,9999.563251728938,0.9992461048056418,0.999246104805642,0.9776628880121666,0.9776628880121666,0.992263880631014,0.9922638806310138,0.9738402722607254,0.9738402722607254,3000.0,0.9530466156951741,0.8464787899680112,0.8982685567011465,0.833009360849001,0.9999059160597973,0.9999059160597974,0.9984576924792786,0.9984576924792786,0.9999014191403428,0.9999014191403427,0.9982609952780632,0.9982609952780632,5.732357184838056,0.11682030304487179,0.6642854436536859,0.7596153846153846,881,DS25-GCaMP6f-m-SST-V1,26.58896556615284,,,,,,,0.8356373779652672,149.22161846515357
361,345.72942369145716,1728.6845358808816,1999.9566625039004,9999.99976278519,0.9828797860235343,0.9828797860235327,0.9880617793879392,0.9880617793879392,0.9795255606552333,0.9795255606552333,0.9843057493107235,0.9843057493107235,3000.0,0.8603378941415644,0.4723803235065262,0.8634511861185058,0.3994329707193956,0.9282709405573579,0.9282709405573579,0.9689546589645893,0.9689546589645893,0.64805704189827,0.64805704189827,0.7190903942451092,0.7190903942451092,0.6395647868525057,1.2579453660098519,0.8877963218362357,0.8817733990147784,882,DS25-GCaMP6f-m-SST-V1,26.58896547694167,,,,,,,0.8282916702914028,88.6863113077184
362,273.9954475909907,1370.1026446743197,40.54104333379765,202.72377215700413,0.9927191503891135,0.9927191503891136,0.9643364037315516,0.9643364037315516,0.9927693041347155,0.9927693041347156,0.9647465394465669,0.9647465394465669,3000.0,0.7427272251116425,0.8083965084349661,0.7913707862600075,0.7398284240364075,0.998859848948685,0.998859848948685,0.9932428823075766,0.9932428823075766,0.9988363464925502,0.9988363464925504,0.9932092770866373,0.9932092770866373,7.278235953934458,0.1092630857323232,0.5464633960686666,0.7840909090909091,884,DS25-GCaMP6f-m-SST-V1,26.58896539539486,,,,,,,0.6917775855140279,0.006666943733071037
363,11016.553022582108,55083.65639979383,1999.9676359902815,9999.99998600066,0.8996364497267342,0.8996364497267348,0.9067781306947346,0.9067781306947346,0.9757743070882091,0.9757743070882079,0.9905788771029842,0.9905788771029842,3000.0,0.2650420172939797,0.18754350271979614,0.3028660015407063,0.21092815720207084,0.9979580755478177,0.9979580755478176,0.9967498051517223,0.9967498051517223,0.9981705699263677,0.9981705699263674,0.9971729895123436,0.9971729895123436,1.1967390224573276,0.6620039260526316,0.6628943636382939,0.6157894736842106,886,DS25-GCaMP6f-m-SST-V1,26.588965420213324,,,,,,,0.6363922663110202,147.94016628741022
364,838.6015120212164,4193.121003846626,73.03323983636339,365.17607892063484,0.9807474169062186,0.9807474169062184,0.9880714665947187,0.9880714665947187,0.9800573056671447,0.9800573056671448,0.9916415153609186,0.9916415153609186,3000.0,0.7606963456571864,0.7599832234429834,0.6501116667546962,0.8094343455546475,0.7794809202573645,0.7794809202573646,0.8589167363196252,0.8589167363196252,0.9791722675084333,0.9791722675084331,0.9968217208363676,0.9968217208363676,6.098244680047141,0.1628197123519458,0.772053735197573,0.6175972927241963,888,DS25-GCaMP6f-m-SST-V1,26.588965392800638,,,,,,,0.852841766425945,0.008934544135079143
365,1088.9064989447259,5444.667233210976,6.29027212195427,31.45213895185263,0.9957879209764346,0.9957879209764346,0.9934575461808973,0.9934575461808973,0.9957313310443161,0.9957313310443159,0.9940525214326942,0.9940525214326942,3000.0,0.8012826289544324,0.711300915170817,0.8112349986527571,0.7578536809290316,0.9992486650798205,0.9992486650798205,0.9968962811317229,0.9968962811317229,0.9990803443059795,0.9990803443059795,0.9960231373530154,0.9960231373530154,2.335517233990595,0.3864280670833331,0.5536906298372677,0.5291666666666667,889,DS25-GCaMP6f-m-SST-V1,26.588965433123697,,,,,,,0.6640918194666654,0.0006143759758422829
366,391.5083773200065,1958.6538370211604,1998.704847840477,9999.200901123339,0.9934207280006667,0.9934207280006668,0.9601326698105679,0.9601326698105679,0.5222175225668608,-0.5222175225668588,0.3335078784336704,-0.3335078784336704,3000.0,0.9559734464771954,0.7,0.9608380315568716,0.3,0.5057107319945782,0.5057107319945779,0.39179232013674914,0.39179232013674914,0.5172585155917439,-0.5172585155917437,0.4758417557647342,-0.4758417557647342,12.011956142778748,0.08227305968586439,0.5853753782995214,0.46596858638743455,891,DS25-GCaMP6f-m-SST-V1,26.588965420213373,,,,,,,0.8693544664019859,308.1196506977815
367,467.96083827311867,2340.1621663652745,114.85923924693677,574.3840598608037,0.9884888798600707,0.9884888798600704,0.9511356153543867,0.9511356153543867,0.981810428314754,0.981810428314754,0.9519588233681243,0.9519588233681243,3000.0,0.8281980012917857,0.9218759816361338,0.7690944329183733,0.8990798396570009,0.754676714815327,0.754676714815327,0.9233461237903261,0.9233461237903261,0.9376172163574554,0.9376172163574555,0.989973784368726,0.989973784368726,4.128510250623309,0.1317209780991736,0.6995615842753526,0.40082644628099173,892,DS25-GCaMP6f-m-SST-V1,26.605954948461328,,,,,,,0.8020707687697655,0.056366327429012694
368,331.9248497925552,1659.659580180453,22.806125148244494,114.03305330328202,0.9829249054003724,0.9829249054003737,0.9981142185674072,0.9981142185674072,0.9822065571020188,0.9822065571020187,0.9982530527642098,0.9982530527642098,3000.0,0.8873959115760778,0.7735046690788918,0.8826983705663745,0.8871304312200794,0.9972068535816732,0.997206853581673,0.9756271648725926,0.9756271648725926,0.9970769095039663,0.9970769095039662,0.9742875865982059,0.9742875865982059,6.5388417198764355,0.1358841615250291,0.7164584364872117,0.8218859138533178,893,DS26-GCaMP6f-m-VIP-V1,26.589007342604006,,,,,,,0.6885550273135558,0.0019472093646384532
369,163.52245789223957,817.7152837284007,23.13827547411407,115.70595096344262,0.9943620411739731,0.9943620411739729,0.9457052184392747,0.9457052184392747,0.9920709529723061,0.9920709529723061,0.9459174937470577,0.9459174937470577,3000.0,0.9280671754272226,0.8601169404387538,0.9216969844194052,0.8738422107649041,0.9889332185922274,0.9889332185922275,0.9856771162935966,0.9856771162935966,0.9920661311042929,0.992066131104293,0.9873263577650866,0.9873263577650866,6.118428536263657,0.08578956828358211,0.7203233076223311,0.8656716417910447,894,DS26-GCaMP6f-m-VIP-V1,26.589007282127195,,,,,,,0.7418837333408592,0.00429390047979488
370,587.636826930301,2938.325572236941,7.20648284624481,36.03414875072069,0.9938954778130713,0.9938954778130713,0.9996740278099051,0.9996740278099051,0.9953206442966187,0.9953206442966186,0.9998470034770471,0.9998470034770471,3000.0,0.7631525546203867,0.8366141390934205,0.8503155210408072,0.8985490170530356,0.9940620440961778,0.994062044096178,0.993248708844627,0.993248708844627,0.9940994860555764,0.9940994860555764,0.9920342453500463,0.9920342453500463,12.25146222570789,0.0753019474162011,0.7181430535326164,0.4371508379888268,895,DS26-GCaMP6f-m-VIP-V1,26.589007342604003,,,,,,,0.6982641529828428,0.0008484388566867006
371,133.54695074350022,667.8099646634662,36.789911000399634,183.97027433698042,0.9966719849393951,0.996671984939395,0.9959828228228975,0.9959828228228975,0.9966369014494514,0.9966369014494514,0.9960379356214312,0.9960379356214312,3000.0,0.7314148162057263,0.7735122124431026,0.8594424597015209,0.8499207311834734,0.9832437150499231,0.9832437150499231,0.9713991516945438,0.9713991516945438,0.9828979794235821,0.9828979794235821,0.9707970838809329,0.9707970838809329,6.776464093814753,0.1171948180467089,0.6841395293687684,0.8704883227176221,900,DS26-GCaMP6f-m-VIP-V1,26.58900741895111,,,,,,,0.6499229409095502,0.0078049823500367065
372,649.033667822268,3245.199242639017,21.80425021951987,109.02228929990463,0.9742585814136208,0.9742585814136184,0.999828136667245,0.999828136667245,0.9743589631816424,0.9743589631816397,0.9999033271629214,0.9999033271629214,3000.0,0.6241686126779153,0.5041220451941364,0.5477622738930132,0.5623524262301387,0.9943452865965048,0.9943452865965048,0.9545422978058175,0.9545422978058175,0.9951125728523758,0.995112572852376,0.9588072923247903,0.9588072923247903,7.3165734841245245,0.13567727505594765,0.7628991492757364,0.8300912377345498,901,DS26-GCaMP6f-m-VIP-V1,26.590266629481814,,,,,,,0.7250446014301175,0.0009720623469627604
373,1671.6148615924274,8358.141432812687,40.526186752255946,202.63256111832925,0.9758216168616562,0.9758216168616622,0.9996967306947713,0.9996967306947713,0.9770734251837455,0.9770734251837468,0.9999521318100568,0.9999521318100568,3000.0,0.6749489001385502,0.43539559761112573,0.6669180368292216,0.448916002241668,0.9985798337404573,0.9985798337404573,0.9915106225495471,0.9915106225495471,0.9985587325027749,0.9985587325027752,0.9914176913867083,0.9914176913867083,2.846814200022658,0.3493605691652471,0.7059595809484533,0.7080068143100511,902,DS26-GCaMP6f-m-VIP-V1,26.589981541969127,,,,,,,0.6778500347291926,0.002202343610507173
374,203.57152089409072,1017.8633677432183,9.92280362748158,49.61429905992419,0.9900543760831342,0.9900543760831358,0.9999792425052914,0.9999792425052914,0.9901691483448083,0.9901691483448078,0.9999815366422667,0.9999815366422667,3000.0,0.8977930445896979,0.6226727563217671,0.8368081320912923,0.7856193843129323,0.9977556253530726,0.9977556253530726,0.9636791665676877,0.9636791665676877,0.9974310419443184,0.9974310419443184,0.9578801320070365,0.9578801320070365,2.934398277589857,0.3357779618668365,0.5635353378744119,0.5871296591271106,903,DS26-GCaMP6f-m-VIP-V1,26.5899471949886,,,,,,,0.6129143313391526,0.0004581644288022891
375,264.73956426119827,1323.7037686144279,49.085340489469964,245.42780513731012,0.9220373427957529,0.9220373427957508,0.9999374233506197,0.9999374233506197,0.9219907480790347,0.9219907480790311,0.9999391643445948,0.9999391643445948,3000.0,0.4200635547619446,0.30117861113248373,0.43078235934493087,0.3299486695370451,0.9974024946116969,0.9974024946116969,0.9700639627670614,0.9700639627670614,0.9973599552478647,0.9973599552478647,0.9695070619062708,0.9695070619062708,5.2011373341544305,0.18140031349188201,0.7280717200965371,0.6038188886348045,904,DS26-GCaMP6f-m-VIP-V1,26.589603083501046,,,,,,,0.574916869492376,0.002943655522115609
376,166.5670485298894,833.0670616882805,1999.4426457551021,9999.995945263752,0.9997509974172353,0.9997509974172353,0.8484766165360521,0.8484766165360521,-0.3287577186342445,-0.32875771863424363,-0.6045572520463391,-0.6045572520463391,3000.0,0.9969112681585259,0.9063269671749657,0.9565733073872121,0.8669214468630109,0.9650639169816678,0.965063916981668,0.9766125634678022,0.9766125634678022,0.9006452755289573,0.9006452755289573,0.7178173932251508,0.7178173932251508,19.720538200865963,0.05076928907922912,0.21622368433906788,0.8565310492505354,906,DS26-GCaMP6f-m-VIP-V1,26.58901624945817,,,,,,,0.8508387885163268,285.0095703549408
377,158.8857839796353,794.5207759830032,1999.7687761286197,9999.999999999613,0.9986125918985751,0.9986125918985753,0.9971368733740467,0.9971368733740467,0.9728105216277204,0.9728105216277203,0.9189878277352328,0.9189878277352328,3000.0,0.9742112830472199,0.9963210938661529,0.8846629414502764,0.7873438481807854,0.9569516288551705,0.9569516288551705,0.9460676782588074,0.9460676782588074,0.579423036268589,0.579423036268589,0.3936111142821437,0.3936111142821437,36.26310173963136,0.022880485598267445,0.24019013761772215,0.0,908,DS26-GCaMP6f-m-VIP-V1,26.58901669761931,,,,,,,0.8802897435572075,180.5777840344015
378,166.0310348398223,830.1624368368784,119.31332745743119,596.5718563685098,0.9982511937506325,0.9982511937506331,0.9999533089357024,0.9999533089357024,0.9982459981791173,0.998245998179117,0.9999536471306097,0.9999536471306097,3000.0,0.9412062169522618,0.4631414970248508,0.9380203157939301,0.4782072822179019,0.9997996981684089,0.9997996981684087,0.9880114136095307,0.9880114136095307,0.9997992719417377,0.9997992719417379,0.9879848408985045,0.9879848408985045,10.842464046079593,0.0911036683899838,0.44668012051944994,0.8274778634675807,909,DS26-GCaMP6f-m-VIP-V1,26.590048917270593,,,,,,,0.6743253862134337,0.02127892332232797
379,205.82241923648857,1029.1942435042395,4.450720498120906,22.255378850878312,0.9713735943079096,0.9713735943079096,0.969304402043763,0.969304402043763,0.9705463384143115,0.9705463384143116,0.9693488514575367,0.9693488514575367,3000.0,0.813102498485573,0.5230133265459584,0.896441800304752,0.7762467391239191,0.9833316264806197,0.9833316264806198,0.9450335267003566,0.9450335267003566,0.989160409834369,0.989160409834369,0.9442500794163875,0.9442500794163875,5.370772816580353,0.08718534423076925,0.7081496149357124,0.8653846153846154,912,DS26-GCaMP6f-m-VIP-V1,26.589004053590955,,,,,,,0.6236693029212679,0.0009066913308806971
380,378.79049075952054,1894.1739144681785,5.533756723046442,27.672018937935885,0.9941623288530315,0.9941623288530315,0.9707425956212957,0.9707425956212957,0.9945504506973164,0.9945504506973163,0.9775203371127793,0.9775203371127793,3000.0,0.9561676237655414,0.8345324731190361,0.9538524610532177,0.862489013558519,0.9944125874792789,0.9944125874792786,0.9770377595701303,0.9770377595701303,0.9955671276117734,0.9955671276117736,0.988420365595567,0.988420365595567,9.533905796670139,0.06498171582200248,0.6352471834191129,0.6093943139678616,913,DS26-GCaMP6f-m-VIP-V1,26.58900394404672,,,,,,,0.6628616125524879,0.0008657281398350292
381,214.6463116912055,1073.2905192276019,15.105342790701766,75.53086321029697,0.9975523734800675,0.9975523734800675,0.9999115185102297,0.9999115185102297,0.9977044444102433,0.9977044444102434,0.9999616279927442,0.9999616279927442,3000.0,0.5125745607157763,0.5008817361731681,0.7802878890816999,0.7080191142554823,0.9715097395010737,0.9715097395010736,0.9691140780582386,0.9691140780582386,0.9712741421351321,0.9712741421351321,0.9677608575500136,0.9677608575500136,11.715403909709789,0.08318276685934489,0.9020513117283311,0.7758509955041747,914,DS26-GCaMP6f-m-VIP-V1,26.58900399533621,,,,,,,0.7904575916732828,0.0013100228846662496
382,376.77345302926284,1884.0349515625205,4.766909796503469,23.836670538624144,0.9924719941009226,0.9924719941009227,0.9869923336293308,0.9869923336293308,0.9925629800458575,0.9925629800458575,0.9877760544908176,0.9877760544908176,3000.0,0.8590772896480788,0.8345002994995318,0.9342305604783689,0.9139765184994871,0.9830308106006038,0.9830308106006038,0.980398460214868,0.980398460214868,0.9771042830729646,0.9771042830729646,0.9735489635010832,0.9735489635010832,9.956016754376787,0.08636413685258966,0.9225220335179564,0.6065737051792829,916,DS26-GCaMP6f-m-VIP-V1,26.589003949002286,,,,,,,0.7505154918020276,0.000580189493702224
383,503.08589758850775,2515.5095073439606,4.581715825820413,22.909307883693725,0.9915791786929339,0.9915791786929347,0.9989398330153987,0.9989398330153987,0.9909278999789087,0.99092789997891,0.9993376084799723,0.9993376084799723,3000.0,0.8144778449006785,0.7224930764351539,0.8030208444265885,0.7370928358547936,0.9936495676783649,0.9936495676783648,0.9842172238503492,0.9842172238503492,0.9925774189316499,0.9925774189316499,0.9830049157716364,0.9830049157716364,12.706391286570598,0.07119358815748031,0.6940787028770506,0.7080314960629921,919,DS26-GCaMP6f-m-VIP-V1,26.589003932792252,,,,,,,0.7179391396286756,0.0003930030030367243
384,1914.7714487057763,9576.987534811651,3.840642945550721,19.209493456810705,0.7651926114645509,0.7651926114645489,0.9192775674267234,0.9192775674267234,0.74214508934767,0.7421450893476701,0.9482046769851405,0.9482046769851405,3000.0,-0.6028628382652539,-0.37625606633113623,0.0356108407637092,0.11881770515720091,0.6855218023783329,0.6855218023783329,0.6583210978960147,0.6583210978960147,0.9028437874427055,0.9028437874427057,0.8944302732159207,0.8944302732159207,6.105128831604758,0.09603149560439556,0.87834143118785,0.6703296703296703,921,DS26-GCaMP6f-m-VIP-V1,26.589003709229463,,,,,,,0.6141283653522466,0.0012654429098504355
385,1302.5559778710094,6513.118338105248,3.9689486182387035,19.8457743602693,0.968502345452725,0.9685023454527247,0.9681785440522438,0.9681785440522438,0.9696099794159967,0.9696099794159962,0.9707432717125515,0.9707432717125515,3000.0,0.48899862783607945,0.39591208873221184,0.8327654346548776,0.6760413601912039,0.9505778026609178,0.9505778026609177,0.9416541741437114,0.9416541741437114,0.9314137460226822,0.9314137460226822,0.9196863979450084,0.9196863979450084,3.5547951187602815,0.23224268762677502,0.9200923094046776,0.8681541582150102,924,DS26-GCaMP6f-m-VIP-V1,26.58900397534259,,,,,,,0.6806435642515614,0.0005236647536698841
386,,,3.6335392754819797,18.169245800753995,,,,,0.7778794771951976,0.7778794771951987,0.888056471639704,0.888056471639704,3000.0,,,0.27320901035062023,-0.08056898383592714,,,,,0.9070179900184132,0.9070179900184134,0.8990664783046756,0.8990664783046756,2.7690838342026898,0.35139891315789457,0.9586301222171688,0.8578947368421053,925,DS26-GCaMP6f-m-VIP-V1,26.589003936794416,,,,,,,0.6277915289440462,0.0007909236488995164
387,675.3749211744652,3377.787065752686,4.1473780525949255,20.742493544889655,0.9883295850081706,0.9883295850081705,0.8954117126457305,0.8954117126457305,0.9983422397632014,0.9983422397632014,0.9665279979326867,0.9665279979326867,3000.0,0.9094807058148818,0.8598269160600843,0.9775745974652905,0.9425910042369909,0.926122112523984,0.9261221125239842,0.9245533986419732,0.9245533986419732,0.9856890760114394,0.9856890760114393,0.981493487800942,0.981493487800942,15.547336049744073,0.03836413297491011,0.7001968124211152,0.31362007168458783,927,DS26-GCaMP6f-m-VIP-V1,26.589004049293976,,,,,,,0.686912228403262,0.0010475307609143871
388,2044.4371196839627,10222.892301979045,3.912050475994201,19.561604664161436,0.8872220280536254,0.8872220280536262,0.8706691475654649,0.8706691475654649,0.8679544481875439,0.8679544481875441,0.8880237726414381,0.8880237726414381,3000.0,0.6679659640351029,0.589181264110883,0.6114950371116697,0.4509914767103305,0.9688014436247376,0.9688014436247374,0.9662499485469347,0.9662499485469347,0.9618795876477773,0.9618795876477774,0.9552600912248213,0.9552600912248213,2.823611047165945,0.047563288153310075,0.9388930933047028,0.4912891986062718,928,DS26-GCaMP6f-m-VIP-V1,26.589004027479316,,,,,,,0.6827096466289873,0.0006016811848879722
389,3307.4136078406186,16537.6393750196,4.334409072048861,21.672794103352935,0.9257180930832617,0.9257180930832618,0.9596085758799866,0.9596085758799866,0.9447289533726908,0.9447289533726914,0.9886654826507151,0.9886654826507151,3000.0,0.7185484719258001,0.3427564956833305,0.6833212066069165,0.1788173470426057,0.9759378978196642,0.9759378978196642,0.9646616961625002,0.9646616961625002,0.9658364442541864,0.9658364442541862,0.9490020842846485,0.9490020842846485,5.27754302421985,0.18190782350835333,0.802334680464262,0.8735083532219571,929,DS26-GCaMP6f-m-VIP-V1,26.589004008792976,,,,,,,0.6573875610971263,0.0005443580414112546
390,362.57655203682253,1813.113977318442,4.409007972595122,22.04785151249605,0.904631367900881,0.9046313679008794,0.9863000124171855,0.9863000124171855,0.9356209284803614,0.9356209284803616,0.9883926063606032,0.9883926063606032,3000.0,0.8772738750437656,0.5063408851169233,0.914377604530302,0.4849891610457278,0.65594930618976,0.65594930618976,0.8533764710282958,0.8533764710282958,0.9775134897625797,0.9775134897625799,0.9516451200870063,0.9516451200870063,3.2772117938203245,0.28462871485148505,1.0860148472145739,0.6683168316831684,930,DS26-GCaMP6f-m-VIP-V1,26.589004061192483,,,,,,,0.7218403390276311,0.0007592229397726601
391,,,3.8201370111720836,19.101617228557977,,,,,0.968390032242086,0.9683900322420869,0.9997383768827073,0.9997383768827073,3000.0,,,0.12450480941587108,0.11911079076094791,,,,,0.9282695761331264,0.9282695761331264,0.9235541242048202,0.9235541242048202,6.0172702942471545,0.1479921531130876,0.7400970868183454,0.5578144853875476,933,DS26-GCaMP6f-m-VIP-V1,26.58900401594999,,,,,,,0.6722735727742517,0.0005365429950555445
392,794.8802780723846,3974.5943433844363,4.167362996298969,20.83782658702618,0.9858474354174804,0.9858474354174804,0.9974649088951199,0.9974649088951199,0.9874622772898402,0.9874622772898405,0.9998220735917169,0.9998220735917169,3000.0,0.5826534558955933,0.6027887282468526,0.748232527833879,0.7372549719485865,0.9103711383569546,0.9103711383569546,0.9183938789203937,0.9183938789203937,0.939532587290678,0.939532587290678,0.9271338857880637,0.9271338857880637,13.133160954726149,0.07088289489858633,0.7500908733044405,0.521819299323909,934,DS26-GCaMP6f-m-VIP-V1,26.589003996792005,,,,,,,0.6870825883977865,0.000562198574216076
393,826.9773439660484,4134.912379597712,58.35402966245989,291.77195894331976,0.9497671536148236,0.9497671536148252,0.9998852740961909,0.9998852740961909,0.9492878827819321,0.9492878827819357,0.9999118970248364,0.9999118970248364,3000.0,0.6054599544021466,0.35958705339721475,0.4763793532514393,0.13755247400800535,0.9974783682712464,0.9974783682712464,0.9936065453641761,0.9936065453641761,0.9989133290557516,0.9989133290557518,0.9972774427365838,0.9972774427365838,3.2560327130034636,0.29884029039258236,0.2709781784319381,0.5127244032353522,936,DS26-GCaMP6f-m-VIP-V1,26.58900717628588,,,,,,,0.589729855640166,0.004058108051002726
394,167.17879874422587,835.8989622959972,1999.9880840271474,9999.999860032452,0.9883905773122185,0.9883905773122195,0.9969553267696111,0.9969553267696111,0.9860861882961668,0.9860861882961658,0.994758462065366,0.994758462065366,3000.0,0.8705556136707902,0.4507590312526632,0.8878540951100184,0.40557321519961836,0.9989828202091016,0.9989828202091016,0.9583774709528422,0.9583774709528422,0.9989872384644893,0.9989872384644893,0.9586145818181413,0.9586145818181413,3.3435896787892236,0.26895003451111105,0.5053594403865387,0.8093333333333333,937,DS26-GCaMP6f-m-VIP-V1,26.589746492464226,,,,,,,0.6801402330106158,65.07972951110939
395,355.0408002960364,1775.2142554118157,117.40160429161989,587.0114121332643,0.9688466917304135,0.9688466917304122,0.9999651987526041,0.9999651987526041,0.969090010322314,0.9690900103223148,0.9999706939075399,0.9999706939075399,3000.0,0.8889916150255138,0.6171035742952754,0.8728948975968521,0.6423282804677606,0.9994016120859633,0.9994016120859633,0.9853006161764168,0.9853006161764168,0.9993998046890237,0.9993998046890238,0.9852860124672316,0.9852860124672316,5.3448669811908385,0.18405649090774465,0.6764263664559956,0.7581815489412113,938,DS26-GCaMP6f-m-VIP-V1,26.589803163756613,,,,,,,0.7310862720892497,0.01558773216281813
396,75.86643173577325,379.3509861260943,24.029327488590077,120.15260069817231,0.9768894845254952,0.9768894845254947,0.9881518892187391,0.9881518892187391,0.977330463395426,0.9773304633954264,0.9881579554794592,0.9881579554794592,3000.0,0.8762991000363929,0.6546554287196767,0.8757386960944821,0.6887915750607955,0.9990329892200221,0.999032989220022,0.9558693168168189,0.9558693168168189,0.999006771053851,0.9990067710538512,0.9545707743313322,0.9545707743313322,4.667389207944547,0.18773001194539246,0.5355080236630492,0.9351535836177475,939,DS26-GCaMP6f-m-VIP-V1,26.589011092617657,,,,,,,0.7063164891256412,0.002873030020236645
397,139.67571157802976,698.3809440100756,9.968483037728257,49.84258548307364,0.9919940632153106,0.9919940632153105,0.9999729044536283,0.9999729044536283,0.9919929938480456,0.9919929938480482,0.9999731182181523,0.9999731182181523,3000.0,0.786635619751693,0.6176750858783759,0.7451941595105853,0.6303567123809152,0.9976222834725699,0.9976222834725699,0.9731412177852327,0.9731412177852327,0.9972806402428785,0.9972806402428785,0.9689970465423943,0.9689970465423943,8.029361662738957,0.12375169086624128,0.8857644698752508,0.7137437489222279,940,DS26-GCaMP6f-m-VIP-V1,26.58947251621119,,,,,,,0.6969413714622265,0.00026840114121030997
398,3228.230736004388,16141.323155703838,84.78233573170216,423.9161295622213,0.9393618988937817,0.9393618988937832,0.9960839511037705,0.9960839511037705,0.9484765930548534,0.9484765930548548,0.999395759466312,0.999395759466312,3000.0,0.5116699473903786,0.49021789745027644,0.24685220087060664,0.4328115418952952,0.9990163222491696,0.9990163222491694,0.9951899498310166,0.9951899498310166,0.9990060962072362,0.999006096207236,0.9951376745418282,0.9951376745418282,4.693930252867877,0.181530395328849,0.757440313977567,0.5605381165919282,941,DS26-GCaMP6f-m-VIP-V1,26.590755429488738,,,,,,,0.8111344134489276,0.008454743810945653
399,849.2673955147503,4246.4127575309585,3.5790523320042773,17.89558101813403,0.9940100088757762,0.9940100088757767,0.9996157114207727,0.9996157114207727,0.994642852864772,0.9946428528647724,0.9999877902183388,0.9999877902183388,3000.0,0.1900865246473218,0.22248919607154327,0.3845443485609947,0.42017510843025335,0.9246510141729396,0.9246510141729396,0.916422328145574,0.916422328145574,0.8942297441915225,0.8942297441915225,0.8838710415052478,0.8838710415052478,4.458410528188429,0.22269602881584877,0.9447976976403883,0.8005402971634399,942,DS27-GCaMP6f-m-PV-vivo-V1,30.01100192174362,,,,,,,0.38400545337136827,0.00046788922358457585
400,199.76170002543327,998.8652099648731,156.87210154926177,784.405041765685,0.9994739682703461,0.9994739682703457,0.999937817884878,0.999937817884878,0.9994633187147067,0.9994633187147068,0.9999677495736675,0.9999677495736675,3000.0,0.41409231881103575,0.38287529339439885,0.4254631664390198,0.38952412313991785,0.9718514771682928,0.9718514771682926,0.9677878274556754,0.9677878274556754,0.9724683675061784,0.9724683675061785,0.9682197125216232,0.9682197125216232,13.06057865481606,0.07628873053892217,0.8669353780339781,0.6778443113772455,943,DS27-GCaMP6f-m-PV-vivo-V1,30.02135404736594,,,,,,,0.5699332300243518,0.14865297309904782
401,652.1015422137257,3260.569835873908,3.698719758298502,18.493951163370035,0.9849349199277881,0.9849349199277866,0.9998132839079712,0.9998132839079712,0.9855011485543284,0.9855011485543261,0.9999894909405366,0.9999894909405366,3000.0,0.0852780467659471,0.09411946057028665,-0.014952530172602368,-0.03227136241776018,0.9194545252289672,0.9194545252289672,0.9129238199891414,0.9129238199891414,0.8859632877094196,0.8859632877094196,0.8768353765291877,0.8768353765291877,4.730359474844702,0.2104342579750347,1.008124936656367,0.7884882108183079,944,DS27-GCaMP6f-m-PV-vivo-V1,30.017949903778888,,,,,,,0.5784184231212928,0.000410063876555912
402,407.27692595205485,2036.3993576688122,4.128366639407629,20.641982486630557,0.981894870196451,0.9818948701964472,0.9999887947441788,0.9999887947441788,0.9818795096227303,0.9818795096227296,0.9999989719756662,0.9999989719756662,3000.0,-0.09006188879098964,-0.24999708547955443,0.6272371183107028,0.4619033759910247,0.9465050716303293,0.9465050716303295,0.9306182506550619,0.9306182506550619,0.927489833369865,0.927489833369865,0.9053806944725444,0.9053806944725444,5.819703222412019,0.1715325297799314,1.0233761354679656,0.7201695941853422,945,DS27-GCaMP6f-m-PV-vivo-V1,30.011295563778734,,,,,,,0.3807173184583842,0.00039010207097973335
403,62.10313794452996,310.5229670369692,1999.9529225840877,9999.998969613565,0.9627612008679847,0.962761200867984,0.9987353528233367,0.9987353528233367,0.9333948604360107,0.93339486043601,0.9876175401764796,0.9876175401764796,3000.0,0.9224847041727955,0.5968535899339635,0.9263704752774342,0.624938592019088,0.9883138875758358,0.9883138875758358,0.8619697247341209,0.8619697247341209,0.9865877161039974,0.9865877161039976,0.8376948396839801,0.8376948396839801,0.7642902533590125,1.1759008921283245,1.2774195003364337,0.7857142857142857,1027,X-DS09-GCaMP6f-m-V1,158.2804412858703,,,,,,,0.8213836339099564,109.65592169461466
404,66.07844902030554,330.39998824719106,39.32107861737315,196.61000077430228,0.862508134908293,0.8625081349082897,0.9938389574790331,0.9938389574790331,0.8629069995383415,0.8629069995383377,0.9938390869632132,0.9938390869632132,3000.0,0.8846750162757968,0.08997395611495884,0.9012127484374435,0.13600109551480774,0.9755707407399493,0.9755707407399492,0.782132636288014,0.782132636288014,0.9756460214602455,0.9756460214602454,0.7823581843973726,0.7823581843973726,0.5833931519722639,1.6781381212501931,1.2615259227631508,0.828125,1028,X-DS09-GCaMP6f-m-V1,158.2804412858703,,,,,,,0.6248851569344865,0.005116823330160116
405,81.77741221509481,408.8966438429897,79.72838563356527,398.65127082814325,0.9938418272233784,0.9938418272233787,0.9983181906693006,0.9983181906693006,0.9938284932467846,0.9938284932467847,0.9983182524334923,0.9983182524334923,3000.0,0.8701407522182946,0.6538976645306496,0.869176740982806,0.6542343087154366,0.992303986248811,0.9923039862488112,0.6894063965093868,0.6894063965093868,0.9923038998025452,0.9923038998025452,0.6894267132679517,0.6894267132679517,0.615050144714945,1.5965490505999076,1.3391813966176487,0.7333333333333333,1029,X-DS09-GCaMP6f-m-V1,158.2804412858703,,,,,,,0.6495483033802456,0.018079453539736487
406,146.870481657421,734.3985123226254,210.5146110256115,1052.6391376586976,0.9980464123979935,0.9980464123979933,0.9997586551106322,0.9997586551106322,0.9978999994413353,0.9978999994413351,0.9996092952157734,0.9996092952157734,3000.0,0.8289118309562884,0.8321835081760122,0.8017539643220108,0.8131976183350867,0.9783620275539661,0.9783620275539658,0.9618587168278941,0.9618587168278941,0.9746182233583778,0.9746182233583777,0.9557785394423288,0.9557785394423288,4.938266930546335,0.1924055449658185,1.4240613037148224,0.5535117056856187,1030,X-DS09-GCaMP6f-m-V1,164.87545967278155,,,,,,,0.8908582650914032,0.14030278564218826
407,136.84617881949518,684.2469298839052,1999.953057403835,9999.9996437281,0.9953459764810142,0.9953459764810145,0.9999471312917424,0.9999471312917424,0.9765002075507754,0.9765002075507755,0.9784731727536307,0.9784731727536307,3000.0,0.7906957797321628,0.8680669066470803,0.819005497861356,0.8814667216252348,0.99536572741702,0.9953657274170202,0.9847549933090711,0.9847549933090711,0.9953711153138017,0.9953711153138016,0.9847682020490981,0.9847682020490981,5.078686121432964,0.19652088273027515,1.331062968936738,0.6987522281639929,1031,X-DS09-GCaMP6f-m-V1,158.2804412858703,,,,,,,0.758497846797379,132.78437642129796
408,68.52243157844364,342.6302778708502,394.5537761568672,1972.873216048401,0.9972811232635772,0.9972811232635772,0.999491184591316,0.999491184591316,0.9955875381594823,0.9955875381594823,0.9984624312640832,0.9984624312640832,3000.0,0.9227907970310816,0.9620219193557442,0.9384894815680778,0.9615332939840238,0.9850135307043482,0.985013530704348,0.8344100163212989,0.8344100163212989,0.9810908634875,0.9810908634875,0.8195221599915007,0.8195221599915007,1.8282305083772208,0.5378093013623596,1.369826402910043,0.6565217391304348,1032,X-DS09-GCaMP6f-m-V1,158.2804412858703,,,,,,,0.7895125805669365,1.2715429329042038
409,56.18722956087739,280.9427318860257,108.62493763327635,543.1374169565885,0.9942872317777749,0.994287231777774,0.9996504125463607,0.9996504125463607,0.9943441625204357,0.9943441625204359,0.9996035387981609,0.9996035387981609,3000.0,0.7811847460745897,0.8042659329873393,0.8020693640312909,0.787105253499855,0.990036517754482,0.990036517754482,0.8139958138887224,0.8139958138887224,0.9900556936102629,0.9900556936102629,0.8142081068306231,0.8142081068306231,1.7049551805701049,0.5601427330581212,1.2212441379790095,0.7632978723404256,1033,X-DS09-GCaMP6f-m-V1,158.2804412858703,,,,,,,0.9380202352134832,0.013001287629327438
410,134.93082604647063,674.696486296871,1999.8743628884706,9999.99959395,0.9951823084523239,0.995182308452324,0.9925729090992165,0.9925729090992165,0.8793372244220568,0.8793372244220579,0.8818051006701194,0.8818051006701194,3000.0,0.8757778292845414,0.6117613384200515,0.8566078172613518,0.5684935395532232,0.9987485757471763,0.9987485757471766,0.8291196710957975,0.8291196710957975,0.9986871410293376,0.9986871410293375,0.8125365993888128,0.8125365993888128,1.2118952233561122,0.6837101437707543,1.3964121446783055,0.7123287671232876,1034,X-DS09-GCaMP6f-m-V1,164.87545967278155,,,,,,,0.773039587763303,171.55726772730569
411,105.02489030152972,525.1367584403315,71.62553859641847,358.13608614184096,0.983516290070499,0.9835162900704992,0.9976517363554459,0.9976517363554459,0.9836236777990102,0.9836236777990099,0.997689210400432,0.997689210400432,3000.0,0.33406675632167704,0.6628451904444882,0.3217634210352941,0.6559965096333926,0.9946452456819027,0.9946452456819028,0.8562229085669585,0.8562229085669585,0.9946396473092887,0.9946396473092886,0.8561858344111304,0.8561858344111304,1.212010579291215,0.7107659242937983,1.0759966476130125,0.7902621722846442,1035,X-DS09-GCaMP6f-m-V1,158.2804412858703,,,,,,,0.8820586173382208,0.007170556335414518
412,146.43617040530629,732.1980115787704,88.67445393687694,443.38266065486954,0.9981593356182017,0.9981593356182015,0.9998480826048186,0.9998480826048186,0.998211293778531,0.9982112937785307,0.9998950034281908,0.9998950034281908,3000.0,0.7776200476091244,0.867317696501678,0.7793436724063689,0.8692958626988629,0.9970482508254708,0.9970482508254703,0.9750223317082564,0.9750223317082564,0.9970419225258563,0.9970419225258563,0.9749971645146458,0.9749971645146458,4.228469744915246,0.2329807232838578,1.2250929751270838,0.7237687366167024,1036,X-DS09-GCaMP6f-m-V1,158.2804412858703,,,,,,,0.8796194436110334,0.011583345577449892
413,127.22662124423819,636.1480147772354,58.26145271020863,291.3140906924422,0.9891644781102914,0.9891644781102922,0.9997743117423341,0.9997743117423341,0.9892176588553192,0.9892176588553196,0.9998280999622342,0.9998280999622342,3000.0,0.8728487494031847,0.8928121023157033,0.803139426522012,0.8235105221439425,0.9986041021280667,0.9986041021280667,0.9584131068704146,0.9584131068704146,0.9986063152927331,0.9986063152927331,0.9590908759501456,0.9590908759501456,2.5596939846224918,0.38730595275943924,1.2898509261845206,0.7398230088495575,1038,X-DS09-GCaMP6f-m-V1,158.2804412858703,,,,,,,0.892910669138189,0.004490675078400188
414,108.00488727448655,540.0583401296961,29.98114062713562,149.9151144997372,0.9913390739544025,0.9913390739544023,0.9991844521359871,0.9991844521359871,0.9906867851872072,0.9906867851872072,0.9992373986507685,0.9992373986507685,3000.0,0.88007830293906,0.8825708696378964,0.8316191847848131,0.8451673952825233,0.9853311643879753,0.9853311643879753,0.7842868279881638,0.7842868279881638,0.9852803158966301,0.9852803158966303,0.7838052940175531,0.7838052940175531,1.8796742239809086,0.5214033605428987,1.3422303342587598,0.6431718061674009,1039,X-DS09-GCaMP6f-m-V1,164.87545967278155,,,,,,,0.7794860428895991,0.0032489449697541686
415,105.81671044024715,529.0959519202773,84.42956550545662,422.1577210770515,0.9855523050409003,0.985552305040901,0.9998183123782785,0.9998183123782785,0.9855608304940853,0.9855608304940858,0.9998306896469468,0.9998306896469468,3000.0,0.8723054541128643,0.8409246796514231,0.8667378326757531,0.8325643825498348,0.9980341462032295,0.9980341462032295,0.9183582556141255,0.9183582556141255,0.9981103300178128,0.9981103300178128,0.9217836545786066,0.9217836545786066,1.9536886949768841,0.4977024031949722,1.3862547004863848,0.7192575406032483,1040,X-DS09-GCaMP6f-m-V1,158.2804412858703,,,,,,,0.7819843906215459,0.014744207866202853
416,79.19288203297056,395.97369007426613,52.459147134344114,262.3018828925416,0.9795815666877897,0.9795815666877888,0.9985137056757096,0.9985137056757096,0.9793597232955429,0.9793597232955422,0.9985326387097017,0.9985326387097017,3000.0,0.8090165356848928,0.7905036332792101,0.7938045333464216,0.7802232430615937,0.9926029480369482,0.9926029480369479,0.7722406440485556,0.7722406440485556,0.9925919890067997,0.9925919890067996,0.7722363920573376,0.7722363920573376,0.9677994924191046,1.0308722544160591,1.3925171081567163,0.7276995305164319,1042,X-DS09-GCaMP6f-m-V1,158.2804412858703,,,,,,,0.897143679490094,0.003616715982034885
417,60.53541316705276,302.69307373760756,48.51629190933687,242.59428912894595,0.9734856879275608,0.9734856879275613,0.9979797489736824,0.9979797489736824,0.9734766615720029,0.9734766615720034,0.9979801288242207,0.9979801288242207,3000.0,0.8969696544320883,0.7261075834259195,0.8901823929076637,0.732856259760687,0.949219731478427,0.949219731478427,0.7712445098612936,0.7712445098612936,0.9492871951794049,0.9492871951794049,0.7714119342994309,0.7714119342994309,0.8151850318738257,1.1723628625128284,1.3370459243133246,0.6764705882352942,1044,X-DS09-GCaMP6f-m-V1,158.2804412858703,,,,,,,0.8459423664419204,0.005247890041528582
418,64.8520766511939,324.2775326509353,90.36084461263013,451.82811796203026,0.9947053872955035,0.9947053872955032,0.9999041419933697,0.9999041419933697,0.9947883265462231,0.9947883265462233,0.9998918126674561,0.9998918126674561,3000.0,0.9042437186786292,0.9315711954336557,0.9170479127215545,0.9442989153922867,0.9850400550076701,0.9850400550076703,0.8912361161210799,0.8912361161210799,0.9849741971024578,0.9849741971024579,0.8904376903487529,0.8904376903487529,2.1606360553548973,0.45710910992146814,1.2439059208836625,0.5661764705882353,1046,X-DS09-GCaMP6f-m-V1,158.2804412858703,,,,,,,0.8463368593505909,0.018466801755031393
419,55.09920626833539,275.5024879275441,131.33193112572022,656.6750452493933,0.979245447773293,0.9792454477732928,0.9971086050458372,0.9971086050458372,0.9791454068669456,0.9791454068669456,0.9970729870776058,0.9970729870776058,3000.0,0.8815608367304141,0.7252459342411193,0.8956385205451828,0.7458041133101674,0.9843848307436325,0.9843848307436324,0.8159540982112699,0.8159540982112699,0.9844168965418709,0.9844168965418711,0.8161462018425039,0.8161462018425039,0.77333510842835,1.1493490045686414,1.5943051339158412,0.7411764705882353,1047,X-DS09-GCaMP6f-m-V1,158.2804412858703,,,,,,,0.7680057446843078,0.04507965242495846
420,56.293871541172734,281.4759542839275,32.25072216589258,161.2573900047187,0.9894416618591813,0.9894416618591817,0.999114302340878,0.999114302340878,0.9895267149387643,0.9895267149387648,0.9991151272829449,0.9991151272829449,3000.0,0.927532989957319,0.7859947496665841,0.8976104594211056,0.7439371636911234,0.9920633100547143,0.9920633100547143,0.9013273405474995,0.9013273405474995,0.9920312461026501,0.9920312461026501,0.9012021829782045,0.9012021829782045,1.5150132241140188,0.6265435299923117,1.3974763348395607,0.7275449101796407,1048,X-DS09-GCaMP6f-m-V1,158.2804412858703,,,,,,,0.7503426550995134,0.0028886611710356776
421,55.13915140391793,275.70402258276584,62.02755766107953,310.14708646620454,0.9984356512219222,0.9984356512219223,0.9999244431184808,0.9999244431184808,0.9984400535762221,0.9984400535762221,0.9999236524205609,0.9999236524205609,3000.0,0.7854894037822427,0.7125348853668194,0.7749174438642142,0.7090461952308009,0.9892443501419418,0.989244350141942,0.9512048378089087,0.9512048378089087,0.9892415378773123,0.9892415378773123,0.951126474953932,0.951126474953932,2.711961959429892,0.3685270355816392,1.2854299486868197,0.6881091617933723,1049,X-DS10-GCaMP6f-m-V1,158.2804412858703,,,,,,,0.805516313897193,0.007710423457858857
422,85.81092926170945,429.0675096849134,44.55010608357208,222.75720864389334,0.9981989770547653,0.9981989770547656,0.9999636573075956,0.9999636573075956,0.9981437881385413,0.9981437881385413,0.9999715044459995,0.9999715044459995,3000.0,0.8307906917662238,0.8761085183144394,0.7835433595354193,0.852644974866455,0.9915632258095102,0.9915632258095104,0.969016421930138,0.969016421930138,0.9915925717878917,0.9915925717878917,0.9693488249904813,0.9693488249904813,4.23150484720384,0.23203894704742278,1.1347962506338218,0.6379525593008739,1050,X-DS10-GCaMP6f-m-V1,158.2804412858703,,,,,,,0.8079172555265951,0.004273858923905122
423,150.99178279704606,754.981548213143,87.98948273983456,439.96060364878036,0.9966682534668121,0.9966682534668121,0.9998667636177228,0.9998667636177228,0.9966300830103229,0.9966300830103229,0.9999272151538698,0.9999272151538698,3000.0,0.7304759249524889,0.8069077686619577,0.709839160625582,0.7942423809006813,0.995081548366147,0.9950815483661468,0.9648367884401499,0.9648367884401499,0.9950877602814273,0.9950877602814275,0.9651452407240888,0.9651452407240888,6.568857275272793,0.15118870807404225,1.0734156105991812,0.729903536977492,1052,X-DS10-GCaMP6f-m-V1,158.2804412858703,,,,,,,0.9093822770359866,0.010465846165954007
424,80.92076734174557,404.6159670316962,190.97840554315462,954.9206560866513,0.9936558766704818,0.9936558766704815,0.999741795672784,0.999741795672784,0.9940508902393835,0.9940508902393832,0.9997094489525615,0.9997094489525615,3000.0,0.8971183967805667,0.849994256966685,0.9084456086646123,0.8636351121335181,0.9834309636935724,0.9834309636935724,0.8226109371515445,0.8226109371515445,0.9833929057755953,0.9833929057755952,0.8215351296543794,0.8215351296543794,0.7914285873822643,1.262599603314461,1.1729639789153465,0.5973154362416108,1053,X-DS10-GCaMP6f-m-V1,158.2804412858703,,,,,,,0.6654782311379754,0.17270661324232386
425,53.73407512006225,268.67843053734435,32.699306581635355,163.50143465543775,0.993969911092075,0.9939699110920746,0.9996325929973789,0.9996325929973789,0.9939335329083622,0.9939335329083624,0.9996344913219191,0.9996344913219191,3000.0,0.8182505124189168,0.40279780075471355,0.8178437630073876,0.4671625235032264,0.9707626874149853,0.9707626874149853,0.8794947230354957,0.8794947230354957,0.9706492324146616,0.9706492324146616,0.8790957513642418,0.8790957513642418,0.9338857331110718,1.0260970366487034,1.199928859600333,0.5738636363636364,1055,X-DS10-GCaMP6f-m-V1,158.2804412858703,,,,,,,0.898006472839574,0.001829647995866087
426,173.8362009266913,869.2070633243227,35.43539805274981,177.18230216126327,0.9955236066213267,0.995523606621327,0.9998886528637003,0.9998886528637003,0.9954509324016172,0.995450932401617,0.9999007969610717,0.9999007969610717,3000.0,0.4826135349091882,0.472998121047993,0.6018742459259395,0.5960234411165751,0.7803026406623972,0.780302640662397,0.763915188561183,0.763915188561183,0.7930383132175065,0.7930383132175065,0.7711695615636431,0.7711695615636431,1.034133354179492,0.9494601434676246,1.207085844550765,0.5487179487179488,1056,X-DS10-GCaMP6f-m-V1,158.2804412858703,,,,,,,0.11162840476625013,0.01716850471822643
427,65.22485543940034,326.1340546445968,50.884495858479816,254.43010706693852,0.9094320355242183,0.9094320355242183,0.9989468961330403,0.9989468961330403,0.9093251418373227,0.9093251418373219,0.9989483939774345,0.9989483939774345,3000.0,0.8819374683053174,0.6874617354287004,0.870391916355752,0.6653545634387733,0.9480743287524371,0.9480743287524369,0.879057357158482,0.879057357158482,0.9480625396237492,0.9480625396237494,0.8790339982440707,0.8790339982440707,0.9549904954412655,0.9421272822042874,1.1819429375447943,0.6,1057,X-DS10-GCaMP6f-m-V1,158.2804412858703,,,,,,,0.8535269453658155,0.004490606161357994
428,69.24369971246809,346.2288784495884,43.11912677477298,215.6020975907953,0.9971753264605616,0.9971753264605617,0.9998762705936691,0.9998762705936691,0.9971437631799793,0.9971437631799797,0.9998777455667323,0.9998777455667323,3000.0,0.7119458283590792,0.720579711973123,0.7030068240401811,0.7359849436561401,0.9724213765793401,0.9724213765793404,0.8943007835804971,0.8943007835804971,0.9724086609885241,0.9724086609885242,0.8943822859992535,0.8943822859992535,2.490361954962858,0.3982045422102334,1.2733663965355269,0.6369426751592356,1058,X-DS10-GCaMP6f-m-V1,158.2804412858703,,,,,,,0.8245280839410296,0.0037962916785370246
429,48.46038563138868,242.3091925483745,35.503878307876874,177.52471370234267,0.9913883445901188,0.991388344590121,0.9991893216008007,0.9991893216008007,0.991379502307322,0.9913795023073214,0.9991893530317133,0.9991893530317133,3000.0,0.8548849728635461,0.5451200626324716,0.8639715843080659,0.5682345147547189,0.9505021213556661,0.9505021213556664,0.7753527785355521,0.7753527785355521,0.9504671953963694,0.9504671953963694,0.7752872790652336,0.7752872790652336,0.5751047734977787,1.623974957221583,1.335380087681761,0.6666666666666666,1059,X-DS10-GCaMP6f-m-V1,158.2804412858703,,,,,,,0.8196509927274531,0.0028627318578494675
430,125.76066086323537,628.8221563053892,40.97723669379013,204.8923261086187,0.9828588729981761,0.982858872998176,0.9996201899774662,0.9996201899774662,0.9827852479725383,0.9827852479725383,0.9996283348269024,0.9996283348269024,3000.0,0.2271662152255107,0.17803895431222128,0.45950974847799797,0.32586273712516295,0.8431733847148807,0.8431733847148807,0.7992594200583738,0.7992594200583738,0.8455777725588481,0.845577772558848,0.8026038524992143,0.8026038524992143,1.1396571658304604,0.8078090064397392,1.3559255952592502,0.6046511627906976,1060,X-DS10-GCaMP6f-m-V1,158.2804412858703,,,,,,,0.5974315415954758,0.006216136829551275
431,61.03997046440374,305.20900243984414,35.836023679781924,179.1854903516903,0.9986700393198338,0.9986700393198342,0.9998260046411327,0.9998260046411327,0.9986630020374311,0.9986630020374311,0.9998272018104705,0.9998272018104705,3000.0,0.9021343862753248,0.8934971665133047,0.8899585446772903,0.8840904137168725,0.9747943333291138,0.9747943333291136,0.9120014935619641,0.9120014935619641,0.974895435926802,0.974895435926802,0.9127779597768508,0.9127779597768508,2.8966286298190873,0.3429154484480927,1.1429631124294202,0.6624087591240876,1063,X-DS10-GCaMP6f-m-V1,158.2804412858703,,,,,,,0.8199785702050139,0.0029249930029691725
432,63.660168454413224,318.31038516728245,44.14816037966843,220.74741987122417,0.9898124876513574,0.9898124876513572,0.99928663888558,0.99928663888558,0.9898141441852879,0.9898141441852886,0.9992873969521353,0.9992873969521353,3000.0,0.7771117948738744,0.5799490649339848,0.7704201016272577,0.5914834536558223,0.8091219877075547,0.8091219877075547,0.6700322279517922,0.6700322279517922,0.8090345888813202,0.8090345888813202,0.6698976426870838,0.6698976426870838,1.2135238339861385,0.814424244902695,1.3469197544195577,0.6506550218340611,1064,X-DS10-GCaMP6f-m-V1,158.2804412858703,,,,,,,0.8499446666376739,0.003583014614894271
433,75.36678483586606,376.84522193973436,1999.5844005519164,9998.221747872954,0.9987533046680506,0.9987533046680506,0.9999292519121818,0.9999292519121818,0.9763007231557927,0.9763007231557931,0.9768300669351948,0.9768300669351948,3000.0,0.853738043123623,0.8633638450781922,0.8621192842020714,0.8445312762489013,0.9760346030034758,0.9760346030034758,0.8889256979768106,0.8889256979768106,0.9747470171801617,0.9747470171801617,0.8812558212422827,0.8812558212422827,2.8385905334110544,0.3477902049727209,1.2190875671128114,0.6312849162011173,1065,X-DS10-GCaMP6f-m-V1,158.2804412858703,,,,,,,0.9273320215449111,70.4539347092267
434,56.43215895014365,282.1692541405183,36.204456282245744,181.02770859342212,0.9915757497729394,0.9915757497729396,0.9428549955339866,0.9428549955339866,0.9915354498877028,0.9915354498877034,0.9428552830559382,0.9428552830559382,3000.0,0.9611941704621874,0.6655741950788437,0.957937496978138,0.6678580281011731,0.9927819482369039,0.9927819482369039,0.7908997851417369,0.7908997851417369,0.992762809454169,0.992762809454169,0.7906867515876664,0.7906867515876664,0.9602666860238139,0.5389762346151261,1.3440405228287082,0.7348066298342542,1066,X-DS10-GCaMP6f-m-V1,158.2804412858703,,,,,,,0.6687357684459545,0.004493649031166434
435,52.168769932720956,260.8516699555883,98.04271058238041,490.22824987762687,0.9976123525178856,0.9976123525178859,0.999909764173648,0.999909764173648,0.9976206426509107,0.997620642650911,0.9998829036334069,0.9998829036334069,3000.0,0.7767812088289374,0.8792208059656016,0.7794779579072014,0.8534636097664557,0.9873916171403916,0.9873916171403918,0.8534322444457296,0.8534322444457296,0.987387386032141,0.9873873860321408,0.8531730848358193,0.8531730848358193,2.1368571859321133,0.4685147578308641,1.247960670518212,0.6683168316831684,1067,X-DS10-GCaMP6f-m-V1,158.2804412858703,,,,,,,0.897763336506392,0.014383757256146129
436,45.31531473145135,226.58336659090233,24.22037279129013,121.10549468010815,0.9867274683700415,0.9867274683700417,0.9993199429339636,0.9993199429339636,0.9867284370993462,0.9867284370993461,0.9993212723867734,0.9993212723867734,3000.0,0.5848468832187348,0.30610035329949165,0.6031471316410365,0.3694271264566385,0.9311406091690851,0.9311406091690851,0.8365226194149957,0.8365226194149957,0.9319720364780718,0.9319720364780718,0.8375940368801248,0.8375940368801248,0.590933345245424,1.5619650589882865,1.2037758919861563,0.6126126126126126,1068,X-DS10-GCaMP6f-m-V1,158.2804412858703,,,,,,,0.5208826507556605,0.0035167602813223
437,63.46824084895176,317.35071836931564,50.74348199304325,253.72501660125457,0.9872960952457033,0.987296095245703,0.999175735031375,0.999175735031375,0.9873472772458298,0.9873472772458302,0.9991763665038386,0.9991763665038386,3000.0,0.849812687948698,0.7472462284302288,0.8463099214340728,0.7598611584160886,0.9834574666346778,0.9834574666346778,0.777159098676374,0.777159098676374,0.9834520042464243,0.9834520042464245,0.7772063074038662,0.7772063074038662,1.551200031269238,0.6107551624433464,1.2600939936661364,0.6621160409556314,1070,X-DS10-GCaMP6f-m-V1,158.2804412858703,,,,,,,0.6804917042832657,0.0074735330329786355
438,59.449021064719936,297.2540169522131,1999.237919223238,9996.489289290726,0.9979455452649508,0.9979455452649506,0.9999172915303458,0.9999172915303458,0.9826236527484189,0.9826236527484189,0.9870680165593149,0.9870680165593149,3000.0,0.8660461968917245,0.9142181030840696,0.8118503794707441,0.8974080058700119,0.9508800455345618,0.9508800455345617,0.8578951020267822,0.8578951020267822,0.9422821205876936,0.9422821205876936,0.839810067546175,0.839810067546175,1.6303428900074644,0.608646181102018,1.151862496655796,0.6493506493506493,1073,X-DS10-GCaMP6f-m-V1,158.2804412858703,,,,,,,0.8453416555390333,107.3651704531646
439,57.47766494219013,287.39694082597424,26.224270841413837,131.1252853224721,0.9828373747913374,0.982837374791337,0.9979732154757609,0.9979732154757609,0.9828068298990673,0.9828068298990664,0.997974564794078,0.997974564794078,3000.0,0.6545754958349175,0.3962802163427793,0.7518931606092635,0.5212394011175349,0.9408879309544435,0.9408879309544437,0.90505261469127,0.90505261469127,0.9402488640058284,0.9402488640058284,0.9039548531727861,0.9039548531727861,0.9022285896157812,0.9766642704440279,1.327866654627619,0.5941176470588235,1074,X-DS10-GCaMP6f-m-V1,158.2804412858703,,,,,,,0.15315015475654215,0.009523108880664327
440,260.3244756472526,1301.6912180866223,1999.825664930975,9999.657155834411,0.9979636289519971,0.9979636289519973,0.9993086015185543,0.9993086015185543,0.9410779652546981,0.9410779652546982,0.9481081598232431,0.9481081598232431,3000.0,0.9260380015712159,0.8726705788014117,0.934948430477085,0.8570915914212789,0.9935747162137916,0.9935747162137917,0.9656367035172057,0.9656367035172057,0.9918107493426318,0.9918107493426318,0.9534808675472285,0.9534808675472285,0.981387805362664,0.952339209093971,1.3300582009978756,0.5609756097560976,1075,X-DS11-GCaMP6s-m-V1,158.2804412858703,,,,,,,0.8428882853751657,136.45807630396067
441,329.3882962616496,1647.0285843014196,86.61124372251443,433.07912197209095,0.9986043574202661,0.9986043574202661,0.9988269235035031,0.9988269235035031,0.9991485498736212,0.9991485498736217,0.9998155383321613,0.9998155383321613,3000.0,0.9680335216629119,0.9582809862214046,0.933616538180111,0.8912717669763107,0.9792614175299794,0.9792614175299796,0.9340933470452827,0.9340933470452827,0.9853504040260995,0.9853504040260993,0.9507435778835098,0.9507435778835098,1.1634194144218677,0.8556562935453407,1.1889113767648702,0.410958904109589,1076,X-DS11-GCaMP6s-m-V1,158.2804412858703,,,,,,,0.9270232354864667,0.011097431196254537
442,416.4415760788463,2082.318003638346,1999.874520352427,9999.90144586093,0.9967502574105651,0.9967502574105651,0.9979554530308298,0.9979554530308298,0.9725914490297676,0.9725914490297674,0.9741428338121398,0.9741428338121398,3000.0,0.8665367212393875,0.8039381913597431,0.8693837135739217,0.7940789595801653,0.9719985868941627,0.9719985868941627,0.9325258213361661,0.9325258213361661,0.9719544525047713,0.9719544525047714,0.9323287486501012,0.9323287486501012,0.9339012986515673,1.0059775869109915,1.4092148303468626,0.5384615384615384,1078,X-DS11-GCaMP6s-m-V1,158.2804412858703,,,,,,,0.8341546602629326,139.81572267534622
443,291.18530108903497,1455.9802864011301,80.62261241668823,403.1279528116172,0.999193761117048,0.9991937611170479,0.999653741953254,0.999653741953254,0.9993089190480823,0.9993089190480825,0.999903314396281,0.999903314396281,3000.0,0.8194139622426388,0.7927286606368614,0.8100049886992391,0.7789783352186939,0.9636679375008392,0.9636679375008392,0.9428689851789799,0.9428689851789799,0.9638632456962232,0.9638632456962232,0.9429282146470461,0.9429282146470461,1.5710709931780733,0.637514398369749,1.4665848168792166,0.5471698113207547,1079,X-DS11-GCaMP6s-m-V1,118.11973230288828,,,,,,,0.931008693665245,0.007793657068362898
444,244.9639977824013,1224.8847668584858,1999.515538008148,9998.106439210733,0.9950583373640896,0.9950583373640896,0.9995265342948397,0.9995265342948397,0.9234255383954666,0.9234255383954644,0.9662574135884412,0.9662574135884412,3000.0,0.9062752599136911,0.9067844528349572,0.9137324941308027,0.8952772430563839,0.9961152049443365,0.9961152049443367,0.9589170782229398,0.9589170782229398,0.9960495739891644,0.9960495739891644,0.9576176415609282,0.9576176415609282,1.9390323573697796,0.5146383517548944,1.2366081878614905,0.5942622950819673,1081,X-DS12-GCaMP6s-m-V1,158.2804412858703,,,,,,,0.8360487002117879,139.84803777819695
445,902.9826181127441,4515.048451005203,1999.9251838913228,9999.925715654672,0.9892546663394739,0.9892546663394737,0.9977509553133447,0.9977509553133447,0.982190719451184,0.9821907194511839,0.9904570001090234,0.9904570001090234,3000.0,0.7113657089306898,0.6047188905765457,0.7110610938960003,0.6033130264455863,0.9647259791231764,0.9647259791231764,0.9442857827693649,0.9442857827693649,0.9647085722453862,0.9647085722453862,0.9442575771492486,0.9442575771492486,0.7070095380614894,1.3771779913579758,1.2017694225567717,0.48120300751879697,1082,X-DS12-GCaMP6s-m-V1,158.2804412858703,,,,,,,0.7875122623583278,131.0288223107638
446,415.2780268223173,2076.530564628389,1999.8109897140444,9999.73120513246,0.9940805208620254,0.9940805208620257,0.997581768158603,0.997581768158603,0.9227451976991204,0.9227451976991214,0.9305458705181852,0.9305458705181852,3000.0,0.9421964798811423,0.8297361480083743,0.9427001595023944,0.8337651908438128,0.9951412735510818,0.9951412735510817,0.978591582667505,0.978591582667505,0.9889913043003176,0.9889913043003177,0.9575705035208629,0.9575705035208629,1.1018111034274058,0.8500559311941908,1.4233212754298925,0.6808510638297872,1085,X-DS12-GCaMP6s-m-V1,155.17690322144148,,,,,,,0.8691153587882678,120.12773129662344
447,687.6180044320905,3438.2718549305437,1999.472334190335,9997.890408696909,0.9828326706959136,0.9828326706959142,0.9882902769537202,0.9882902769537202,0.9018850922758616,0.9018850922758641,0.877501206504282,0.877501206504282,3000.0,0.9424561398532618,0.9432688375846697,0.9523536805965928,0.9507764708624437,0.9990305522053582,0.9990305522053583,0.9901106645567715,0.9901106645567715,0.9990298005338025,0.9990298005338029,0.9900970765347411,0.9900970765347411,1.6224556459624686,0.5883101249232582,1.5422048516307123,0.6862745098039216,1086,X-DS12-GCaMP6s-m-V1,158.2804412858703,,,,,,,0.8890730672042133,111.32267126636336
448,487.70664872997133,2438.6622121328787,1999.8942301153552,9999.999999887596,0.9963155525126083,0.9963155525126087,0.9973515559863284,0.9973515559863284,0.9636339367533158,0.9636339367533155,0.9495477446442582,0.9495477446442582,3000.0,0.8881177002759933,0.8595157100398012,0.8900833191405098,0.8617997035750687,0.9976621249600235,0.9976621249600235,0.9933320335467907,0.9933320335467907,0.9975311714127842,0.9975311714127844,0.9930234128344793,0.9930234128344793,1.8044872550216724,0.5544171216466957,1.2424375379362242,0.6607929515418502,1088,X-DS12-GCaMP6s-m-V1,158.2804412858703,,,,,,,0.8618034853986115,126.62504300832039
449,523.551064336382,2617.833803927066,1999.9400402936499,9999.999999893336,0.9978092854706063,0.9978092854706062,0.9986703199489986,0.9986703199489986,0.9793907233640842,0.9793907233640842,0.981650843676156,0.981650843676156,3000.0,0.8290027620761794,0.8452845504662945,0.836412251309778,0.8534227355792032,0.9907396825419822,0.9907396825419827,0.9765543773701583,0.9765543773701583,0.9746694824828257,0.9746694824828257,0.9589183357848807,0.9589183357848807,1.503714316026302,0.6570181104355379,1.2161275005770464,0.6197183098591549,1089,X-DS12-GCaMP6s-m-V1,158.2804412858703,,,,,,,0.875444508737848,95.96616005003584
450,473.1941588702861,2366.095925171368,106.36451482747854,531.8507010250626,0.9787983084207825,0.9787983084207827,0.9950281625445492,0.9950281625445492,0.9817521458730157,0.9817521458730164,0.9982073560215577,0.9982073560215577,3000.0,0.6441890537317553,0.7814515051859546,0.5562994278987488,0.7204247950009603,0.9992159758677015,0.9992159758677013,0.9930700203666369,0.9930700203666369,0.9993626727910533,0.9993626727910533,0.99375467960326,0.99375467960326,3.0391364295101853,0.28042548573404835,1.411954813623518,0.6370757180156658,1090,X-DS12-GCaMP6s-m-V1,158.2804412858703,,,,,,,0.8566706717181538,0.026415395048759352
451,353.0858540451321,1765.5226397687895,1999.8942300969074,9999.999999795351,0.975230847100367,0.9752308471003663,0.9974218892722659,0.9974218892722659,0.83323708454136,0.8332370845413608,0.8557387895765403,0.8557387895765403,3000.0,0.909240979652639,0.7646956476338616,0.9111913573000423,0.7973176473565079,0.9997399215374522,0.9997399215374521,0.9898015062264823,0.9898015062264823,0.9997091930501074,0.9997091930501074,0.9880123483139629,0.9880123483139629,1.8203160905920381,0.5289882232021402,1.3117050124264438,0.7248908296943232,1092,X-DS12-GCaMP6s-m-V1,158.2804412858703,,,,,,,0.8993973599376218,106.07874788296228
452,433.1449665425887,2165.8393729789195,1999.8941542571963,9999.99962057674,0.9959344077868229,0.9959344077868232,0.9946660129826496,0.9946660129826496,0.9420867659095697,0.9420867659095703,0.9459255514649051,0.9459255514649051,3000.0,0.8732079460862945,0.8955996566227564,0.8810005870176552,0.9040020816572967,0.9989895467272307,0.9989895467272308,0.9769257809245757,0.9769257809245757,0.9989407483814349,0.9989407483814349,0.9725044183282454,0.9725044183282454,1.6936854060291135,0.5777899837137089,1.434125864384349,0.7276995305164319,1094,X-DS12-GCaMP6s-m-V1,158.2804412858703,,,,,,,0.8091779405738668,152.81079027032973
453,317.8147417937282,1589.1577514668068,89.92952510518775,449.67140636727424,0.9904872433824926,0.9904872433824929,0.9963728064582108,0.9963728064582108,0.9928149139514978,0.9928149139514972,0.9986743195145705,0.9986743195145705,3000.0,0.9205111278402325,0.7694281526207726,0.9053458649323397,0.7255905615218853,0.9988192130244959,0.9988192130244959,0.9594642441845401,0.9594642441845401,0.9988356915779841,0.9988356915779844,0.9606654884064996,0.9606654884064996,1.2821356811996094,0.7532957620447482,1.2762900166296274,0.7391304347826086,1096,X-DS12-GCaMP6s-m-V1,158.2804412858703,,,,,,,0.8248367293920412,0.019988296006418462
454,316.04373306864176,1580.3022395182354,1999.8938971750565,9999.99833509806,0.9964370779187524,0.9964370779187521,0.9977724656540341,0.9977724656540341,0.9759353050002189,0.9759353050002186,0.9453190098826134,0.9453190098826134,3000.0,0.8277048771267728,0.7377237914669076,0.8190583486619409,0.700547811403087,0.9882813424706517,0.9882813424706515,0.9494937481339847,0.9494937481339847,0.9862150743589108,0.986215074358911,0.9377884470301912,0.9377884470301912,1.258392427844061,0.6681314759248297,1.4681340051721017,0.6455696202531646,1097,X-DS12-GCaMP6s-m-V1,158.2804412858703,,,,,,,0.6949322967380736,207.24701253096455
455,474.4785756809626,2372.518348874185,92.3738871683377,461.8938630668043,0.9825285838667286,0.9825285838667281,0.9941760426148956,0.9941760426148956,0.9856508836696747,0.9856508836696739,0.998748543696469,0.998748543696469,3000.0,0.9439159779677276,0.912320978937619,0.9085592378396358,0.818337954437034,0.9988885154236301,0.99888851542363,0.9732109893900749,0.9732109893900749,0.9988954014467413,0.9988954014467413,0.9738158521561096,0.9738158521561096,0.9972166409330295,0.8683440864421516,1.4598122693334883,0.688,1098,X-DS12-GCaMP6s-m-V1,158.2804412858703,,,,,,,0.8543430265845382,0.01902654991823184
456,382.097889320346,1910.5467244916365,1999.9004880161106,9999.802232576607,0.9976249326388242,0.997624932638824,0.9994878654466025,0.9994878654466025,0.9825438095971548,0.982543809597155,0.9843981833808431,0.9843981833808431,3000.0,0.8481132758040695,0.8042142836755665,0.8583970684261291,0.82656966391943,0.9906833477817332,0.9906833477817333,0.9840782296336151,0.9840782296336151,0.970718028813779,0.9707180288137789,0.9514301661619767,0.9514301661619767,1.688380986415497,0.5848285390021849,1.2406584319617713,0.5768025078369906,1099,X-DS12-GCaMP6s-m-V1,158.2804412858703,,,,,,,0.8881512038908708,90.09135470671413
457,452.42352139570767,2262.1854269413648,1999.8374302237564,9999.48693416224,0.9871543897717188,0.9871543897717197,0.9991337019796428,0.9991337019796428,0.9755485135996056,0.9755485135996054,0.9854848268254085,0.9854848268254085,3000.0,0.8805411269847946,0.7494668736551359,0.8868907773634273,0.7672128875672902,0.9873914121428999,0.9873914121428999,0.9767909936216442,0.9767909936216442,0.9702254674480906,0.9702254674480906,0.9450133548901135,0.9450133548901135,1.4615047913659147,0.6853806133328689,1.1406545439317244,0.6702898550724637,1100,X-DS12-GCaMP6s-m-V1,158.2804412858703,,,,,,,0.865986494402636,99.95369502053218
458,388.33570921020845,1941.8004483089312,1999.874161177089,9999.998585329775,0.9983891308077102,0.9983891308077102,0.9963631198991865,0.9963631198991865,0.9533084511993204,0.953308451199321,0.9596588117694078,0.9596588117694078,3000.0,0.94713196398856,0.9376775267380962,0.950512073304496,0.9433549878623868,0.9979415087293038,0.9979415087293035,0.9625096653808117,0.9625096653808117,0.9961530280834945,0.9961530280834944,0.930052292781813,0.930052292781813,0.734910222909829,1.3089508213079806,1.5702535487877023,0.6407766990291263,1101,X-DS12-GCaMP6s-m-V1,141.32182257666992,,,,,,,0.7917426347882518,150.326758593926
459,350.7165048111456,1753.6752670513674,1999.8631899949278,9999.844791077252,0.9848444199685109,0.984844419968512,0.9883275473953524,0.9883275473953524,0.9251153865565158,0.9251153865565167,0.9154223260091146,0.9154223260091146,3000.0,0.7988527277318082,0.7642291636911059,0.7570454618029352,0.7161623370601737,0.9952540805754081,0.995254080575408,0.9763321670675505,0.9763321670675505,0.9952537858322005,0.9952537858322004,0.9763312089772099,0.9763312089772099,1.6303700637476515,0.6109156409251251,1.4637659582273412,0.7024390243902439,1102,X-DS12-GCaMP6s-m-V1,158.2804412858703,,,,,,,0.8951008737295634,107.50447621127412
460,429.3978348438274,2147.0535425462012,1999.591808700799,9998.258789727875,0.9991418504462756,0.9991418504462755,0.9991486678815219,0.9991486678815219,0.9862473002183345,0.9862473002183342,0.9852345370257195,0.9852345370257195,3000.0,0.9222303919099145,0.8857743613335238,0.9272159563218371,0.8912233516340675,0.9921784950029399,0.9921784950029396,0.9828610345203461,0.9828610345203461,0.9903023553217574,0.9903023553217574,0.9766231051183512,0.9766231051183512,2.8016571993332153,0.35537206670595756,1.1790812824769068,0.569811320754717,1103,X-DS12-GCaMP6s-m-V1,158.2804412858703,,,,,,,0.8734996994820347,96.49613723996666
461,390.9693233008736,1954.950003900594,169.20464900791404,846.0679892868748,0.984906115275064,0.9849061152750639,0.9969827265341985,0.9969827265341985,0.9871286944532653,0.9871286944532653,0.9981162760703386,0.9981162760703386,3000.0,0.873792278581202,0.7884841523483574,0.8104558037225876,0.7263288700686447,0.9986281708965228,0.9986281708965228,0.9835629599731727,0.9835629599731727,0.9986817182950574,0.9986817182950573,0.984355172576442,0.984355172576442,1.0130454765033952,0.9491082943475062,1.3708915763974643,0.6771653543307087,1104,X-DS12-GCaMP6s-m-V1,158.2804412858703,,,,,,,0.9108207519240269,0.06804026801490858
462,470.24591595913313,2351.3539309862567,1999.6614890138972,9998.836232834565,0.9957892117604322,0.9957892117604324,0.9983351823189182,0.9983351823189182,0.9712739327419709,0.9712739327419715,0.9757329833037849,0.9757329833037849,3000.0,0.7571988793830697,0.77861990031781,0.7850189421307341,0.8190292875494939,0.9915399829526026,0.9915399829526026,0.9835304656071261,0.9835304656071261,0.9912449076343817,0.9912449076343817,0.9828543483412031,0.9828543483412031,1.2504780100588784,0.7778812088675612,1.316230288773016,0.5159235668789809,1105,X-DS12-GCaMP6s-m-V1,158.2804412858703,,,,,,,0.801218549403878,156.4786144951988
463,278.4513813745376,1392.3305401773493,570.4479128746555,2852.390412843681,0.9944579380729719,0.9944579380729719,0.9912011771144367,0.9912011771144367,0.9934053924565188,0.9934053924565187,0.9856483798623025,0.9856483798623025,3000.0,0.9344656610590413,0.7183086631115891,0.9395329148888143,0.7333085598205794,0.9988574750952339,0.9988574750952337,0.9763223121667459,0.9763223121667459,0.9988085854664829,0.9988085854664832,0.9746873468449392,0.9746873468449392,0.8310138674441913,0.9237728852403289,1.3428871286313722,0.7019230769230769,1106,X-DS12-GCaMP6s-m-V1,158.2804412858703,,,,,,,0.7807444119459599,3.924700572738598
464,419.0271317323209,2095.2404416402824,1999.8989772921927,9999.994986230231,0.9982116262801707,0.9982116262801708,0.997066951825147,0.997066951825147,0.9706986096203891,0.9706986096203891,0.9835544836490128,0.9835544836490128,3000.0,0.7846741020435648,0.49852433608386476,0.7853065634755277,0.4850618664381275,0.9918730308045965,0.9918730308045965,0.9478094891529022,0.9478094891529022,0.9863110475973728,0.9863110475973728,0.9197795139600314,0.9197795139600314,0.8821764352870575,1.0827397260273972,1.0378194291995717,0.8972602739726028,1107,X-NAOMi-GCaMP6f-simulated,30.0,,,,,,,0.624095575533703,210.0866461592165
465,269.9490479956577,1349.812744116322,1999.899922206867,9999.999711039889,0.9986587175339146,0.9986587175339146,0.9994974998660242,0.9994974998660242,0.9674878228109961,0.9674878228109954,0.9656133040344387,0.9656133040344387,3000.0,0.8158851989405194,0.34319239712842564,0.7869167513843768,0.2855626727451809,0.9922378364619967,0.992237836461997,0.9703662558545797,0.9703662558545797,0.9849358398541445,0.9849358398541445,0.9631613670991234,0.9631613670991234,0.6961392278455691,1.4079130434782607,1.3529224406488598,0.6695652173913044,1108,X-NAOMi-GCaMP6f-simulated,30.0,,,,,,,0.8732489034305358,103.13077329287776
466,368.9132790548104,1844.6586466566616,132.535430653952,662.7102954129595,0.9989677422424795,0.9989677422424795,0.9988629662295732,0.9988629662295732,0.9990105664176904,0.9990105664176904,0.9996698078485166,0.9996698078485166,3000.0,0.8833317034251741,0.8390602813253049,0.8108053218477717,0.7161417856065564,0.9979703200866898,0.9979703200866896,0.9923459292912947,0.9923459292912947,0.9981440180601305,0.9981440180601304,0.9923876725239811,0.9923876725239811,0.9781956391278256,0.9732716049382717,1.0326390469415592,0.5555555555555556,1109,X-NAOMi-GCaMP6f-simulated,30.0,,,,,,,0.9208336149254318,0.02850337359153076
467,258.68540060925466,1293.4916905683062,1999.2199846583983,9996.599853270653,0.9994304802389561,0.9994304802389559,0.9994766313395853,0.9994766313395853,0.9638085565799893,0.9638085565799897,0.9720772641993436,0.9720772641993436,3000.0,0.9257162366231898,0.7656681219860692,0.9227210350705115,0.7679827849907567,0.9969403706168417,0.9969403706168419,0.974279273551308,0.974279273551308,0.9954484975415793,0.995448497541579,0.9694873447066598,0.9694873447066598,0.630126025205041,1.5589423076923077,1.1614103294148752,0.6538461538461539,1110,X-NAOMi-GCaMP6f-simulated,30.0,,,,,,,0.9599867336775995,55.661996692776455
468,442.8249238452114,2214.2353531404974,1999.8999799890064,9999.999999965035,0.9995378875472628,0.9995378875472628,0.9946901710549451,0.9946901710549451,0.9625597474809147,0.962559747480915,0.949645842961261,0.949645842961261,3000.0,0.9544626608938038,0.7030522511657528,0.9714461106018127,0.7036578086602969,0.9987173719681924,0.9987173719681923,0.969626693859638,0.969626693859638,0.9985847509667048,0.9985847509667048,0.9670172299720906,0.9670172299720906,2.388477695539108,0.40395465994962215,0.8374899136797203,0.9420654911838791,1111,X-NAOMi-GCaMP6f-simulated,30.0,,,,,,,0.8142184495108286,129.3034111390278
469,627.6439728135549,3138.3768142985364,73.47040489500344,367.37039666928956,0.9993565066086804,0.9993565066086804,0.9986161642824389,0.9986161642824389,0.9985055467959207,0.9985055467959209,0.9992644504658673,0.9992644504658673,3000.0,0.6291333971906861,0.4058503831243166,0.4813253623900597,0.2961273335414206,0.9788962571155677,0.9788962571155678,0.952395637765073,0.952395637765073,0.9787518941463728,0.9787518941463728,0.9520099208156052,0.9520099208156052,0.6421284256851371,1.5087735849056605,1.1705322890787255,0.6698113207547169,1112,X-NAOMi-GCaMP6f-simulated,30.0,,,,,,,0.5861921747530889,0.019911962684809496
470,615.546530731649,3077.886578772207,69.4825949647482,347.4303498162304,0.9971248683696705,0.997124868369671,0.9981275296964203,0.9981275296964203,0.9968479396350857,0.9968479396350854,0.9997458143621926,0.9997458143621926,3000.0,0.7078594518872617,0.5476062343819335,0.6898348999172689,0.5241562689771583,0.9554360373976444,0.9554360373976445,0.9577006983891362,0.9577006983891362,0.9802292670865314,0.9802292670865312,0.9667015968256686,0.9667015968256686,1.0322064412882577,0.9487134502923977,1.1256742747973296,0.5380116959064327,1113,X-NAOMi-GCaMP6f-simulated,30.0,,,,,,,0.7084414354649577,0.013522092640981262
471,442.66469618650484,2213.434174780033,1999.899979990075,9999.99999997038,0.9995229586640074,0.9995229586640074,0.9987159164740179,0.9987159164740179,0.9783170725950991,0.9783170725950994,0.976433252561271,0.976433252561271,3000.0,0.9277643231803689,0.7934042598928932,0.9257084025091671,0.7980231885168436,0.9962842415495972,0.9962842415495972,0.9868065045090916,0.9868065045090916,0.9959758965204917,0.9959758965204917,0.9865007351906727,0.9865007351906727,0.6421284256851371,1.5060377358490564,1.2295374967051067,0.660377358490566,1114,X-NAOMi-GCaMP6f-simulated,30.0,,,,,,,0.9145116771213967,82.76339695386982
472,535.295802772587,2676.6128712779823,169.6985288003501,848.535079242761,0.9991316656233572,0.9991316656233573,0.9992147717976756,0.9992147717976756,0.9987457941239384,0.9987457941239384,0.9994991532024667,0.9994991532024667,3000.0,0.6429244893511458,0.5844912005469617,0.6331963839006312,0.5418278807666786,0.9738041834184165,0.9738041834184163,0.9472481221451725,0.9472481221451725,0.9760162208883999,0.9760162208883998,0.9499747450369981,0.9499747450369981,0.6661332266453291,1.4702727272727274,1.325613687055524,0.7090909090909091,1115,X-NAOMi-GCaMP6f-simulated,30.0,,,,,,,0.7658453530171948,0.10444592175491609
473,717.4280529812931,3587.3196667701777,1999.899962276063,9999.99991139589,0.9982833566347462,0.9982833566347464,0.995013537738702,0.995013537738702,0.968443493783837,0.9684434937838359,0.9650955615843797,0.9650955615843797,3000.0,0.9822684567045389,0.7588151949707241,0.9871013363880089,0.7586737920522253,0.9997324299840636,0.9997324299840633,0.9902292588582142,0.9902292588582142,0.9997088983469563,0.9997088983469563,0.9883244243199668,0.9883244243199668,5.797159431886378,0.15667357512953367,0.2924236118366706,0.9782383419689119,1116,X-NAOMi-GCaMP6f-simulated,30.0,,,,,,,0.8337732309071516,122.42172199799565
474,314.7444654431111,1573.8010330083648,1999.657803285167,9998.789055886522,0.9991338783707191,0.9991338783707187,0.9989689915538738,0.9989689915538738,0.9849296980585734,0.9849296980585733,0.9868520991042037,0.9868520991042037,3000.0,0.7184013678180424,0.5483605225829397,0.6353850542072204,0.5491814800916189,0.9816828597875975,0.9816828597875977,0.944412809215353,0.944412809215353,0.980642145543041,0.980642145543041,0.9407136406027,0.9407136406027,0.7681536307261453,1.273937007874016,1.169320319321236,0.8188976377952756,1117,X-NAOMi-GCaMP6f-simulated,30.0,,,,,,,0.776547456151738,145.1559309334346
475,405.5928178195713,2028.0655126582014,1999.8998269342671,9999.999234653065,0.9985522746803944,0.9985522746803943,0.9919960503396581,0.9919960503396581,0.911958532578306,0.9119585325783067,0.8959803377422205,0.8959803377422205,3000.0,0.9676824792407219,0.5543595705328634,0.9525038346904886,0.5837695664529882,0.9995422219527468,0.9995422219527467,0.9677714979022635,0.9677714979022635,0.999388379959376,0.9993883799593762,0.9518539783772528,0.9518539783772528,1.5663132626525307,0.6194615384615385,0.8503386913995504,0.9230769230769231,1118,X-NAOMi-GCaMP6f-simulated,30.0,,,,,,,0.855159580696633,111.40441130443128
476,374.6469100539914,1873.328235418758,1999.8999478974233,9999.999839499094,0.9995596796930988,0.9995596796930991,0.9993412551478531,0.9993412551478531,0.9809151997344181,0.9809151997344179,0.9817837780104349,0.9817837780104349,3000.0,0.7830673672521803,0.7205061691849901,0.7458678794412925,0.6952772851798847,0.9929980307385793,0.9929980307385793,0.9811265470027358,0.9811265470027358,0.990194909781659,0.990194909781659,0.9744567507531852,0.9744567507531852,0.8461692338467693,1.1509999999999998,1.20354583415926,0.6214285714285714,1119,X-NAOMi-GCaMP6f-simulated,30.0,,,,,,,0.920688339598968,79.44979485745465
477,314.81706561194284,1574.1640520071044,1999.89991174791,9999.999658742488,0.9990417437415406,0.9990417437415408,0.9993786080864906,0.9993786080864906,0.9807634426997155,0.9807634426997149,0.9808422436480797,0.9808422436480797,3000.0,0.8308956246356513,0.6403125726626419,0.8301895225683904,0.6227930529534471,0.9916473119406184,0.9916473119406186,0.9775387895212619,0.9775387895212619,0.9797869760405633,0.9797869760405632,0.9593354819125073,0.9593354819125073,0.8761752350470094,1.1147586206896551,1.190670298964081,0.7241379310344828,1120,X-NAOMi-GCaMP6f-simulated,30.0,,,,,,,0.8997480286433308,90.35787721223919
478,202.93612913649704,1014.7313924014492,1999.8999799723015,9999.999999881506,0.9974517690991567,0.9974517690991569,0.9987858003557583,0.9987858003557583,0.9662957027097739,0.966295702709774,0.9734746648511414,0.9734746648511414,3000.0,0.9322239538667649,0.6042872614715574,0.9337240368889137,0.6549985555021998,0.9965947098583605,0.9965947098583605,0.9822524856459873,0.9822524856459873,0.9850260822863711,0.9850260822863712,0.9540711207882896,0.9540711207882896,2.0704140828165634,0.45636627906976746,0.7057879677667138,0.9244186046511628,1121,X-NAOMi-GCaMP6f-simulated,30.0,,,,,,,0.8026832712753408,135.88090418076413
479,174.5232111632795,872.6596975296168,1999.8999798908376,9999.999999474167,0.9982834686346147,0.9982834686346145,0.9977213481923948,0.9977213481923948,0.9345399203581366,0.9345399203581365,0.9346352349744654,0.9346352349744654,3000.0,0.9702173085662489,0.6024362682362912,0.9787946909063229,0.6281605859272583,0.9993444840874939,0.999344484087494,0.9903321073168531,0.9903321073168531,0.9974441017949609,0.9974441017949609,0.981175643621112,0.981175643621112,1.836367273454691,0.5173770491803279,0.7813775936436613,0.940983606557377,1123,X-NAOMi-GCaMP6f-simulated,30.0,,,,,,,0.7953537021470952,139.68947142734766
480,325.960094138638,1629.8819810943253,1999.8999681638443,9999.99994083627,0.9984038276278139,0.9984038276278137,0.999043361938574,0.999043361938574,0.9682980252708999,0.9682980252708996,0.9666573878531628,0.9666573878531628,3000.0,0.9221864150521778,0.532127716843295,0.9355978756754845,0.5958779641052193,0.9976630700115486,0.9976630700115486,0.9804988311588557,0.9804988311588557,0.9968583556423956,0.9968583556423957,0.9760927142917519,0.9760927142917519,1.830366073214643,0.5374013157894737,0.8460883749356093,0.8980263157894737,1125,X-NAOMi-GCaMP6f-simulated,30.0,,,,,,,0.8430332344769316,118.08070513674832
481,163.3562178344235,816.8219384388929,1999.8999507232934,9999.999853629151,0.9985567607430004,0.9985567607430003,0.998932034835131,0.998932034835131,0.9232017771096432,0.9232017771096436,0.9593528857808478,0.9593528857808478,3000.0,0.9227155778838673,0.6378744868039554,0.9520091141436665,0.7129230123130127,0.9996141326666905,0.9996141326666903,0.9885127464098652,0.9885127464098652,0.9987521570721611,0.9987521570721611,0.9726864852140801,0.9726864852140801,1.1162232446489297,0.8576756756756757,0.9552175308576764,0.8702702702702703,1129,X-NAOMi-GCaMP6f-simulated,30.0,,,,,,,0.9250858585480618,78.1484302208801
482,375.04352581860286,1875.3114134205512,1998.767720822326,9994.338420996059,0.999522258149179,0.999522258149179,0.9993418463255822,0.9993418463255822,0.9739555842255736,0.9739555842255738,0.9727554272564876,0.9727554272564876,3000.0,0.924219406037603,0.7984604607659078,0.9227292839729966,0.8112886238149886,0.996428463816071,0.996428463816071,0.9845795741526471,0.9845795741526471,0.9948929099639046,0.9948929099639046,0.9803038345324542,0.9803038345324542,0.6541308261652331,1.477777777777778,1.3020452856755036,0.6574074074074074,1130,X-NAOMi-GCaMP6f-simulated,30.0,,,,,,,0.8555156914144546,111.70481784605104
483,571.7042168270119,2858.664045929715,133.9080516597621,669.5737436830716,0.9978824327939395,0.9978824327939394,0.9985785078365658,0.9985785078365658,0.9976006765387425,0.9976006765387426,0.9997012161584327,0.9997012161584327,3000.0,0.8473761921052616,0.8250069500205953,0.7559105978954546,0.7264088253397947,0.9917829592045421,0.9917829592045423,0.9911086228571346,0.9911086228571346,0.9946607356072927,0.9946607356072927,0.9913256592741336,0.9913256592741336,1.230246049209842,0.7914215686274509,0.9886672805365776,0.46078431372549017,1133,X-NAOMi-GCaMP6f-simulated,30.0,,,,,,,0.83129735334205,0.04499154433564944
484,458.86117454507405,2294.420616705002,1999.2654449500644,9996.827166096899,0.9985354153846495,0.9985354153846496,0.9989353395332503,0.9989353395332503,0.9844628013593074,0.9844628013593077,0.9902208728022528,0.9902208728022528,3000.0,0.7928959417393341,0.4144453239509573,0.764417209611386,0.39477449646142954,0.9893202806848902,0.9893202806848903,0.9591249803632419,0.9591249803632419,0.988135053836094,0.9881350538360937,0.9555402768071423,0.9555402768071423,0.618123624724945,1.5618627450980396,1.2203377142367673,0.7549019607843137,1135,X-NAOMi-GCaMP6f-simulated,30.0,,,,,,,0.7744197209967748,145.96109395292126
485,310.0166149443096,1550.160598256168,1999.899847294932,9999.999336461482,0.9993555174246657,0.9993555174246654,0.9994470671408409,0.9994470671408409,0.9798027411865086,0.9798027411865085,0.9754024121736969,0.9754024121736969,3000.0,0.8377468954954231,0.5347184510207401,0.8226987383049429,0.5456729434397329,0.991835833613665,0.9918358336136652,0.9695911620115293,0.9695911620115293,0.9847919506165858,0.9847919506165855,0.9576587741718017,0.9576587741718017,1.6923384676935387,0.5839857651245551,1.037090142620487,0.7651245551601423,1136,X-NAOMi-GCaMP6f-simulated,30.0,,,,,,,0.8045783616875104,133.40776915527974
486,155.93739964177666,779.7259923073184,1999.8998766365823,9999.999483177071,0.9988692178807227,0.9988692178807228,0.9987227912063354,0.9987227912063354,0.9318206833166983,0.9318206833166985,0.956187758972154,0.956187758972154,3000.0,0.9182953146139419,0.6443409728826205,0.9216010174021122,0.6974318332389154,0.9989596239811256,0.9989596239811256,0.9658822760747204,0.9658822760747204,0.9988318652367625,0.9988318652367625,0.9620070202476776,0.9620070202476776,0.9181836367273455,1.0761184210526316,1.0549863006392222,0.875,1137,X-NAOMi-GCaMP6f-simulated,30.0,,,,,,,0.9266966201130216,77.17579095889089
487,197.5129075400663,987.6139282748603,1999.8999799840642,9999.999999940323,0.9984679371079317,0.9984679371079317,0.9991995404025705,0.9991995404025705,0.9468901680568067,0.9468901680568067,0.9541971652650385,0.9541971652650385,3000.0,0.9014659090747764,0.4849888788866495,0.9142226205280958,0.6226310443897615,0.9988121480591903,0.99881214805919,0.9891001864804383,0.9891001864804383,0.9969751107547269,0.9969751107547267,0.9797051757357407,0.9797051757357407,0.6781356271254251,1.4224999999999999,1.2507341367608245,0.7589285714285714,1139,X-NAOMi-GCaMP6f-simulated,30.0,,,,,,,0.9349807853249248,72.33908748622711
488,349.5376150585355,1747.7754815480062,1999.8999325286024,9999.999762651149,0.9974863336618907,0.9974863336618904,0.997735016229958,0.997735016229958,0.9141784007497076,0.9141784007497041,0.9255473858321299,0.9255473858321299,3000.0,0.9242505875954705,0.524190147750851,0.9218545606622993,0.5658415132284055,0.9989645811307982,0.9989645811307983,0.9770798372692456,0.9770798372692456,0.9986957383128969,0.9986957383128969,0.9721556923137378,0.9721556923137378,0.9061812362472494,1.0545333333333333,0.9720145855627508,0.9,1140,X-NAOMi-GCaMP6f-simulated,30.0,,,,,,,0.8751305842073485,103.56145955398992
489,459.41872987873364,2297.208532796989,1999.8999799890466,9999.999999965237,0.9989146826410519,0.998914682641052,0.9991736959080285,0.9991736959080285,0.9780703084132621,0.9780703084132615,0.9776624337485165,0.9776624337485165,3000.0,0.7364914061366502,0.5986394788303895,0.7281113219662396,0.5673226202216191,0.9904678084145049,0.9904678084145049,0.9737750703623304,0.9737750703623304,0.9901465510543498,0.9901465510543497,0.9735698122900114,0.9735698122900114,0.6421284256851371,1.525943396226415,1.3628783254991008,0.660377358490566,1142,X-NAOMi-GCaMP6f-simulated,30.0,,,,,,,0.8410828300336751,117.66471027687018
490,186.4654778628736,932.3740173408405,1999.8999604903645,9999.99990246695,0.9977972350342934,0.9977972350342934,0.9964113001008844,0.9964113001008844,0.8936912583561609,0.8936912583561607,0.9456108187151727,0.9456108187151727,3000.0,0.9618030144553906,0.7014114234463963,0.9724285251758095,0.7245465018722022,0.9998949497783702,0.9998949497783702,0.9886759272858021,0.9886759272858021,0.9998647589640789,0.999864758964079,0.9873565592552849,0.9873565592552849,0.9181836367273455,1.0190789473684212,0.9767813725469399,0.9013157894736842,1143,X-NAOMi-GCaMP6f-simulated,30.0,,,,,,,0.6736732932272504,191.68397656494278
491,331.48199968894994,1657.4928896674778,1999.8999041122725,9999.999620562392,0.9989820528057154,0.9989820528057156,0.9987950639913299,0.9987950639913299,0.9695219842281956,0.969521984228196,0.9637767956095481,0.9637767956095481,3000.0,0.7471145071611023,0.3554639160923835,0.7402215084697076,0.37294704197546624,0.9900062243473815,0.9900062243473817,0.9512618661637435,0.9512618661637435,0.9868917712131237,0.9868917712131237,0.9398256233860686,0.9398256233860686,1.0022004400880176,0.9663855421686748,1.0343139173139375,0.8614457831325302,1144,X-NAOMi-GCaMP6f-simulated,30.0,,,,,,,0.8007092266225011,135.0480042839866
492,186.27346141435058,931.4138870821091,1999.8999797515226,9999.999998777557,0.9935709034881145,0.993570903488114,0.9984368974647284,0.9984368974647284,0.7557846710037874,0.7557846710037885,0.8980265546907911,0.8980265546907911,3000.0,0.9041515736197282,0.7377227068305467,0.937514899291231,0.7977057303914424,0.9998134317767914,0.9998134317767914,0.9824005064294346,0.9824005064294346,0.9997463161385242,0.9997463161385239,0.9778825894353826,0.9778825894353826,0.8881776355271055,1.1002040816326533,1.0272057053239632,0.8571428571428571,1145,X-NAOMi-GCaMP6f-simulated,30.0,,,,,,,0.7702287122949866,150.42976686678904
493,511.97686362107623,2560.012344327842,87.28283419261429,436.43599712816086,0.9991733463702923,0.9991733463702923,0.9980004943176457,0.9980004943176457,0.9978125335042204,0.9978125335042204,0.9981515480904056,0.9981515480904056,3000.0,0.6731344099695321,0.5210878576837982,0.7053191182577734,0.48370798203352566,0.9818426007653391,0.9818426007653392,0.9511477801038773,0.9511477801038773,0.9817337267713659,0.9817337267713658,0.950744614023357,0.950744614023357,0.624124824964993,1.449126213592233,1.0734103270204758,0.8446601941747572,1146,X-NAOMi-GCaMP6f-simulated,30.0,,,,,,,0.6573789480892877,0.025045237771315367
494,196.77456166924253,983.9220142881155,1999.8999792897157,9999.999996468407,0.9995527033959303,0.9995527033959303,0.9925979781801161,0.9925979781801161,0.8448965153920143,0.8448965153920166,0.8845338029395344,0.8845338029395344,3000.0,0.994440076663962,0.6620800958179328,0.9329963340321415,0.6684091181207938,0.9999622796127771,0.9999622796127771,0.9796991426571553,0.9796991426571553,0.9999566591652761,0.9999566591652761,0.9768689605204869,0.9768689605204869,2.2324464892978595,0.4117789757412399,0.6914279190883833,0.967654986522911,1148,X-NAOMi-GCaMP6f-simulated,30.0,,,,,,,0.7484402362202934,159.77232572440184
495,413.3209962974484,2066.7083375753386,1999.3784841899646,9997.392390563276,0.9983581569813293,0.9983581569813293,0.9987096645109423,0.9987096645109423,0.9759255944510946,0.9759255944510947,0.9768009911636957,0.9768009911636957,3000.0,0.7364989240068635,0.35757981066234906,0.7233874800806313,0.3536042476037189,0.990753233938925,0.9907532339389252,0.9753172292291493,0.9753172292291493,0.9844995176990216,0.9844995176990213,0.9641609565585642,0.9641609565585642,0.8101620324064813,1.1965671641791042,1.3374645526366045,0.6044776119402985,1149,X-NAOMi-GCaMP6f-simulated,30.0,,,,,,,0.8368612445525856,119.42982993512976
496,169.0083924730323,845.0842250289459,1999.8997365711316,9999.998782814791,0.9997268238512702,0.9997268238512704,0.9897634180903239,0.9897634180903239,0.8504041194900936,0.8504041194900962,0.9034637700413467,0.9034637700413467,3000.0,0.9957286201963069,0.5287549491130159,0.9701451267354143,0.5262764102890486,0.9999514064668411,0.9999514064668411,0.9738465516655486,0.9738465516655486,0.9999385065122137,0.9999385065122137,0.9690597410601639,0.9690597410601639,1.6383276655331067,0.5350367647058822,0.7956862903145714,0.9632352941176471,1150,X-NAOMi-GCaMP6f-simulated,30.0,,,,,,,0.7623465080522689,153.72108295868412
497,279.8706415021333,1399.4231926673315,1999.89990265774,9999.999613289367,0.9991129263519889,0.9991129263519887,0.9995008383179875,0.9995008383179875,0.9838022717498409,0.9838022717498415,0.9790811097651317,0.9790811097651317,3000.0,0.8225162397629978,0.4670889028222781,0.8140735114659418,0.5252057870186881,0.9851565500443337,0.985156550044334,0.9572275917828402,0.9572275917828402,0.9848540040847353,0.9848540040847354,0.9569866503809082,0.9569866503809082,1.278255651130226,0.7681132075471697,1.1021684832934366,0.7830188679245284,1151,X-NAOMi-GCaMP6f-simulated,30.0,,,,,,,0.8147094259265086,129.09389650998662
498,173.29571301684632,866.5218998461764,1999.8998989052461,9999.999594525958,0.9979383929343806,0.9979383929343804,0.9969919912895255,0.9969919912895255,0.9425891893792028,0.9425891893792024,0.9570032501958387,0.9570032501958387,3000.0,0.9056375752070281,0.5860183912982959,0.9179772006904016,0.5416285100848333,0.9982378029289686,0.9982378029289686,0.9718537941557341,0.9718537941557341,0.9961577302252993,0.9961577302252995,0.9592509333018596,0.9592509333018596,0.8101620324064813,1.1779104477611941,1.0308719832180138,0.9104477611940298,1152,X-NAOMi-GCaMP6f-simulated,30.0,,,,,,,0.8492661886458963,115.78697086061523
499,313.1253204716513,1565.704903263601,1999.8999799795188,9999.999999917594,0.9993537440134581,0.9993537440134581,0.9994761133978578,0.9994761133978578,0.9867342911789913,0.9867342911789909,0.9853652247803364,0.9853652247803364,3000.0,0.684237126676469,0.47561734145679796,0.6227750379386683,0.4527270608636281,0.9728290599890929,0.972829059989093,0.9491050992486344,0.9491050992486344,0.9715929208761501,0.9715929208761501,0.947855815637818,0.947855815637818,1.17623524704941,0.8268205128205127,1.0522503890959354,0.6974358974358974,1153,X-NAOMi-GCaMP6f-simulated,30.0,,,,,,,0.6903772843037954,181.2816105163616
500,599.0034209318642,2995.16689296163,1999.8999799898836,9999.999999969421,0.9992547249926638,0.9992547249926639,0.9987030987841569,0.9987030987841569,0.9859774783173546,0.9859774783173544,0.984258474575002,0.984258474575002,3000.0,0.6030396604653101,0.4414095440336957,0.5886274208847894,0.44016819378579275,0.9668665641279309,0.9668665641279307,0.9400279716619939,0.9400279716619939,0.9481332818059723,0.9481332818059723,0.9132430038527949,0.9132430038527949,0.9961992398479697,0.9700000000000001,1.16067007231834,0.6545454545454545,1154,X-NAOMi-GCaMP6f-simulated,30.0,,,,,,,0.5634985676114452,238.24553657958364
501,411.6079538044283,2058.1426967425227,1999.463723861385,9997.818610235625,0.9988157752120185,0.9988157752120184,0.9992228032646697,0.9992228032646697,0.9843276962333692,0.9843276962333688,0.9820991880898466,0.9820991880898466,3000.0,0.7616941238376201,0.629143756936072,0.7320332249858483,0.618636746092489,0.9821740572972426,0.9821740572972428,0.9653769978468043,0.9653769978468043,0.9604430470974095,0.9604430470974095,0.9172111122227984,0.9172111122227984,1.0922184436887379,0.8986740331491714,1.1658745315076273,0.574585635359116,1156,X-NAOMi-GCaMP6f-simulated,30.0,,,,,,,0.8206231490993237,126.4788278391173
