tau_frames,tau_ms,cumsum_slope_raw,cumsum_r2_calib,cumsum_slope_calib,tau_psd_frames,tau_psd_ms,cumsum_slope_raw_psd,cumsum_r2_calib_psd,cumsum_slope_calib_psd,cumsum_psd_vs_true_slope_raw,cumsum_psd_vs_true_r2_calib,cumsum_psd_vs_true_slope_calib,cumsum_psd_vs_deriv_slope_raw,cumsum_psd_vs_deriv_r2_calib,cumsum_psd_vs_deriv_slope_calib,global_id,dataset_name,frame_rate,gof_tau_r2,gof_tau_psd_r2,psd_fit_r2,psd_fit_std_tau
550.0397992426284,2750.2333441055644,0.029151814658291003,0.9906730430813905,1.0000000000000073,48.948037231509126,244.74324277621108,0.3257798070754138,0.9917208062294134,1.0000000000000009,0.3257798070754138,0.9917208062294134,1.0000000000000009,11.173412823138941,0.9996994738628062,1.000000000000003,0,DS01-OGB1-m-V1,12.175,0.9990611613746743,0.9993088962308201,0.7985727164426928,0.00324113807781755
482.9544663266204,2414.811203788047,0.029673119185128376,0.9787736698531797,0.9999999999999956,27.083587703458907,135.42011842759888,0.5269747326209245,0.9785073148155162,0.9999999999999983,0.5269747326209245,0.9785073148155162,0.9999999999999983,17.75905406051722,0.9996434738655401,0.9999999999999989,2,DS01-OGB1-m-V1,11.466999999999999,0.9971966633411447,0.9989574085589227,0.7667533167084034,0.001676990896331958
4308.220501510657,21542.022104084972,0.000831668729838475,0.8896609123996301,0.9999999999999918,23.562660894318988,117.81833395911259,0.12539389090066383,0.9568019495100508,0.9999999999999982,0.12539389090066383,0.9568019495100508,0.9999999999999982,148.36372221649225,0.9072322555139228,0.9999999999999976,3,DS01-OGB1-m-V1,10.926000000000002,0.9911376165262039,0.9991310480745664,0.6905315085697541,0.0022691178945692418
611.8884979113492,3059.526457864376,0.016533914516874647,0.9978575469788415,1.0000000000000002,26.197843723073458,130.9928136961843,0.38924314820125877,0.9982821033732977,0.9999999999999992,0.38924314820125877,0.9982821033732977,0.9999999999999992,23.53636456927805,0.9987301542966734,1.0000000000000047,4,DS01-OGB1-m-V1,12.175000000000002,0.9804509234395069,0.9981323273931421,0.8039795166518806,0.0017329222913023015
265.6802455735854,1328.4356318754476,0.038086189577993965,0.9937954985685529,0.9999999999999927,25.33675025576344,126.68703223688944,0.39671571716305454,0.9931520609033216,0.9999999999999951,0.39671571716305454,0.9931520609033216,0.9999999999999951,10.416694138765532,0.9996903421955512,1.0000000000000042,5,DS01-OGB1-m-V1,11.952,0.998908038125706,0.9991720065339533,0.6383127731828677,0.0022229231222773956
435.5745777121951,2177.9035452557173,0.014196029000398678,0.9851861384027522,0.999999999999997,57.894316252384606,289.4756559909624,0.107995066390195,0.9857568444029284,1.0000000000000038,0.107995066390195,0.9857568444029284,1.0000000000000038,7.606342817075955,0.9997347558497515,1.0000000000000069,6,DS01-OGB1-m-V1,9.743000000000002,0.9765493644884821,0.9966001278469745,0.8103915350461666,0.003942159845272503
654.9160298558231,3274.6322449007307,0.02261640483207191,0.9911017071608303,0.9999999999999988,35.9440527227256,179.72312280119493,0.405227068732662,0.9885761275028738,1.0000000000000042,0.405227068732662,0.9885761275028738,1.0000000000000042,17.921375871049786,0.9988425560407473,0.9999999999999977,7,DS01-OGB1-m-V1,11.607000000000001,0.9991183546879859,0.9991333092730774,0.8004653869597046,0.0023909005736732014
464.50139183622207,2322.581178098671,0.028408806546433605,0.25945223528635475,1.0000000000000029,39.9559177644741,199.78597305505258,0.3275735008230819,0.26831177440633114,0.999999999999999,0.3275735008230819,0.26831177440633114,0.999999999999999,11.509709603545902,0.9990759820472161,1.0000000000000067,8,DS01-OGB1-m-V1,11.607000000000001,0.9990432434360369,0.9995778340522857,0.812486118495122,0.0029191963134216677
1433.1723671882548,7165.936357202685,0.014551651186389907,0.9893664902007789,1.0000000000000038,19.168757179273943,95.84478262223283,1.0878424476284263,0.9912663380790313,0.9999999999999947,1.0878424476284263,0.9912663380790313,0.9999999999999947,74.73592925153764,0.9987983027068064,1.0000000000000133,9,DS01-OGB1-m-V1,10.667,0.9936314677982543,0.9989808942922358,0.6749414460471614,0.0010837824406781918
894.1186234844057,4470.657314197998,0.04574683356816238,0.9779530487208686,0.9999999999999997,17.131709211433968,85.6597760958575,2.3595157883244777,0.9793166978630495,0.9999999999999988,2.3595157883244777,0.9793166978630495,0.9999999999999988,51.56823922166799,0.9989277782848887,1.000000000000005,10,DS01-OGB1-m-V1,11.606999999999998,0.999116750792114,0.9989946400979234,0.6989844727079981,0.0009558243029032839
612.7437633461504,3063.746474935502,0.006983397604909764,0.9866762600543136,0.9999999999999946,38.74424953694772,193.72299653385087,0.11053583172205014,0.9863557622573128,0.9999999999999943,0.11053583172205014,0.9863557622573128,0.9999999999999943,15.828157000528227,0.999562722600521,0.9999999999999897,11,DS01-OGB1-m-V1,10.966,0.9968479702826297,0.9995214738119185,0.7161108258570416,0.0025358921339316684
409.1185364826878,2045.6258245849965,0.02980180008466249,0.9991607367388352,1.0000000000000184,38.85167422476345,194.26151844846194,0.3132110784551338,0.999001343305993,1.0000000000000102,0.3132110784551338,0.999001343305993,1.0000000000000102,10.509862091026244,0.9998799189485708,0.9999999999999963,12,DS01-OGB1-m-V1,11.606999999999998,0.9990403040817084,0.9993663462930523,0.7087614722516012,0.0025330632559946026
592.6515509976704,2963.345135678249,0.053139371224378375,0.9868397404089342,0.999999999999997,37.04681265324299,185.23952545735014,0.8605162315631119,0.9855007664672794,1.0000000000000087,0.8605162315631119,0.9855007664672794,1.0000000000000087,16.193241593309892,0.9988324023746344,0.999999999999998,13,DS01-OGB1-m-V1,10.67,0.9828534533636717,0.998529119349259,0.6814672958962471,0.0034750171312090514
343.5774267578081,1717.9111087414033,0.016685021317343757,0.952835678706673,0.9999999999999972,17.947922626657377,89.74086554557148,0.3198665310816765,0.9521273064206452,0.9999999999999982,0.3198665310816765,0.9521273064206452,0.9999999999999982,19.17201658767067,0.9999102498981607,0.9999999999999984,14,DS01-OGB1-m-V1,11.952,0.9937574842462606,0.9977314230845767,0.8182428738049062,0.0007748820184319421
301.8735506681218,1509.3956028121024,0.011695741846288221,0.9926147383239586,0.9999999999999963,744.0977732211355,3720.5575131589812,0.004620508331012529,0.996266536334909,1.0000000000000002,0.004620508331012529,0.996266536334909,1.0000000000000002,0.39477632409538915,0.99854251734673,0.9999999999999957,15,DS01-OGB1-m-V1,10.037,0.9558382129112374,0.892483078399354,0.6798758875259721,6.566330293862447
678.1821927049334,3390.9630413294467,0.017749847078863786,0.9850514439368423,0.99999999999999,22.79861843442499,113.99484288456306,0.5372200258622507,0.9874965416896876,1.0000000000000038,0.5372200258622507,0.9874965416896876,1.0000000000000038,30.250921597075873,0.9990561502232401,1.0000000000000007,16,DS01-OGB1-m-V1,12.175,0.9667268475203138,0.9976374630309517,0.7942345424881958,0.0012138401311680652
2152.847486628411,10764.361826659648,0.0008866153974121588,0.9654726445833701,0.9999999999999958,26.23359186972869,131.16947514982866,0.07255377577358829,0.9728344835703725,0.9999999999999991,0.07255377577358829,0.9728344835703725,0.9999999999999991,81.66853968753617,0.9902381343650766,1.0000000000000024,17,DS01-OGB1-m-V1,11.952,0.9926842261229039,0.9992366624557085,0.8042681660877203,0.0013164837878335352
300.833994122961,1504.19293792118,0.017375284268648577,0.9858588715877219,0.9999999999999952,43.96677834740567,219.8372484004652,0.11863664917576876,0.9859119308802128,0.9999999999999996,0.11863664917576876,0.9859119308802128,0.9999999999999996,6.82783815971121,0.9999154418371254,1.0000000000000056,18,DS01-OGB1-m-V1,11.952,0.9989723428845391,0.9993029274378346,0.8333479733718219,0.0024609641609127752
1058.5439514159136,5292.777652161604,0.016311571726490944,0.99056743686187,1.0000000000000133,1999.9781037315358,9999.999903720274,0.008674382598129811,0.9847756757602258,0.9999999999999956,0.008674382598129811,0.9847756757602258,0.9999999999999956,0.5319731216735955,0.9984183769036268,0.9999999999999887,19,DS01-OGB1-m-V1,11.606999999999998,0.9993042208058903,0.9988794723632568,0.82440638223309,67.51731285082244
424.1854172046072,2120.9650788800045,0.04079187800868386,0.9879658696504366,1.0000000000000109,1999.9641397938003,9999.999829010781,0.008699944847712436,0.9832915749077078,0.999999999999998,0.008699944847712436,0.9832915749077078,0.999999999999998,0.21332529111037563,0.9968583842286606,0.9999999999999806,20,DS01-OGB1-m-V1,11.607000000000001,0.998380225994582,0.9936164455965896,0.7331350695131047,96.01353961199118
852.179503900388,4261.041192075688,0.019669993251683386,0.985539054985015,1.0000000000000002,11.137323379639787,55.68849458700427,1.5326194304144183,0.9897047705801141,1.0000000000000056,1.5326194304144183,0.9897047705801141,1.0000000000000056,77.80002418457116,0.9940110318777399,1.0000000000000075,50,DS02-OGB1-2-m-V1,15.624789264279451,0.9487178914150611,0.9909246823476862,0.7265282241160974,0.0011014694748581338
232.43094919008072,1162.2254458436953,0.13003163518050356,0.7483333798759921,0.9999999999999947,42.40762874395398,212.0510430984344,0.6505628987575985,0.8664829445415516,0.9999999999999922,0.6505628987575985,0.8664829445415516,0.9999999999999922,4.940965602847155,0.9882870308826931,1.0000000000000004,244,DS04-OGB1-zf-pDp,7.8125,0.6676838888097885,0.9199163758511423,0.8091829665311989,0.004999179505770496
562.3260712763916,2811.80140242111,0.06896970982959963,0.900431305434737,1.0000000000000044,1999.634669461253,9998.781587982687,0.026512840409750497,0.3141789635665653,0.9999999999999977,0.026512840409750497,0.3141789635665653,0.9999999999999977,0.3901627380858399,0.8045803895479255,0.9999999999999968,249,DS04-OGB1-zf-pDp,7.8125,0.7130191540730683,0.3909487214681463,0.931000785437915,88.2267303385176
424.0774656390614,2120.5163223403347,0.07939197163862186,0.9386943790543717,0.999999999999996,91.67260314393833,458.39090031631173,0.3349589834500926,0.980228275526709,1.0000000000000009,0.3349589834500926,0.980228275526709,1.0000000000000009,4.191999254323199,0.9881783346074182,1.0000000000000038,250,DS04-OGB1-zf-pDp,7.8125,0.7401751673847562,0.9387626423304721,0.8672883188542029,0.01823208056877566
543.8129571303762,2719.2302004478647,0.117418487986501,0.864100769745557,0.9999999999999976,38.30887063073257,191.5560057888873,1.4798637539664845,0.9569137931912595,1.0000000000000004,1.4798637539664845,0.9569137931912595,1.0000000000000004,12.474688531132253,0.9775152146945005,0.9999999999999983,251,DS04-OGB1-zf-pDp,7.8125,0.8415663075263216,0.9857946208790617,0.8691763911068167,0.0034352596560890125
504.8120923864727,2524.2140136051903,0.07899557872014845,0.9612407908472865,1.0,37.15119603920121,185.76728069451903,0.9688680002980427,0.9865576582693528,0.9999999999999916,0.9688680002980427,0.9865576582693528,0.9999999999999916,12.219335464818954,0.9794810124638328,0.9999999999999964,254,DS04-OGB1-zf-pDp,7.8125,0.8671713380038493,0.9881611118909741,0.8419476781183013,0.0036537324755425457
775.5527806350414,3878.084066191657,0.06509009684029354,0.9705772459571288,0.9999999999999897,1999.6931412759957,9999.29121794292,0.0330705278157108,0.6546132699818678,0.9999999999999936,0.0330705278157108,0.6546132699818678,0.9999999999999936,0.5100455341193337,0.8396938968172736,0.9999999999999929,257,DS04-OGB1-zf-pDp,7.512019230769232,0.8018537538343573,0.7347989797211202,0.8719490409960677,120.62577529454899
519.0283176464692,2595.3558530457153,0.08764196445861908,0.9749604318490478,1.0000000000000022,1999.7823345504105,9999.737221135683,0.02994698657674563,0.6420941886325032,0.9999999999999952,0.02994698657674563,0.6420941886325032,0.9999999999999952,0.3443435903925742,0.8438213144427418,0.9999999999999901,258,DS04-OGB1-zf-pDp,7.512019230769228,0.7436664870125942,0.4427825404776612,0.8637479452305276,125.18733670330244
505.1216793955211,2525.816920864806,0.08661828974728149,0.9505391318947726,0.9999999999999988,121.9481496405856,609.791090730753,0.3269402538164401,0.9862356192987538,1.0000000000000062,0.3269402538164401,0.9862356192987538,1.0000000000000062,3.7609324248818288,0.986936618311305,0.9999999999999952,259,DS04-OGB1-zf-pDp,7.512019230769228,0.7804533316622231,0.9345879029442663,0.9133960995578634,0.028192179868405935
326.2826829697423,1631.7736150628598,0.1128621804870997,0.9219146744978582,0.9999999999999963,44.88922300306179,224.4956705344419,0.6867275940777595,0.9760366007297867,0.9999999999999968,0.6867275940777595,0.9760366007297867,0.9999999999999968,6.042054349053426,0.9442531100529313,0.9999999999999994,260,DS04-OGB1-zf-pDp,7.512019230769232,0.7212762854800157,0.9489668883131667,0.8402534228190668,0.008214128667054918
435.105586621665,2175.707553013721,0.0819914068137163,0.9224505881031353,1.000000000000007,1999.689260172644,9999.271810823968,0.02463726989351132,0.22742898555414448,1.0000000000000047,0.02463726989351132,0.22742898555414448,1.0000000000000047,0.3052035582740789,0.7437383391364412,1.0000000000000033,261,DS04-OGB1-zf-pDp,7.51201923076923,0.7680951904290398,0.4690457524625711,0.9128464357776038,97.17668303687587
601.3514053143975,3006.939943177262,0.14155486254532695,0.9723808739773393,1.0000000000000036,67.13327167393581,335.68677869304906,1.1681234597370624,0.9935081058464253,1.0000000000000016,1.1681234597370624,0.9935081058464253,1.0000000000000016,8.230886062566931,0.9640684634710734,0.9999999999999989,279,DS05-Cal520-zf-pDp,7.8125,0.9756069157116277,0.996776992193895,0.875985755214826,0.008909119718461712
813.9993064102608,4070.2441310234,0.10839645138408029,0.8072233251051595,1.000000000000002,146.3769475940791,731.9292623102534,0.519549552368215,0.9598802561866449,0.9999999999999981,0.519549552368215,0.9598802561866449,0.9999999999999981,4.75864261185442,0.9376459220592516,0.9999999999999933,281,DS05-Cal520-zf-pDp,7.8125,0.9566450520263439,0.9866876503415748,0.9113192893888691,0.04730544162177788
883.9930296571465,4420.099514151312,0.0974631096348725,0.8593001001687569,0.9999999999999964,71.69760967033076,358.49894630114,1.0927656041695173,0.9433526296653857,1.0000000000000082,1.0927656041695173,0.9433526296653857,1.0000000000000082,11.069525965562764,0.9834167098945765,1.0000000000000047,282,DS05-Cal520-zf-pDp,7.8125,0.9500085173641062,0.9950746129186765,0.8034638178565042,0.00953269932283945
406.82364859338634,2034.4464399866556,0.46085742424900633,0.9931570765680163,1.0000000000000027,62.663634422383694,313.3687247730865,2.646252301559706,0.9757887190901937,0.9999999999999983,2.646252301559706,0.9757887190901937,0.9999999999999983,5.740479281437356,0.9803231479531426,0.9999999999999996,287,DS05-Cal520-zf-pDp,7.8125,0.9784548895252354,0.9965339803756291,0.8773946659297932,0.012609284910183125
2048.240018849592,10242.031259153535,0.11533262946582103,0.9640993058833599,0.9999999999999961,1999.8375808211033,9999.999427559178,0.11793853899394795,0.9663040487379574,0.9999999999999984,0.11793853899394795,0.9663040487379574,0.9999999999999984,1.0222697220202352,0.9999583546409502,0.999999999999995,289,DS06-GCaMP6f-zf-aDp,30.048076923076902,0.9868904850509383,0.9871775986882649,0.8765456910575998,117.89059530610639
2648.245453898393,13242.301913411802,0.06670213765433697,0.40917539452001184,1.000000000000003,238.74684085216225,1193.8310864589946,0.8177395021914468,0.7821581308602219,1.000000000000001,0.8177395021914468,0.7821581308602219,1.000000000000001,11.958991831266736,0.7543870368352974,0.999999999999999,290,DS06-GCaMP6f-zf-aDp,30.048076923076902,0.9550067463439997,0.9903166887101384,0.795748428556847,0.2901836093634388
2274.466054300066,11373.25323772785,0.08175730848146821,0.954668022651169,0.9999999999999991,1999.8376226574792,9999.999636758035,0.0908489872649491,0.9669905034276313,1.0000000000000049,0.0908489872649491,0.9669905034276313,1.0000000000000049,1.1093056588054804,0.9989937694495028,1.0000000000000053,291,DS06-GCaMP6f-zf-aDp,30.048076923076902,0.993275791780388,0.9938359090734766,0.7699908927519201,172.1354941168494
910.8182221050229,4554.460715715237,0.1104241024664635,0.9974233385178822,1.0000000000000049,1999.8376952384212,9999.999999692212,0.05104768113130196,0.9860474684824535,1.0000000000000009,0.05104768113130196,0.9860474684824535,1.0000000000000009,0.4626873688014584,0.9933859671198421,0.9999999999999959,292,DS06-GCaMP6f-zf-aDp,30.048076923076902,0.9527397368928319,0.8976191731448984,0.8481306476111584,134.52363936426738
1418.8948530873229,7095.0500454212515,0.06415585293785772,0.9831855896418041,1.0000000000000018,1999.837634942076,9999.999698186004,0.0467388607226629,0.9625592009270202,0.9999999999999932,0.0467388607226629,0.9625592009270202,0.9999999999999932,0.7295970465990599,0.9961274582852988,1.0000000000000029,293,DS06-GCaMP6f-zf-aDp,30.048076923076902,0.9986825065174736,0.9984511025567356,0.8781501320205195,118.22848988436864
1093.7195993032228,5469.041822112291,0.069153011159859,0.99377475481085,0.999999999999998,1999.7568705967162,9999.595843685463,0.03896246833261788,0.9730611717732993,0.9999999999999974,0.03896246833261788,0.9730611717732993,0.9999999999999974,0.564211202382624,0.9923620757964837,1.0000000000000064,294,DS06-GCaMP6f-zf-aDp,30.048076923076902,0.9883088575147433,0.9805205535256356,0.8366966126693467,140.1094063451784
1454.1640132146524,7271.4101580955,0.0596297279357184,0.9917300777632904,0.9999999999999986,1999.834265851973,9999.982851368344,0.044799070999797956,0.9808132675501934,1.0000000000000044,0.044799070999797956,0.9808132675501934,1.0000000000000044,0.7520150862018354,0.9971904225368425,1.0000000000000009,295,DS06-GCaMP6f-zf-aDp,30.048076923076902,0.9992239453826302,0.9991761647499281,0.8539430668753274,130.97593491240806
793.8057374163438,3969.3508092279144,0.07765267169607427,0.9951196908047264,1.0000000000000022,1999.8374484620563,9999.998765710247,0.03293758687600424,0.965993741918343,0.9999999999999994,0.03293758687600424,0.965993741918343,0.9999999999999994,0.42481786933860366,0.9858110101067986,1.000000000000001,296,DS06-GCaMP6f-zf-aDp,30.048076923076902,0.9974291887055374,0.9969197015923512,0.8988871187887195,106.3346009089021
1882.650223843773,9414.015088666356,0.07667051742553878,0.9639627897056372,1.0000000000000029,1999.835576828587,9999.989406783387,0.07286722161934707,0.9581094889701269,0.9999999999999895,0.07286722161934707,0.9581094889701269,0.9999999999999895,0.9511147408232318,0.9997714200002538,0.9999999999999927,297,DS06-GCaMP6f-zf-aDp,30.048076923076902,0.9990584317491153,0.9990307538083383,0.7367253858730526,188.11131509613162
1936.2549878444,9682.060661197613,0.06151420111846606,0.9297868868411597,0.9999999999999993,1999.6103528057524,9998.863195274504,0.05981607506675206,0.9237028297807296,0.9999999999999987,0.05981607506675206,0.9237028297807296,0.9999999999999987,0.9728251197898728,0.9998874633624485,0.9999999999999973,298,DS06-GCaMP6f-zf-aDp,30.048076923076902,0.9967203483140918,0.9966503290371326,0.9145552195235351,95.9075934201529
1072.2058083785523,5361.464137307007,0.09818256784988512,0.9708142672353979,0.9999999999999988,76.75953089412714,383.82880308000784,1.2938068470775772,0.9832624904345397,0.9999999999999956,1.2938068470775772,0.9832624904345397,0.9999999999999956,13.129323322840692,0.9681826847824746,0.9999999999999958,299,DS06-GCaMP6f-zf-aDp,30.048076923076902,0.9984800978464119,0.9984728884502843,0.7821694241165112,0.016047666846809635
1337.127365157971,6686.179424962801,0.07821947366904841,0.9431246307715505,1.0000000000000016,73.2582726605114,366.3210911199607,1.3154006130295415,0.9764925179933406,0.9999999999999967,1.3154006130295415,0.9764925179933406,0.9999999999999967,16.679559021694786,0.9457304350636244,0.9999999999999957,300,DS06-GCaMP6f-zf-aDp,30.048076923076902,0.9982134638729614,0.9983083946172798,0.8465846810310348,0.0117142444967817
856.0093327545429,4280.394027807053,0.12929709402675932,0.9765270495704765,0.9999999999999984,1999.7148886682621,9999.385917007165,0.0600893028593647,0.8948911231944727,1.000000000000003,0.0600893028593647,0.8948911231944727,1.000000000000003,0.46630678277716864,0.9609631573379854,1.0000000000000044,301,DS06-GCaMP6f-zf-aDp,30.048076923076902,0.9964144372408614,0.9950294838432668,0.8639269845701747,124.54623846057018
2456.175162148156,12281.872513557799,0.07308769831719802,0.934170925274231,1.000000000000005,1999.752904980514,9999.576013995225,0.08819733522786166,0.960652910792434,0.9999999999999976,0.08819733522786166,0.960652910792434,0.9999999999999976,1.203516112523024,0.9968526791499829,0.9999999999999986,302,DS06-GCaMP6f-zf-aDp,30.048076923076902,0.9933804831751365,0.9943252078730054,0.9256943023351075,89.10164122835423
3233.6222324505848,16169.423348956027,0.06328173403755856,0.8737374421015095,0.9999999999999964,1999.4795570420067,9998.209163379552,0.09593867900511781,0.9561208763506623,1.0000000000000018,0.09593867900511781,0.9561208763506623,1.0000000000000018,1.504138600213221,0.9801798585097131,1.000000000000004,303,DS06-GCaMP6f-zf-aDp,30.048076923076902,0.9983597282824439,0.9986845980069099,0.7966300076565638,158.50672573759599
200051.44486375037,1000338.4041310541,0.010391818139728315,-0.0622243390863062,0.9999999999999891,113.31339405664531,566.6129522558492,1.162502376655039,0.9959057938843107,1.0000000000000022,1.162502376655039,0.9959057938843107,1.0000000000000022,69.92208305988567,-0.559148459854039,0.9999999999999957,304,DS06-GCaMP6f-zf-aDp,30.048076923076902,0.9988139757695826,0.999404602644307,0.8913741306227848,0.026429842641377925
6519.975840794294,32602.524975489545,0.032085561367569945,0.74253516134218,1.0000000000000002,103.54566611285378,517.7703488448441,1.3279411692191234,0.9939063505374933,0.9999999999999912,1.3279411692191234,0.9939063505374933,0.9999999999999912,38.91903499017513,0.7378549158083988,0.9999999999999982,305,DS06-GCaMP6f-zf-aDp,30.048076923076902,0.9992041694041505,0.9994689888037102,0.8354663299716937,0.026889840069313328
3400.469641150427,17003.728098246265,0.061908652755592854,0.548307190310515,0.9999999999999895,67.59392238462421,337.99704117730954,2.4653861102235872,0.9918522439058438,1.0000000000000018,2.4653861102235872,0.9918522439058438,1.0000000000000018,38.38552103845527,0.80583412806106,0.9999999999999959,306,DS06-GCaMP6f-zf-aDp,30.048076923076902,0.9731047481225761,0.9980652347981469,0.8151208777888298,0.011088708051381723
1501.6177423431802,7508.698060209015,0.07034414092678415,0.8919327910748892,1.0000000000000013,1999.7027389482898,9999.325163476997,0.05477831032119947,0.8481807314129226,1.0000000000000013,0.05477831032119947,0.8481807314129226,1.0000000000000013,0.7818862283123248,0.9959198977305314,0.9999999999999974,307,DS06-GCaMP6f-zf-aDp,30.048076923076902,0.993954951771003,0.9924901690408184,0.9131696653994257,96.85305421037387
1600.1185273434758,8001.241956305156,0.038627113328360885,0.8864686113606238,1.000000000000014,1999.6892838066176,9999.257882308624,0.032318755094771334,0.8300681556981155,1.000000000000001,0.032318755094771334,0.8300681556981155,1.000000000000001,0.8398287538514597,0.9958044983906287,0.9999999999999939,308,DS06-GCaMP6f-zf-aDp,30.048076923076902,0.9137549153716259,0.8969688707278413,0.9138947336211534,96.90009517241053
1187.3606665497437,5937.28515739193,0.23985468166176865,0.9912831942613379,0.9999999999999994,95.50606849866614,477.56909834795465,2.7604126869688446,0.992238656980534,0.9999999999999943,2.7604126869688446,0.992238656980534,0.9999999999999943,11.483127689546222,0.983695284948688,0.999999999999999,309,DS06-GCaMP6f-zf-aDp,30.048076923076902,0.992027385315418,0.9920121600705772,0.7798273196065069,0.02651658723084641
3103.9983141842313,15521.251156927663,0.05311072875017522,0.8919181817068316,1.000000000000005,1999.5533520654378,9998.578168442335,0.07619664718309943,0.9612546689694363,0.9999999999999983,0.07619664718309943,0.9612546689694363,0.9999999999999983,1.422860879731465,0.9853353216209559,0.9999999999999915,310,DS06-GCaMP6f-zf-aDp,30.048076923076902,0.9934049810150627,0.9950439393561534,0.7669616593406708,172.94548535797898
6009.508426981767,30049.980761465435,0.03860336388293697,0.6562554296320069,0.9999999999999895,95.54767005417791,477.77712300720344,1.7355159192154568,0.9943807819007742,0.99999999999999,1.7355159192154568,0.9943807819007742,0.99999999999999,40.95913372186404,0.5853856709799059,0.999999999999995,311,DS06-GCaMP6f-zf-aDp,30.048076923076902,0.9950627159883417,0.9970764252816537,0.8400111065227759,0.021801442719158612
3208.5619297051257,16044.11166589119,0.03963683352236168,0.9388201785474687,0.9999999999999959,1999.7035947592026,9999.329442878858,0.05660867954345053,0.9793955036642938,0.999999999999995,0.05660867954345053,0.9793955036642938,0.999999999999995,1.4163677610154017,0.9849469314598377,0.9999999999999933,313,DS07-GCaMP6f-zf-dD,30.048076923076902,0.9438219542303772,0.9636300097321198,0.8771938991444441,118.31180256282488
2038.538045626592,10193.517456029409,0.02105945930743813,0.930746049079211,1.0000000000000033,1998.8269525900319,9994.945876296268,0.02141014778691784,0.9332542007346053,1.0000000000000102,0.02141014778691784,0.9332542007346053,1.0000000000000102,1.0164359399739653,0.9999816394912765,1.000000000000005,314,DS07-GCaMP6f-zf-dD,30.048076923076902,0.9765401354422568,0.9768369265390408,0.8709989821826636,120.84911858692199
5669.374039255989,28349.170798111096,0.012082336901643767,-0.2715968869242529,1.0,1999.8142609638428,9999.882818809801,0.020181799899205752,0.7834944006044015,1.000000000000002,0.020181799899205752,0.7834944006044015,1.000000000000002,1.584655473192352,0.8501786514150271,1.0000000000000002,315,DS07-GCaMP6f-zf-dD,30.048076923076902,0.49264118285985015,0.6919726302612288,0.8571122523475959,128.23352742249836
1630.7124945153053,8154.224207033454,0.025573171324897045,0.9691060240906413,0.9999999999999951,1999.6469614054379,9999.046253128514,0.02110846689090399,0.9543263769754567,1.0000000000000129,0.02110846689090399,0.9543263769754567,1.0000000000000129,0.826544079262683,0.9985345367012979,1.0000000000000036,316,DS07-GCaMP6f-zf-dD,30.048076923076902,0.9848752128241642,0.9826531895554171,0.856536603134628,129.43145584826908
2010.8960228159408,10055.296124990316,0.04679434336343161,0.8964324426321744,0.9999999999999979,1999.837588451524,9999.999465714385,0.04703765627351493,0.8972962016152362,1.0000000000000027,0.04703765627351493,0.8972962016152362,1.0000000000000027,1.0051259417087344,0.9999983668576189,0.9999999999999982,317,DS07-GCaMP6f-zf-dD,30.048076923076902,0.9935434922862272,0.9935703547009029,0.8701586913098884,122.50801822338563
,,-0.0,1.0,-0.0,,,-0.0,1.0,-0.0,-0.0,1.0,-0.0,0.0,1.0,0.0,318,DS07-GCaMP6f-zf-dD,30.048076923076902,,,,
8356.827031667413,41787.526314298644,0.03031055586094438,0.2867364032895946,1.0000000000000033,1999.8376952837573,9999.999999918897,0.08841209180032454,0.9840141675731986,0.9999999999999964,0.08841209180032454,0.9840141675731986,0.9999999999999964,2.7552856267066823,0.7670093225648277,1.000000000000006,322,DS07-GCaMP6f-zf-dD,30.048076923076902,0.9555002271851505,0.9756576331125912,0.8755396337247853,118.82091678032435
2963.6425216468415,14819.41523860662,0.05053217685288942,0.8526341563884572,1.0000000000000004,1999.2919493080403,9997.271048579498,0.0695046770108899,0.9469068113656209,1.0000000000000009,0.0695046770108899,0.9469068113656209,1.0000000000000009,1.3649882852866682,0.9839525008239034,1.0000000000000049,324,DS07-GCaMP6f-zf-dD,30.048076923076902,0.9435314097928076,0.957171586073117,0.8933290324899947,108.91121851230713
2408.3575783609954,12042.765190500824,0.032491382967218166,0.880953727669743,1.0000000000000009,1079.1185367089563,5396.030584107417,0.06546008191568013,0.9581189285651415,1.0000000000000047,0.06546008191568013,0.9581189285651415,1.0000000000000047,1.996904035879346,0.9798768327933071,1.0000000000000095,326,DS07-GCaMP6f-zf-dD,30.048076923076902,0.9926062799658455,0.995175326878057,0.9121571428516173,15.343015857215768
5326.619696932255,26635.259998603353,0.03700859760559554,0.8673265084048813,1.0000000000000069,415.6589051189349,2078.4631977675876,0.32256071725048446,0.9912163505005684,1.0000000000000018,0.32256071725048446,0.9912163505005684,1.0000000000000018,8.475860391062577,0.8611875346463307,1.0000000000000064,330,DS07-GCaMP6f-zf-dD,30.048076923076902,0.976318400552307,0.9970584013567347,0.802829848367118,1.4290829547429162
4885.443721492264,24429.20109453905,0.0324598909098322,0.9224579354052628,1.000000000000005,1999.8371940253296,9999.99749342335,0.06254354298850541,0.980931584050455,0.9999999999999944,0.06254354298850541,0.980931584050455,0.9999999999999944,1.8986114577120126,0.9709758527360256,0.9999999999999936,332,DS07-GCaMP6f-zf-dD,30.048076923076902,0.9941135577990122,0.9968644205122968,0.6542258232852405,229.32529904050344
261.1452544507703,1305.8322436091416,0.2088773595924406,0.9932992779368984,0.9999999999999966,59.52358188198119,297.6420637628426,0.8815434127588812,0.9979587998719327,1.0000000000000047,0.8815434127588812,0.9979587998719327,1.0000000000000047,4.217274883733488,0.9978116292339612,1.0,333,DS07-GCaMP6f-zf-dD,30.048076923076902,0.8640079550881931,0.952384094042394,0.8327229412552034,0.008164434839756056
459.52843698725786,2297.8286591319056,0.11017528458991566,0.9915272564397153,0.9999999999999976,84.2621545263775,421.3449657660256,0.5671487186793859,0.9970947350894429,0.9999999999999938,0.5671487186793859,0.9970947350894429,0.9999999999999938,5.141691954778697,0.9948600022037141,1.000000000000001,334,DS07-GCaMP6f-zf-dD,30.048076923076902,0.9147026211411353,0.9709880072801624,0.8257833202185605,0.017240237207198392
1311.9163871877545,6560.114304630939,0.05541017908330181,0.9575303597805623,1.0000000000000029,1999.8375773490911,9999.99941019771,0.03745798479138085,0.9157805030422521,0.9999999999999963,0.03745798479138085,0.9157805030422521,0.9999999999999963,0.6780898175245343,0.9930209009498329,0.9999999999999999,335,DS07-GCaMP6f-zf-dD,30.048076923076902,0.997728787230523,0.9973647979245023,0.900500252791638,105.09794060357083
1428.6818729926504,7143.989116468521,0.042232396254449106,0.9163429487518356,0.9999999999999998,1999.5206542854912,9998.41466627403,0.03131503230717809,0.84024923768488,1.0,0.03131503230717809,0.84024923768488,1.0,0.7446014624807447,0.9891302670198798,0.9999999999999993,336,DS07-GCaMP6f-zf-dD,30.048076923076902,0.9924121801417266,0.9905610586283246,0.8187472022261818,148.34396928349668
730.9822687401465,3655.207972417481,0.05539628363426691,0.9745408647030172,1.000000000000003,132.59677335791903,663.0376738549757,0.2805777402108896,0.9919065647893944,1.000000000000005,0.2805777402108896,0.9919065647893944,1.000000000000005,5.050034047801316,0.9889775535439709,1.0000000000000053,337,DS07-GCaMP6f-zf-dD,30.048076923076902,0.9514734587632198,0.9849935396368198,0.8871301672944606,0.04038880884885207
1808.7979233626004,9044.723617389765,0.026014660617553486,0.8789949098675532,1.0000000000000089,1999.7624787829757,9999.62388689254,0.02385644155807288,0.857696000018164,1.0000000000000109,0.02385644155807288,0.857696000018164,1.0000000000000109,0.9182341213104203,0.9992881698754607,1.000000000000006,338,DS07-GCaMP6f-zf-dD,30.048076923076902,0.9758150265647159,0.974141032766342,0.9107688416835635,98.31311115533205
954.1566879695623,4771.170631556873,0.043535438892518895,0.9862827499673971,0.9999999999999908,83.55509555457661,417.8093839862508,0.45637595599559605,0.9976994233341346,0.9999999999999926,0.45637595599559605,0.9976994233341346,0.9999999999999926,10.45302539982579,0.9870147752212232,0.9999999999999921,339,DS07-GCaMP6f-zf-dD,30.048076923076902,0.9634950269023174,0.99208863561695,0.8876967292359325,0.01313775187672833
1975.1358897095645,9876.48094818662,0.04582660201254867,-0.2885291517143109,0.9999999999999962,1999.8376952995095,9999.999999997672,0.04542953608746577,-0.30816323544035895,0.9999999999999949,0.04542953608746577,-0.30816323544035895,0.9999999999999949,0.9918274515825684,0.999941518993836,0.9999999999999926,340,DS07-GCaMP6f-zf-dD,30.048076923076902,0.9341140361875209,0.9335571641642292,0.9437487461975367,76.63007863891362
1401.4297605709135,7007.717495597552,0.058800950329648785,0.6992016647687029,0.9999999999999997,108.2068126827498,541.0779731628107,0.7074526763379488,0.886130369928631,1.0000000000000029,0.7074526763379488,0.886130369928631,1.0000000000000029,11.828362841979196,0.8993987090434472,1.0000000000000047,343,DS07-GCaMP6f-zf-dD,30.048076923076902,0.9980809787427856,0.9982092304693735,0.9187800265984114,0.02019483773928085
1465.0160695386799,7325.6748434223655,0.06868765743394685,0.7979303578241308,1.0000000000000104,208.781172487029,1043.9905847244854,0.4807811112764987,0.8916435432587514,1.0000000000000098,0.4807811112764987,0.8916435432587514,1.0000000000000098,6.9187901687268925,0.9252375022493357,1.0000000000000098,344,DS07-GCaMP6f-zf-dD,30.048076923076902,0.9890689437788907,0.9964933115317534,0.8854514252928598,0.1417760370211272
4476.8279652687115,22385.95649932077,0.029636163211752747,-0.3130143679598527,1.0000000000000053,1999.8376442293904,9999.999744626359,0.07007536742975551,0.11179863829970016,0.9999999999999974,0.07007536742975551,0.11179863829970016,0.9999999999999974,2.1272044897149995,0.3164223837863134,0.9999999999999942,345,DS07-GCaMP6f-zf-dD,30.048076923076902,0.9686186163929876,0.9857848359271679,0.8834247640500766,114.99254585792461
1088.2618066040461,5441.750643873166,0.062283057252155584,0.7807860141374412,1.0000000000000004,1999.6749165761823,9999.186040326302,0.0353577793986756,0.5327493806733228,1.0000000000000118,0.0353577793986756,0.5327493806733228,1.0000000000000118,0.5720010351686848,0.960045996121204,1.0000000000000029,346,DS07-GCaMP6f-zf-dD,30.048076923076902,0.9971892807991429,0.9969251713527942,0.888921559823649,110.92834610994565
898.9466390620498,4495.0979830751085,0.041116750962015294,0.9866450781885748,1.000000000000006,25.24407855373792,126.23063668149977,1.2812854103918099,0.9744645522788508,0.9999999999999973,1.2812854103918099,0.9744645522788508,0.9999999999999973,31.10945775084378,0.976401183054941,0.9999999999999992,347,DS08-GCaMP6f-zf-OB,30.048076923076902,0.9689566904029153,0.9977773857491303,0.7315911831507982,0.0029617002237073546
232.6925002009878,1163.5569263838875,0.09102421448348884,0.9897432273013901,1.0000000000000002,1999.8375523660666,9999.999285272448,0.012858652294513618,0.9434382713128932,0.9999999999999932,0.012858652294513618,0.9434382713128932,0.9999999999999932,0.14066887554105748,0.918414041045452,1.0000000000000018,348,DS08-GCaMP6f-zf-OB,30.048076923076902,0.990226679476226,0.9659024437566178,0.8567816403306712,129.7834994059498
220.43281571871216,1102.2535290577528,0.08070821461665158,0.9991780566000373,0.999999999999998,159.13529261542027,795.7410393324438,0.11070711164209374,0.9992864799066231,1.0000000000000009,0.11070711164209374,0.9992864799066231,1.0000000000000009,1.37165537670782,0.9998603438760831,0.9999999999999954,349,DS08-GCaMP6f-zf-OB,30.048076923076902,0.969514335089233,0.974382898740241,0.8420429096900461,0.08058845048584712
264.9481002769497,1324.84801591465,0.08373163287046881,0.9652927886749068,1.000000000000002,1999.4761746112513,9998.192249853215,0.014165851089945806,0.9384018167957577,1.0000000000000053,0.014165851089945806,0.9384018167957577,1.0000000000000053,0.16723391598441262,0.9263832451765373,1.0,350,DS08-GCaMP6f-zf-OB,30.048076923076902,0.9973384419191602,0.9853427698000992,0.8324052830714327,142.1060259647246
321.75965224166464,1608.928829563844,0.06836081667012267,0.995167386555162,1.0,1999.81061231702,9999.864574095087,0.013052141487548805,0.9441806468649822,0.9999999999999948,0.013052141487548805,0.9441806468649822,0.9999999999999948,0.19061459775871203,0.9403978902099882,0.9999999999999957,351,DS08-GCaMP6f-zf-OB,30.048076923076902,0.9951593402510925,0.975991489302787,0.8765437212872201,119.05362082102174
351.39599719154506,1757.1225805843985,0.02963944658308391,0.9967927825609096,0.9999999999999998,1999.8370810870533,9999.99692868614,0.006036266616261528,0.8749130488952621,0.9999999999999979,0.006036266616261528,0.8749130488952621,0.9999999999999979,0.20376997608212744,0.8897033590034138,0.9999999999999944,352,DS08-GCaMP6f-zf-OB,30.048076923076902,0.9866053740683853,0.9659674382055508,0.871746514680341,120.39297031118927
372.78905636454584,1864.0965576390302,0.029679883187875816,0.9799591981427086,1.0000000000000022,67.11905268700401,335.622499989611,0.15002578304646416,0.9939552684126851,1.0000000000000018,0.15002578304646416,0.9939552684126851,1.0000000000000018,5.040905895274492,0.9891871289860275,1.0000000000000033,353,DS08-GCaMP6f-zf-OB,30.048076923076902,0.8309287283364847,0.9517702359164149,0.6767436307084266,0.01586306212098185
254.6849131369313,1273.5279154678042,0.03874396739422562,0.9976368967077583,0.9999999999999966,100.5772415512479,502.9270214659165,0.09541371481218089,0.99667424994371,1.000000000000005,0.09541371481218089,0.99667424994371,1.000000000000005,2.4626226345346103,0.9987660838820298,1.0000000000000073,354,DS08-GCaMP6f-zf-OB,30.048076923076902,0.9651889818561532,0.9794338639265038,0.7770718820602805,0.030245977784647878
236.61255976601484,1183.1588149483462,0.03847161579396279,0.996192055779091,1.0000000000000042,1999.8360024366023,9999.991534996187,0.00599323070496229,0.8199710349594744,1.0000000000000007,0.00599323070496229,0.8199710349594744,1.0000000000000007,0.15596870693107046,0.8419888829634601,1.0000000000000002,355,DS08-GCaMP6f-zf-OB,30.048076923076902,0.9345139140666567,0.7197243091603349,0.8194799662852676,148.1312795734684
148.5697685865996,742.9091317548861,0.04883281963974014,0.9949505481675405,0.9999999999999961,53.86095599854054,269.32663648217437,0.13124572643080273,0.9922761488618989,1.0000000000000029,0.13124572643080273,0.9922761488618989,1.0000000000000029,2.6885511943354627,0.9992297844972446,1.0000000000000036,356,DS08-GCaMP6f-zf-OB,30.048076923076902,0.8370024806825936,0.9050342521515196,0.6638171865915486,0.010710598162723987
244.9665056897967,1224.931934554077,0.07717051943311891,0.9927114852389207,0.9999999999999931,1999.837688301012,9999.999965002336,0.01231427080080693,0.7996526420543327,1.000000000000002,0.01231427080080693,0.7996526420543327,1.000000000000002,0.15982087255501332,0.8290919840486178,1.0000000000000056,358,DS08-GCaMP6f-zf-OB,30.048076923076902,0.9830262148729235,0.9373937697175782,0.8051243379584244,155.64055127662238
247.06206889332586,1235.4106009401248,0.06991264461371094,0.9893202781594137,0.9999999999999962,1999.7115259674767,9999.369102138657,0.010419680010555486,0.8207619932952147,1.0000000000000009,0.010419680010555486,0.8207619932952147,1.0000000000000009,0.14949357951345468,0.8635957553668034,1.0000000000000095,359,DS08-GCaMP6f-zf-OB,30.048076923076902,0.9928882830273918,0.9689796139707889,0.7949779829303358,160.49598274761183
267.13469952126354,1335.7818994465608,0.059515987333427244,0.9212077917430855,0.9999999999999981,1999.8138603807952,9999.880815732009,0.009025145922267648,0.6413261159567734,1.0000000000000009,0.009025145922267648,0.6413261159567734,1.0000000000000009,0.15283830032472603,0.8867942529337994,0.9999999999999929,360,DS08-GCaMP6f-zf-OB,30.048076923076902,0.9925779184440604,0.975302922923127,0.7490696794858698,182.92422569975378
201.13346761666517,1005.7489569747063,0.04351428937242466,0.9772417763228591,0.9999999999999943,1999.3024069162884,9997.32334086438,0.004551718635369711,0.8889714247220244,1.0000000000000075,0.004551718635369711,0.8889714247220244,1.0000000000000075,0.10494972711281117,0.9634167382267874,1.0000000000000036,361,DS08-GCaMP6f-zf-OB,30.048076923076902,0.9838493026918632,0.9662459497903607,0.8575933863344755,128.11638360364356
1315.7739991647197,6579.574551399281,0.06691071466528134,0.9924050395533508,1.000000000000002,1999.7856797459933,9999.99922103815,0.04805591906097797,0.9744886333656102,1.000000000000004,0.04805591906097797,0.9744886333656102,1.000000000000004,0.7194747557895,0.9946140270524644,1.0000000000000033,362,DS08-GCaMP6f-zf-OB,30.048076923076902,0.9749450608058995,0.9633627762751252,0.8638584229160216,152.38997501644792
336.26945011673905,1681.4837069380198,0.07214044524205539,0.95159595980727,1.0000000000000002,1999.837695227097,9999.999999635571,0.013973052770103573,0.6864754910965001,1.000000000000002,0.013973052770103573,0.6864754910965001,1.000000000000002,0.1952982625620045,0.8626997673270064,1.000000000000001,363,DS08-GCaMP6f-zf-OB,30.048076923076902,0.9892985096585173,0.9806015447722828,0.8607551611670141,127.94622459968319
409.01561617331015,2045.2440572281425,0.04952742488057639,0.941512796470646,0.9999999999999964,1999.8376025439532,9999.999536182242,0.011748546432450964,0.6791086572295776,1.0000000000000018,0.011748546432450964,0.6791086572295776,1.0000000000000018,0.2393131252296668,0.8933015178953492,1.0000000000000047,364,DS08-GCaMP6f-zf-OB,30.048076923076902,0.9795492374595441,0.9598957594609264,0.8906005826340369,111.26201014766227
357.9358361550181,1789.8244292336312,0.05562606538109282,0.9412672251366123,0.9999999999999948,1999.8376952750418,9999.999999875316,0.010253999642625243,0.8045207587803802,1.0000000000000018,0.010253999642625243,0.8045207587803802,1.0000000000000018,0.18518653129887402,0.9333770461909658,0.9999999999999996,365,DS08-GCaMP6f-zf-OB,30.048076923076902,0.9818134275671133,0.9741178989681061,0.916798913112454,95.34335288795863
353.68337254794346,1768.5603855711465,0.06839547737997391,0.9824976470707795,0.9999999999999919,1999.8299424179024,9999.961232443566,0.013406882444368872,0.9110878747800761,0.9999999999999977,0.013406882444368872,0.9110878747800761,0.9999999999999977,0.19666467803509627,0.9623567773783541,0.9999999999999998,366,DS08-GCaMP6f-zf-OB,30.048076923076902,0.9763403955523176,0.9760407782940421,0.8744929222048529,119.12543369090572
331.18091008458913,1656.038941874792,0.05235347084204791,0.829326219265129,1.0000000000000007,1999.8376952275064,9999.999999637634,0.010435721433685614,0.357588549166899,0.9999999999999918,0.010435721433685614,0.357588549166899,0.9999999999999918,0.20259810349490018,0.8713906829724515,1.0000000000000036,367,DS08-GCaMP6f-zf-OB,30.048076923076902,0.9491717149122643,0.8898370773978262,0.8638852317825365,124.59047334990004
200.6846982741905,1003.5049281541213,0.08039909389292334,0.9702327404326939,0.9999999999999982,1999.837695159995,9999.999999300042,0.009721377221856883,0.7365193171772306,1.0000000000000038,0.009721377221856883,0.7365193171772306,1.0000000000000038,0.12163541469325882,0.880204811024904,1.0000000000000024,368,DS08-GCaMP6f-zf-OB,30.048076923076902,0.9660448782850185,0.9248101961570281,0.843846820668661,135.02353190136094
349.7723944203418,1749.0039078790132,0.044187436622162256,0.9982238055708318,0.9999999999999916,61.398116507121394,307.01549756472434,0.24328076770589566,0.9990390013726821,1.000000000000001,0.24328076770589566,0.9990390013726821,1.000000000000001,5.503608071478615,0.9986635837790656,0.9999999999999961,369,DS08-GCaMP6f-zf-OB,30.048076923076902,0.9900900265955555,0.9970783810734248,0.8775252512438924,0.007275972703776609
89.70431266816857,448.53718540288725,0.4238375118253062,0.9758967820698412,0.9999999999999932,328.437005196765,1642.2422234932897,0.1161491711034855,0.9749489597819898,0.9999999999999954,0.1161491711034855,0.9749489597819898,0.9999999999999954,0.27406667343889274,0.9997818578375717,0.9999999999999948,372,DS09-GCaMP6f-m-V1,60.060060060065474,0.9384525960887912,0.9376185620690324,0.9311816820056508,0.27890129837376876
151.52245205463365,757.6386480027736,0.26458270829877323,0.987768534373343,1.0,1999.9303284896787,9999.999931563452,0.020131981516223817,0.9735931216265769,1.000000000000004,0.020131981516223817,0.9735931216265769,1.000000000000004,0.07610723169419861,0.9877148509100381,0.9999999999999959,373,DS09-GCaMP6f-m-V1,60.060060060065474,0.9462854153265862,0.9274763409830997,0.8226648199194012,103.6512868080256
114.9141606610045,574.5908156778306,0.4182111269385643,0.9036530926907045,1.0000000000000069,1999.9303421162456,9999.999999698657,0.02393710889230122,0.8702109094814451,1.000000000000027,0.02393710889230122,0.8702109094814451,1.000000000000027,0.05732486464586929,0.9855205380920041,1.0000000000000084,374,DS09-GCaMP6f-m-V1,60.060060060065474,0.9493542145229806,0.9293331398604054,0.4718259021213347,236.20303463215706
194.67369833518447,973.4128746213936,0.41283370405294767,0.8382999571764924,1.0000000000000118,32.970030799118994,164.85767071249953,2.424353680685513,0.8506445239480428,1.0000000000000118,2.424353680685513,0.8506445239480428,1.0000000000000118,5.87017859831976,0.9964867391503405,1.0000000000000093,375,DS09-GCaMP6f-m-V1,60.060060060065474,0.9963283366254827,0.9962885832223242,0.6460638481961141,0.004217699209481592
113.80982669784915,569.068953541605,0.3923882193817863,0.9311128765420488,1.0000000000000007,1999.4778586986058,9997.73750381019,0.02406997796172055,0.8789761735018793,1.0000000000000002,0.02406997796172055,0.8789761735018793,1.0000000000000002,0.06147172672989423,0.9722041316936917,0.9999999999999949,376,DS09-GCaMP6f-m-V1,60.060060060065474,0.9856369003377482,0.9837326065155377,0.8688587474293482,86.6741131454309
192.0989542117412,960.5282252114894,0.21942679075812596,0.9637987303419628,1.0000000000000093,1999.6268602489133,9998.48253751044,0.021597032560411646,0.9365236115829497,1.0000000000000013,0.021597032560411646,0.9365236115829497,1.0000000000000013,0.09852156470240649,0.9772378384152989,1.0000000000000024,378,DS09-GCaMP6f-m-V1,60.060060060065474,0.9890069187866066,0.9816347205684224,0.910843185396847,69.84669814786743
259.83152263382397,1299.2028629909723,0.18515053856623467,0.9737585684213595,1.0000000000000016,69.14214585335844,345.7227704146509,0.6924765756876815,0.9724601224820122,1.0000000000000064,0.6924765756876815,0.9724601224820122,1.0000000000000064,3.740862708153789,0.9997146849753678,0.9999999999999931,379,DS09-GCaMP6f-m-V1,60.060060060065474,0.9932120700950616,0.9934498093017509,0.8542507005773048,0.007143453700373173
214.88150678332326,1074.444955665151,0.12354035889032121,0.9929754014960952,0.9999999999999918,94.04875279601623,470.2601426290855,0.281124343485302,0.9926347944255743,0.999999999999994,0.281124343485302,0.9926347944255743,0.999999999999994,2.275670827754646,0.9998492127852494,1.0000000000000007,380,DS09-GCaMP6f-m-V1,60.060060060065474,0.9833284562603934,0.9833121447556625,0.8364306826599628,0.015106056637708866
143.44726873370104,717.2613250998947,0.19438316317891957,0.9977145399875846,1.000000000000003,59.55050250352559,297.7628832748103,0.4679444174031206,0.9977427412222842,1.0000000000000149,0.4679444174031206,0.9977427412222842,1.0000000000000149,2.4073116025326633,0.999950663420794,1.0000000000000087,381,DS09-GCaMP6f-m-V1,60.060060060065474,0.9509092411691984,0.9510283899507007,0.8731564049744815,0.004899539262100469
183.8587061480058,919.3255498484688,0.1248891737596195,0.9982477706939303,1.0000000000000004,130.57045618737524,652.875019863323,0.17533608687449517,0.9982647137193376,0.9999999999999857,0.17533608687449517,0.9982647137193376,0.9999999999999857,1.4039240476073864,0.9999584647393616,0.9999999999999984,382,DS09-GCaMP6f-m-V1,60.060060060065474,0.9727500692664859,0.9728337480916971,0.9096324566834607,0.02435233551517835
164.33295930901636,821.6934152325217,0.1260906516887595,0.996404950386089,1.0000000000000002,66.68785217858336,333.4508746240001,0.3092576660828835,0.9958826085782202,1.000000000000001,0.3092576660828835,0.9958826085782202,1.000000000000001,2.4528356746952134,0.9999305959006006,1.0000000000000009,383,DS09-GCaMP6f-m-V1,60.060060060065474,0.911583003224102,0.9117759585973888,0.7698849151188842,0.008781731215678382
182.3851243405203,911.9573841858498,0.10984788318640945,0.9913479187551125,1.0000000000000058,61.92709894966863,309.64627939128,0.3224969559295299,0.990683553840734,1.000000000000005,0.3224969559295299,0.990683553840734,1.000000000000005,2.936066046293,0.9998596582946683,1.000000000000002,384,DS09-GCaMP6f-m-V1,60.060060060065474,0.9604385466714215,0.9603627661460834,0.8583490269813147,0.005631917861628521
281.752007441167,1408.8091044938,0.07988959830042441,0.9974415966018663,0.9999999999999988,90.81416553961405,454.086643041685,0.2462320495287093,0.9972577365549038,1.0000000000000122,0.2462320495287093,0.9972577365549038,1.0000000000000122,3.0821528295550906,0.9997864786648135,0.9999999999999971,385,DS09-GCaMP6f-m-V1,60.060060060065474,0.9741405178524025,0.9741144945713148,0.8434725934217894,0.013557263201729949
216.36797309187529,1081.877546076947,0.187091175412885,0.995281185096572,0.9999999999999993,1999.9303421320224,9999.999999777547,0.022503351112671363,0.9584482711514672,1.0000000000000069,0.022503351112671363,0.9584482711514672,1.0000000000000069,0.12036810464583088,0.9711869585204707,1.0000000000000038,387,DS09-GCaMP6f-m-V1,60.060060060065474,0.8645117364499443,0.8382226413075662,0.5525156477916857,200.91173496372426
84.76730543084531,423.8512894333789,0.355669065586466,0.9471551582385733,0.9999999999999933,1999.9303416643847,9999.999997439278,0.01573514704913891,0.9144654723486727,1.000000000000003,0.01573514704913891,0.9144654723486727,1.000000000000003,0.04417701957930448,0.9566617853478085,1.000000000000013,390,DS09-GCaMP6f-m-V1,60.060060060065474,0.974209142465435,0.9731612392238504,0.8667319583572414,87.5404640845332
94.9301541390598,474.66730284089755,0.42968994666053956,0.8767177857765109,0.9999999999999982,1999.9303018413275,9999.999798317056,0.021120854544265138,0.8487554408148572,0.9999999999999972,0.021120854544265138,0.8487554408148572,0.9999999999999972,0.04901849138173978,0.9506187728317869,1.0000000000000098,391,DS09-GCaMP6f-m-V1,60.060060060065474,0.9926339441313535,0.9911895834349811,0.8354419197895194,100.1979708046212
96.29997434418365,481.51664242156045,0.21285123279459336,0.9863446916897325,0.9999999999999959,1999.9293315660223,9999.994946771552,0.010453666763234932,0.8472057333361219,1.0000000000000009,0.010453666763234932,0.8472057333361219,1.0000000000000009,0.04914119565391013,0.8729505373438575,0.9999999999999946,392,DS09-GCaMP6f-m-V1,60.060060060065474,0.9927481701603436,0.9921423924818703,0.5469003363079583,203.20685076512535
83.4147304361945,417.0881789083452,0.19929485178421694,0.9946531350911278,0.9999999999999956,32.50918747781982,162.5515988843905,0.5108769309911599,0.9946202290428332,1.000000000000001,0.5108769309911599,0.9946202290428332,1.000000000000001,2.563428614870446,0.9999804941696071,0.9999999999999994,393,DS09-GCaMP6f-m-V1,60.060060060065474,0.8082821816146897,0.8076801233623969,0.799218521206801,0.002399563535795825
89.94961048626563,449.76371721214065,0.30968150138183875,0.9872973380468912,1.0000000000000018,1999.9303222536819,9999.999900382381,0.014896807111790178,0.9337227560227458,1.000000000000006,0.014896807111790178,0.9337227560227458,1.000000000000006,0.04809175123362434,0.9452621760916394,1.0000000000000018,394,DS09-GCaMP6f-m-V1,60.060060060065474,0.9844720040785659,0.9843595188679017,0.9119471368100326,69.37069628594243
109.91370475001625,549.5876652903713,0.19593895081740997,0.9270597896274273,1.000000000000006,121.95266191472551,609.7845477058224,0.17668882335702565,0.9272278806262261,0.9999999999999983,0.17668882335702565,0.9272278806262261,0.9999999999999983,0.9017238301386808,0.9999984071476732,1.0000000000000029,395,DS09-GCaMP6f-m-V1,60.060060060065474,0.9731761727168688,0.9731722700573556,0.7702706505490701,0.03537062298199796
183.68148477039412,918.4394120971967,0.40486690085585875,0.7978769486416553,1.0000000000000093,1999.9303421674063,9999.99999995447,0.0364056111228371,0.7217066498893457,0.999999999999995,0.0364056111228371,0.7217066498893457,0.999999999999995,0.08993653918751038,0.9031076443633186,0.999999999999998,397,DS09-GCaMP6f-m-V1,60.060060060065474,0.988489408089523,0.9830722667849788,0.8909880715635302,78.72826708923613
130.92798531662098,654.6627277734727,0.3996421840148132,0.8132449507935163,0.9999999999999943,105.93943222377783,529.7156105371381,0.4939386405676589,0.8132778716008026,1.000000000000002,0.4939386405676589,0.8132778716008026,1.000000000000002,1.2359465990904892,0.9999977610935008,1.0000000000000038,401,DS09-GCaMP6f-m-V1,60.060060060065474,0.9454431585281675,0.9458015685363983,0.7789902681574267,0.024253851562995764
130.88658180367997,654.4557029983201,0.279420845059147,0.9649568047153546,0.9999999999999932,1999.9287308518017,9999.991943095838,0.019591049161235975,0.9628772251434349,1.0000000000000058,0.019591049161235975,0.9628772251434349,1.0000000000000058,0.0699602405680493,0.9833793058535406,1.000000000000008,402,DS09-GCaMP6f-m-V1,60.060060060065474,0.9463804165721397,0.9461061819142328,0.6522024906728778,163.02847436888888
55.293222008896265,276.4807317089234,0.712696188854747,0.8532149095891671,0.9999999999999994,35.196212718162144,175.9903708294432,1.1192820905056473,0.8526010393615001,0.9999999999999926,1.1192820905056473,0.8526010393615001,0.9999999999999926,1.5705961272188398,0.9999876437682391,0.9999999999999944,404,DS10-GCaMP6f-m-V1-neuropil-corrected,158.2804412858703,0.8675929289441167,0.8676999466424558,0.8084884997849893,0.0036062598394823557
55.79663985417678,278.9897375827893,0.32066958729086836,0.9806889435369205,0.9999999999999954,111.14907400400133,555.7583945913021,0.1612307577197132,0.9806186444268288,1.000000000000002,0.1612307577197132,0.9806186444268288,1.000000000000002,0.5027874081498431,0.9998597770063851,0.9999999999999973,405,DS10-GCaMP6f-m-V1-neuropil-corrected,158.2804412858703,0.9807714028801525,0.980800987913065,0.9422448762852804,0.013259468457474307
124.78661191593268,623.9476822127189,0.2612133017766795,0.9765601462555583,0.9999999999999994,56.69939350219634,283.5036116085569,0.5735279044419425,0.9768473219188399,0.9999999999999957,0.5735279044419425,0.9768473219188399,0.9999999999999957,2.195496395050127,0.999845238252959,0.9999999999999908,406,DS10-GCaMP6f-m-V1-neuropil-corrected,158.2804412858703,0.9973711503250762,0.9973573927584721,0.8925179073930567,0.004275918010227952
137.78077449929236,688.947123186797,0.30142959752997733,0.9902044501059574,0.9999999999999964,1999.874405878125,9999.999808911767,0.02307273808309482,0.7581021571618003,0.9999999999999913,0.02307273808309482,0.7581021571618003,0.9999999999999913,0.07649646862392115,0.7642537993524672,0.9999999999999969,407,DS10-GCaMP6f-m-V1-neuropil-corrected,164.87545967278155,0.9965811699494155,0.9964485008077887,0.8024951701584304,157.15523841169775
61.998599479805854,310.0002624634158,0.36213800583153327,0.720375657020039,0.9999999999999986,36.56289555005625,182.81876223077853,0.6143244694574896,0.7206992362148629,1.000000000000004,0.6143244694574896,0.7206992362148629,1.000000000000004,1.6963853071590038,0.9999769723178038,1.0000000000000022,408,DS10-GCaMP6f-m-V1-neuropil-corrected,158.2804412858703,0.951674425067018,0.9517145892002589,0.643095801966967,0.004427262157806101
64.14155984949805,320.72476075435924,0.3699496311347522,0.9821690723377267,0.9999999999999954,93.29407912643207,466.4950661915862,0.2544150997197706,0.9822125405980315,1.0000000000000033,0.2544150997197706,0.9822125405980315,1.0000000000000033,0.6876961556416037,0.9999737284255789,1.000000000000006,411,DS10-GCaMP6f-m-V1-neuropil-corrected,158.2804412858703,0.9652226216963377,0.9649545351095227,0.8512131996324384,0.019527121962523666
98.14406773703425,490.73183931546373,0.45698545141445424,0.9812521185594091,0.9999999999999881,73.13449825203934,365.6810612415049,0.6138055743804121,0.9811992688094898,0.999999999999997,0.6138055743804121,0.9811992688094898,0.999999999999997,1.3431656718660527,0.9999843790549575,1.0000000000000007,412,DS10-GCaMP6f-m-V1-neuropil-corrected,158.2804412858703,0.9958062296659304,0.9960432603020508,0.8281828791272323,0.009293887973258938
107.46968113066391,537.3821414043044,0.23413531628873543,0.9827881489778694,1.0000000000000013,33.131426231409,165.66753142559847,0.7553260531261057,0.9815779018433639,1.000000000000003,0.7553260531261057,0.9815779018433639,1.000000000000003,3.226392411094218,0.9995671930128955,1.0000000000000029,413,DS10-GCaMP6f-m-V1-neuropil-corrected,164.87545967278155,0.9625564826146997,0.9624659961998897,0.7886208092345675,0.0036136207748116264
65.36898265524322,326.8621993611028,0.8819360016112446,0.9600143572677443,1.0000000000000022,237.665225881686,1188.3889772775926,0.24205817081529923,0.9659980007344676,0.9999999999999937,0.24205817081529923,0.9659980007344676,0.9999999999999937,0.27410467363037616,0.9984497777113398,0.999999999999992,414,DS10-GCaMP6f-m-V1-neuropil-corrected,158.2804412858703,0.9601131115460982,0.9562339479187396,0.7999918241675009,0.2812549318259291
51.91056496633038,259.55890776900833,0.7006797020857386,0.8832005161041976,1.000000000000002,135.84484513501366,679.2401441241102,0.26848627213218723,0.883376869038329,1.0000000000000093,0.26848627213218723,0.883376869038329,1.0000000000000093,0.3831609531424272,0.9997950068150323,1.000000000000001,416,DS10-GCaMP6f-m-V1-neuropil-corrected,158.2804412858703,0.9695635284276886,0.9695816463543453,0.7388091222603421,0.05328482408038757
84.50893793859211,422.5545925436784,0.4616683976417981,0.97734704566119,1.0000000000000053,96.07291432998898,480.3758295801928,0.4063664262027716,0.9774248551854542,1.000000000000002,0.4063664262027716,0.9774248551854542,1.000000000000002,0.8801927718885455,0.9999962872383421,0.9999999999999961,417,DS10-GCaMP6f-m-V1-neuropil-corrected,158.2804412858703,0.9846375119834964,0.984639299498474,0.6534282780647486,0.02746590496999416
139.31984298378134,696.6429487374189,0.1192077601437868,0.9791315802609856,1.0000000000000004,158.6580162343539,793.3398854260588,0.10444518960244217,0.9797464099728206,0.9999999999999992,0.10444518960244217,0.9797464099728206,0.9999999999999992,0.8760923056264537,0.999985778756888,0.9999999999999948,418,DS10-GCaMP6f-m-V1-neuropil-corrected,164.87545967278155,0.9371101153491587,0.9329603193141919,0.8963649804514714,0.06216286808841699
55.25334538809077,276.2732015885134,0.35548477681138824,0.970653033591089,1.0000000000000007,30.746276856320268,153.73498716429356,0.6384300762776486,0.9709541508457796,0.9999999999999998,0.6384300762776486,0.9709541508457796,0.9999999999999998,1.7958330680405572,0.9999891509298754,1.0000000000000042,419,DS10-GCaMP6f-m-V1-neuropil-corrected,158.2804412858703,0.982309512317936,0.9822457371888065,0.7484185470000316,0.0027232158216071553
139.67380325778586,698.3853834195145,0.22131533848145848,0.967102035224509,1.0000000000000084,1999.9530580511125,9999.999646964565,0.016343033481404083,0.8887061276192131,1.0000000000000033,0.016343033481404083,0.8887061276192131,1.0000000000000033,0.0740418776337967,0.9526560409259913,1.000000000000002,420,DS10-GCaMP6f-m-V1-neuropil-corrected,158.2804412858703,0.9911780055659496,0.9911386421506161,0.766382136535015,129.82735985750466
108.20080457468013,541.0167019632271,0.4880325412082485,0.950977778968827,0.9999999999999994,66.82409066289621,334.12828383525596,0.7891954829061828,0.9517129172205772,1.000000000000002,0.7891954829061828,0.9517129172205772,1.000000000000002,1.616920513635656,0.9999237914408519,1.0,421,DS10-GCaMP6f-m-V1-neuropil-corrected,158.2804412858703,0.987884089540644,0.9878668994710608,0.8855976629711287,0.006109072436883979
83.12662132702174,415.6428475044387,0.41297683812722247,0.9387617235999255,1.0000000000000053,49.707419125664856,248.54292039861696,0.6904196343890469,0.9380306775888175,0.9999999999999981,0.6904196343890469,0.9380306775888175,0.9999999999999981,1.6718984063472853,0.9998892279945366,1.0,423,DS10-GCaMP6f-m-V1-neuropil-corrected,158.2804412858703,0.9889238012673883,0.9889185114044517,0.8912035620446829,0.0034009978536791766
58.457065237546935,292.29217625122584,0.8963433363836477,0.8225725061852625,0.9999999999999948,1999.9531285762014,9999.999999598273,0.027809158629808112,0.7808844265690658,0.9999999999999992,0.027809158629808112,0.7808844265690658,0.9999999999999992,0.03085930357184225,0.911887455723786,1.0,424,DS10-GCaMP6f-m-V1-neuropil-corrected,158.2804412858703,0.9741803885066875,0.9723564859321554,0.834379348027003,104.81618747221121
137.52654549221648,687.6488429736302,0.1890926297320671,0.978272808508904,1.0000000000000078,87.96048355683843,439.81272509083897,0.2952645484854492,0.9788648142960403,1.0000000000000067,0.2952645484854492,0.9788648142960403,1.0000000000000067,1.561358272135901,0.9999648166805178,1.000000000000005,425,DS10-GCaMP6f-m-V1-neuropil-corrected,158.2804412858703,0.9943701225919888,0.9943606612110217,0.874922975415363,0.011616112517458003
162.6530155666733,813.2894601232953,0.10342924247377318,0.9775091741949511,1.0000000000000013,15.751023247338317,78.75747737345966,1.0505549356895878,0.9818615285138418,0.999999999999999,1.0505549356895878,0.9818615285138418,0.999999999999999,10.152129280626468,0.9996129288963199,0.9999999999999996,429,DS11-GCaMP6f-m-V1-neuropil-corrected,158.2804412858703,0.4585774780338453,0.46476731547795924,0.038013786404615724,0.011216876539546785
158.007418247498,790.0607771351612,0.13385251469136564,0.9567300351174824,0.9999999999999961,90.7945717795813,453.9864693407586,0.23272702580387317,0.9569261122311971,1.0000000000000013,0.23272702580387317,0.9569261122311971,1.0000000000000013,1.7386324299637235,0.9999239417285998,0.9999999999999998,431,DS11-GCaMP6f-m-V1-neuropil-corrected,158.2804412858703,0.9881072412306986,0.9882907396425316,0.9149405681224884,0.010862327814464534
56.19216676977832,280.9692572629742,0.6122091604982143,0.9855314536005592,1.0000000000000042,34.11668047157829,170.58851657475225,1.0077389312666594,0.9854803738584837,0.9999999999999974,1.0077389312666594,0.9854803738584837,0.9999999999999974,1.6460849669432542,0.9999850688320706,0.999999999999995,432,DS11-GCaMP6f-m-V1-neuropil-corrected,158.2804412858703,0.9856938010108388,0.9856500265412992,0.6616143054484416,0.004199412032605702
36.76340421098868,183.82253202550316,1.243178706630375,0.973362858363436,0.9999999999999954,23.354717292124363,116.77708741931133,1.9529362148987874,0.9736582971519536,1.0000000000000029,1.9529362148987874,0.9736582971519536,1.0000000000000029,1.5708850745398135,0.9999921030092549,1.0000000000000018,433,DS11-GCaMP6f-m-V1-neuropil-corrected,158.2804412858703,0.8437088039171795,0.8441668714199853,0.8358456572170463,0.001554206266509023
53.84905026973991,269.2533235209338,0.2507136945942154,0.9963778092443971,0.9999999999999998,59.42486534331538,297.13323472415817,0.2272447605853146,0.9963831119499181,1.0000000000000007,0.2272447605853146,0.9963831119499181,1.0000000000000007,0.906390511733353,0.9999994324602767,0.9999999999999942,434,DS11-GCaMP6f-m-V1-neuropil-corrected,158.2804412858703,0.9751509427040415,0.9751673462607277,0.8195428464357927,0.006790057993789029
85.79706051186525,428.9981638567154,0.14770261151541145,0.9960773526186524,1.000000000000001,44.35042836805545,221.75879013388047,0.2851195738027996,0.995990570207233,0.9999999999999905,0.2851195738027996,0.995990570207233,0.9999999999999905,1.9303831694132605,0.9999771414987303,0.9999999999999875,436,DS11-GCaMP6f-m-V1-neuropil-corrected,158.2804412858703,0.9783336626014781,0.9782906997924287,0.8237221550931461,0.0040223377083805
52.01161545103787,260.06587398913354,0.2856397021306516,0.9921729420323421,0.9999999999999928,92.96161517550745,464.8220111682268,0.16010454686095932,0.9922228987163186,1.0000000000000016,0.16010454686095932,0.9922228987163186,1.0000000000000016,0.5605030087801061,0.9999329181040777,0.9999999999999916,437,DS11-GCaMP6f-m-V1-neuropil-corrected,158.2804412858703,0.9736415359879282,0.9736750698482215,0.9022658561511478,0.01236948184826337
58.58211329092497,292.9193481305497,0.1773407461483956,0.9947968905995127,0.999999999999997,35.61810468067838,178.09586268930684,0.2913030135948682,0.9948899335328544,0.9999999999999993,0.2913030135948682,0.9948899335328544,0.9999999999999993,1.6425979282803587,0.9999922975976979,1.0000000000000038,438,DS11-GCaMP6f-m-V1-neuropil-corrected,158.2804412858703,0.933656124339188,0.9336041908150894,0.8206347601357015,0.0028868893386190296
43.567362908204316,217.84334545020982,0.7616598352735999,0.9809780614969467,0.9999999999999991,34.83990783942322,174.20476182844004,0.9521339436361802,0.9809047379452381,0.9999999999999938,0.9521339436361802,0.9809047379452381,0.9999999999999938,1.2500895169211037,0.9999985720353141,0.999999999999992,439,DS11-GCaMP6f-m-V1-neuropil-corrected,158.2804412858703,0.879181320422689,0.8790845462962443,0.8400869330322756,0.0025910723834374956
44.005737100998395,220.0352821280966,0.5743525594825837,0.5356163628071452,1.000000000000001,31.24943017412242,156.25183527602542,0.8074749503585353,0.5381139944312769,1.0000000000000013,0.8074749503585353,0.5381139944312769,1.0000000000000013,1.405629256998566,0.9999953204908965,0.9999999999999941,440,DS11-GCaMP6f-m-V1-neuropil-corrected,158.2804412858703,0.8628483782024746,0.8632338245658965,0.7963836165617536,0.0025786577455166864
51.28603115197709,256.4378437260537,0.590353344271654,0.9792671611779042,0.9999999999999986,31.223764493318203,156.12350302462366,0.9690059890567312,0.9793443285549684,0.9999999999999962,0.9690059890567312,0.9793443285549684,0.9999999999999962,1.6413868396171336,0.9999924085663694,1.0000000000000078,441,DS11-GCaMP6f-m-V1-neuropil-corrected,158.2804412858703,0.9391595411796804,0.938947589837489,0.9194354756665398,0.0015079005845127027
60.361699645399476,301.817546669513,0.49764030920965513,0.9592061181270767,1.0000000000000042,46.287630842250294,231.44509289868608,0.648452581765118,0.9596239562001245,0.9999999999999929,0.648452581765118,0.9596239562001245,0.9999999999999929,1.3029875594066849,0.9999943354764386,1.0000000000000016,442,DS11-GCaMP6f-m-V1-neuropil-corrected,158.2804412858703,0.9570882972165207,0.9570733160370062,0.6717070333452811,0.00652710917951748
54.89592679586898,274.4878630822508,0.45843903568815264,0.9646391838483306,1.0000000000000024,24.681001981109972,123.40870967923028,1.0183735642272531,0.9645222687175413,0.9999999999999932,1.0183735642272531,0.9645222687175413,0.9999999999999932,2.2214507239582804,0.9999928830634299,1.0000000000000004,444,DS11-GCaMP6f-m-V1-neuropil-corrected,158.2804412858703,0.8718882079715246,0.8704832925818493,0.1611710900725004,0.008562421718752001
47.840427426769494,239.20930859124576,0.3681070137176987,0.9880046092755227,0.9999999999999976,1999.893806123134,9999.768822110085,0.009888915274011256,0.9230424840936472,1.000000000000009,0.009888915274011256,0.9230424840936472,1.000000000000009,0.026931158590849828,0.9566995194074257,1.0000000000000093,445,DS11-GCaMP6f-m-V1-neuropil-corrected,158.2804412858703,0.8518928142632198,0.8481864851740156,0.8379620961988736,110.48141258640642
43.68439424316743,218.42851966845632,0.9825989084966243,0.9647714301049405,1.0000000000000013,25.019396567746377,125.10073333901516,1.7136556176810003,0.9644976161333487,0.9999999999999872,1.7136556176810003,0.9644976161333487,0.9999999999999872,1.7440751082272095,0.9999969434511307,0.9999999999999998,446,DS11-GCaMP6f-m-V1-neuropil-corrected,158.2804412858703,0.515736703865273,0.5152920954041857,0.8001234547982718,0.0019079086142219195
67.55271165649842,337.77368468436265,0.17630757362010227,0.9927036420293937,0.9999999999999984,41.5990247758078,208.00135972704527,0.28597544478344866,0.9925785470188311,1.0000000000000089,0.28597544478344866,0.9925785470188311,1.0000000000000089,1.6220559977829057,0.9999906647937119,0.9999999999999963,447,DS11-GCaMP6f-m-V1-neuropil-corrected,158.2804412858703,0.9371227384645862,0.9370140230904082,0.8212798985874536,0.0036281514390721966
75.51749897222604,377.5988152141419,0.533805922048867,0.9766524739616366,1.0000000000000029,127.30397426894147,636.5389546823197,0.3177759105438267,0.9773463793938,0.9999999999999968,0.3177759105438267,0.9773463793938,0.9999999999999968,0.5952308388086747,0.9999017734872993,0.999999999999995,449,DS11-GCaMP6f-m-V1-neuropil-corrected,158.2804412858703,0.9597428038343863,0.9597474685890949,0.6314302636616884,0.062193616857051895
68.9946728518427,344.98370681641205,0.1981658153444262,0.996829373683977,1.0000000000000067,1999.8954614854051,9999.777099169585,0.007225179062930686,0.9464878508414512,0.9999999999999962,0.007225179062930686,0.9464878508414512,0.9999999999999962,0.03644861291836449,0.9474445946415709,1.0000000000000004,450,DS11-GCaMP6f-m-V1-neuropil-corrected,158.2804412858703,0.9447551126330561,0.943863186619275,0.9288461915773203,69.56138449290253
297.5350695148012,1487.7540273432098,0.22456811893218637,0.9972115985645231,1.0000000000000067,115.7706393595854,578.8838110283781,0.5832644836692039,0.9976033973480248,1.0000000000000027,0.5832644836692039,0.9976033973480248,1.0000000000000027,2.596739306400384,0.9987441085032012,1.0000000000000016,451,DS12-GCaMP6s-m-V1-neuropil-corrected,158.2804412858703,0.9565304480890309,0.9645376516280336,0.934303067483856,0.0210957249201745
235.40213470755566,1177.072922958188,0.3140169667636614,0.9943769342376336,1.00000000000001,216.72648614847805,1083.6897415996896,0.34066512406603905,0.9945917026043766,0.9999999999999962,0.34066512406603905,0.9945917026043766,0.9999999999999962,1.084822065366018,0.9999804456214417,0.9999999999999973,453,DS12-GCaMP6s-m-V1-neuropil-corrected,158.2804412858703,0.9849862826356894,0.9849861157865071,0.8398764222605062,0.19076946405018835
310.1822121110704,1550.9930847177466,0.21238354235847492,0.9792044867769579,1.0000000000000009,1999.5700911369272,9998.379219280585,0.035187008020344926,0.9095610089165445,0.9999999999999984,0.035187008020344926,0.9095610089165445,0.9999999999999984,0.16614751067493563,0.9499508086107341,0.9999999999999954,455,DS12-GCaMP6s-m-V1-neuropil-corrected,158.2804412858703,0.9023485777295557,0.8980552012666878,0.8821112943850594,114.29524058953483
210.07241464905678,1050.4008729210827,0.13219877245629222,0.9984126759621997,0.9999999999999999,81.77277205593577,408.8789634385122,0.33898081594575347,0.9985468011417137,0.999999999999997,0.33898081594575347,0.9985468011417137,0.999999999999997,2.564080673771789,0.999825820070928,0.9999999999999976,456,DS12-GCaMP6s-m-V1-neuropil-corrected,118.11973230288828,0.8950707989368781,0.8956373587931699,0.9209732138474434,0.00865472878995532
380.66912831307826,1903.4463051920607,0.1518086315434314,0.8795172080736067,1.0000000000000042,52.21311408997261,261.0793776147553,1.098567144424262,0.9020300174939625,0.9999999999999912,1.098567144424262,0.9020300174939625,0.9999999999999912,7.223384597815958,0.9949947495864222,0.9999999999999977,457,DS13-GCaMP6s-m-V1-neuropil-corrected,158.2804412858703,0.9973121982106906,0.9975672599845299,0.8449856724888931,0.006074560355494187
374.99551496128174,1875.0767381104781,0.32609471352874153,0.986707569048598,1.0000000000000033,1999.8942296799964,9999.999997710687,0.06909227451942365,0.8354128057576854,0.9999999999999929,0.06909227451942365,0.8354128057576854,0.9999999999999929,0.21396383873190392,0.8944126783489045,0.9999999999999958,458,DS13-GCaMP6s-m-V1-neuropil-corrected,158.2804412858703,0.9979981030707817,0.9979941325841968,0.7571637822431269,178.74464931814916
363.2530721593254,1816.3881985423266,0.16041540636375828,0.9781683216540398,1.000000000000007,90.56151642250106,452.83820641654296,0.6479116466137335,0.9821981544253275,0.9999999999999949,0.6479116466137335,0.9821981544253275,0.9999999999999949,4.036495922312834,0.9956180169330244,1.0000000000000016,459,DS13-GCaMP6s-m-V1-neuropil-corrected,155.17690322144148,0.9865213119310269,0.9896764628699339,0.7697305031698802,0.02363153017659199
332.7890567479447,1664.0332860253739,0.2165568320411029,0.9569810820543343,0.9999999999999993,1999.894193614149,9999.99981737191,0.04032886152234241,0.8188186944273591,1.0000000000000016,0.04032886152234241,0.8188186944273591,1.0000000000000016,0.18673764701064152,0.8832271397867197,0.9999999999999989,460,DS13-GCaMP6s-m-V1-neuropil-corrected,158.2804412858703,0.9862973271666484,0.9862294943321502,0.8992012933729256,104.77168292416272
371.8563503460334,1859.398480961197,0.6575636837268612,0.9970394657444417,1.000000000000005,1999.8744440486269,9999.99999977626,0.1345854173956897,0.8981071555020976,0.9999999999999927,0.1345854173956897,0.8981071555020976,0.9999999999999927,0.2054742637882948,0.921619522514851,0.9999999999999974,462,DS13-GCaMP6s-m-V1-neuropil-corrected,141.32182257666992,0.9956002049208716,0.9947725398674743,0.8136438511884978,140.14259148259205
307.5041104816735,1537.6018683772088,0.4580010252182382,0.9820209385608086,0.9999999999999994,1999.8942301119644,9999.99999987064,0.07872932225432165,0.7790012824597938,0.9999999999999929,0.07872932225432165,0.7790012824597938,0.9999999999999929,0.1736286252583314,0.8525713650688757,0.999999999999991,463,DS13-GCaMP6s-m-V1-neuropil-corrected,158.2804412858703,0.9968716332442679,0.996766682462381,0.9380810855200785,80.70880726556175
228.48322212219637,1142.4765304035557,0.15360025806309036,0.9798558884915716,1.0000000000000038,1999.8934473527636,9999.996085867644,0.020062670251786596,0.7911245489996803,0.9999999999999922,0.020062670251786596,0.7911245489996803,0.9999999999999922,0.13206426703021243,0.8625363657520263,1.0000000000000022,466,DS13-GCaMP6s-m-V1-neuropil-corrected,158.2804412858703,0.9916926693066942,0.9912502712681375,0.8316271002899264,142.0902474899601
380.9404204348262,1904.7592065551612,0.2868468351710016,0.9675405256040148,0.9999999999999974,1999.9400301956748,9999.999949401948,0.051682465393300674,0.9494837647012347,0.9999999999999988,0.051682465393300674,0.9494837647012347,0.9999999999999988,0.17993996052477182,0.9688914256918669,0.999999999999998,467,DS13-GCaMP6s-m-V1-neuropil-corrected,158.2804412858703,0.9499512899256494,0.8869271343488764,0.8713330406839197,97.1418421897689
278.68507665171643,1393.4990783613048,0.2195508021945462,0.9817390441132751,0.9999999999999983,1999.8942301308293,9999.99999996497,0.035282244054596776,0.8638671221212865,0.9999999999999958,0.035282244054596776,0.8638671221212865,0.9999999999999958,0.1600114008572812,0.8650501698420083,0.9999999999999912,468,DS13-GCaMP6s-m-V1-neuropil-corrected,158.2804412858703,0.9974908299951335,0.9974644172569201,0.8390046917770664,138.1768346580701
438.323227686986,2191.6818447114642,0.09467695817956778,0.9925370175903547,0.9999999999999978,1999.9400356846284,9999.999976847539,0.020623521430435,0.9614121782259121,1.0000000000000062,0.020623521430435,0.9614121782259121,1.0000000000000062,0.21828292861336093,0.9802778833558008,1.0000000000000082,469,DS13-GCaMP6s-m-V1-neuropil-corrected,158.2804412858703,0.9681788086242346,0.9448101936063699,0.8500844926893699,106.3622544607502
641.643105584543,3208.38520315307,0.09837496593051653,0.9691751422680683,0.9999999999999973,1999.8941905032252,9999.99980181647,0.033256804590595004,0.7845009355504677,0.9999999999999919,0.033256804590595004,0.7845009355504677,0.9999999999999919,0.3398396147993286,0.8971672421130011,0.9999999999999949,470,DS13-GCaMP6s-m-V1-neuropil-corrected,158.2804412858703,0.9976012353195187,0.9975846928380859,0.9062130794283682,101.57940361450095
282.07056341432207,1410.4274074278492,0.11711701237051445,0.9941481994804251,0.9999999999999973,1999.6342767053811,9998.700164095999,0.017876794430186096,0.9386880865771247,1.000000000000001,0.017876794430186096,0.9386880865771247,1.000000000000001,0.15268685596681628,0.9465334884318412,0.9999999999999967,472,DS13-GCaMP6s-m-V1-neuropil-corrected,158.2804412858703,0.9550221721222666,0.9522180958883809,0.839704491437645,136.61281148035818
514.1004178828974,2570.6380374299347,0.18920221593305833,0.9793437978293902,0.9999999999999989,1999.8942300595686,9999.999999608648,0.051934698031395776,0.8538729492701697,0.9999999999999936,0.051934698031395776,0.8538729492701697,0.9999999999999936,0.27556908632917754,0.9267250163396087,0.9999999999999902,473,DS13-GCaMP6s-m-V1-neuropil-corrected,158.2804412858703,0.9925182895901548,0.9924952811807934,0.8121132283129882,152.26730389027827
328.69684447212825,1643.5334952359867,0.1346853138156794,0.973119207077957,1.0000000000000002,76.6587669004501,383.30532593555495,0.5796417922950573,0.974311961503915,0.9999999999999984,0.5796417922950573,0.974311961503915,0.9999999999999984,4.3027105849682865,0.9995919796276425,1.0000000000000002,474,DS13-GCaMP6s-m-V1-neuropil-corrected,158.2804412858703,0.7419814299936627,0.7492065576806465,0.8836033964253838,0.008783468283712821
430.66350583230707,2153.382087217372,0.13735626025001338,0.9924684335288328,1.0000000000000022,1999.9400402764925,9999.999999807547,0.029060286395704897,0.9445767267846062,0.9999999999999937,0.029060286395704897,0.9445767267846062,0.9999999999999937,0.21182942646450706,0.9630553050725486,0.9999999999999915,475,DS13-GCaMP6s-m-V1-neuropil-corrected,158.2804412858703,0.9850493218320554,0.966970878414535,0.9146804199776126,77.61068579478355
421.88465222151746,2109.534823711356,0.2501595360694437,0.9325102832018617,0.9999999999999929,109.22276962769084,546.1427308591369,0.9274454368360714,0.9356992503210128,0.9999999999999976,0.9274454368360714,0.9356992503210128,0.9999999999999976,3.6969345735051475,0.9925598450936541,0.9999999999999987,476,DS13-GCaMP6s-m-V1-neuropil-corrected,158.2804412858703,0.9972106024455971,0.9972186591998694,0.8787778890037471,0.025625253919745256
319.3464165026941,1596.7799537250048,0.1111129923555727,0.9890922000477497,1.0000000000000044,143.66246576039427,718.3338643380932,0.24870468991905553,0.9893207574882811,0.9999999999999996,0.24870468991905553,0.9893207574882811,0.9999999999999996,2.2381510351848215,0.999685972958406,0.9999999999999978,477,DS13-GCaMP6s-m-V1-neuropil-corrected,158.2804412858703,0.9680795813139113,0.9750679806384513,0.8609176169405995,0.04540386528468403
328.86944344398864,1644.4341830083813,0.221660509085821,0.9461283988221956,0.9999999999999912,1999.8941650770992,9999.999674679117,0.0399664026864903,0.6449367697667173,1.0000000000000042,0.0399664026864903,0.6449367697667173,1.0000000000000042,0.18174295643296354,0.7667971074706013,1.0000000000000024,479,DS13-GCaMP6s-m-V1-neuropil-corrected,158.2804412858703,0.9994349167383798,0.9994305966181535,0.9038268793481485,103.42537276915296
313.8755640004028,1569.4608208293603,0.11004103393664942,0.9880105062539287,1.0000000000000022,1999.8942209242623,9999.9999539297,0.01707586924580818,0.9561592984842116,0.9999999999999996,0.01707586924580818,0.9561592984842116,0.9999999999999996,0.15481400269966572,0.9542438732005197,0.9999999999999959,480,DS13-GCaMP6s-m-V1-neuropil-corrected,158.2804412858703,0.9557421042608065,0.9189783123365609,0.7982438400185712,157.25477436759112
325.5563995866084,1627.8680876246674,0.2131006493168823,0.9789379196172137,1.0000000000000078,85.46649231882422,427.35506223713526,0.796633712455841,0.9855432544613367,0.9999999999999928,0.796633712455841,0.9855432544613367,0.9999999999999928,3.731798868452405,0.9937944414107072,0.9999999999999957,482,DS13-GCaMP6s-m-V1-neuropil-corrected,158.2804412858703,0.9973193439335142,0.9973313793364514,0.8333336589342142,0.01725462850153498
841.6318023348937,4208.305582378191,0.5969444185898722,0.9659672208148451,0.9999999999999994,228.58372732209403,1142.958444609265,2.1455100102570404,0.9609157231794939,0.9999999999999966,2.1455100102570404,0.9609157231794939,0.9999999999999966,3.5952515965846135,0.995532838005235,0.9999999999999947,486,DS14-GCaMP6s-m-V1,60.060060060065474,0.9995454109930292,0.9995451548170455,0.8209879057893125,0.1697177683529438
504.7967726799878,2524.0717740729933,0.11281120467621347,0.9855911993334888,1.0000000000000029,162.12755201525326,810.6659946906493,0.34850859804053924,0.9862993870639619,0.9999999999999919,0.34850859804053924,0.9862993870639619,0.9999999999999919,3.08862432251814,0.9987881051830885,0.9999999999999998,488,DS14-GCaMP6s-m-V1,60.060060060065474,0.9769785516698184,0.9771846770457285,0.8439192088928353,0.05920755841858899
496.3575346158703,2481.8741140538295,0.14132077400715667,0.9763417849997066,0.9999999999999942,1999.9302838352114,9999.999708283336,0.03546404471231677,0.9481597493043117,0.9999999999999918,0.03546404471231677,0.9481597493043117,0.9999999999999918,0.2512957596247096,0.9830987139600128,0.9999999999999877,490,DS14-GCaMP6s-m-V1,60.060060060065474,0.969577046552026,0.9651984881804203,0.6948888742320825,147.93095142955988
339.78164316289923,1698.9673889997441,0.10347197189903283,0.7802378258351601,0.9999999999999983,1999.9301707326167,9999.999142750668,0.01903065859463494,0.4818252560255045,0.999999999999991,0.01903065859463494,0.4818252560255045,0.999999999999991,0.1854589656198684,0.7370961609314419,0.9999999999999947,492,DS14-GCaMP6s-m-V1,60.060060060065474,0.9972447510872391,0.9970334773258112,0.7832814672336764,119.26906274167753
1875.4938626200765,9377.795931527235,0.09815593294064945,0.9395245125686927,0.9999999999999936,1999.9303421609702,9999.999999922287,0.09252385575231371,0.9349627973832267,0.9999999999999957,0.09252385575231371,0.9349627973832267,0.9999999999999957,0.9435879636209752,0.9998324209626417,0.9999999999999969,495,DS14-GCaMP6s-m-V1,60.060060060065474,0.9986060442662265,0.9985769361833805,0.8859974993047331,80.77161904198606
730.7044333605753,3653.6494194360503,0.353496798708569,0.750692288470493,1.0000000000000098,1999.9301934282591,9999.999256232833,0.08596712957535906,0.8741118807273776,1.0000000000000002,0.08596712957535906,0.8741118807273776,1.0000000000000002,0.24014430268599107,0.8559430504060772,0.9999999999999947,496,DS14-GCaMP6s-m-V1,60.060060060065474,0.8328117916149599,0.5218453993632829,0.755816165732179,128.34195509648833
1075.6058898648334,5378.2167667612775,0.3750458726455837,0.9626503906687162,0.9999999999999897,135.06712107286828,675.3591273877847,2.8418692083104102,0.9561816764003315,1.000000000000002,2.8418692083104102,0.9561816764003315,1.000000000000002,7.576350895851165,0.9922100514369866,1.0000000000000016,497,DS14-GCaMP6s-m-V1,60.060060060065474,0.9998456940192775,0.9998564497800634,0.7942838498248327,0.04354612641267017
1357.7234659929886,6788.713260919573,0.03776325187898499,0.963583682838357,0.9999999999999964,1999.971695466258,9999.999786809094,0.024894292417615402,0.9485011371414934,1.0,0.024894292417615402,0.9485011371414934,1.0,0.6614295003483042,0.9974277743795752,1.0000000000000044,501,DS15-GCaMP6s-m-V1,59.105,0.9487475854620738,0.9252432680918927,0.8422822673326933,61.46084247660292
1575.6694065247948,7878.45836271006,0.03331871324351654,0.9928825963097362,1.0000000000000064,1999.971738095254,9999.999999957085,0.026323408781537088,0.9915961709435108,1.0000000000000124,0.026323408781537088,0.9915961709435108,1.0000000000000124,0.7901703168933095,0.9998120707529569,1.000000000000002,502,DS15-GCaMP6s-m-V1,59.105,0.9957569453466116,0.9951533576949972,0.8076432446343703,69.37712894988353
1481.4430133258254,7407.319739079783,0.04221871311122835,0.9905659375256175,0.9999999999999968,1999.9717077660937,9999.99984830914,0.03138842276245644,0.9895322523753715,1.0000000000000056,0.03138842276245644,0.9895322523753715,1.0000000000000056,0.7435717583051217,0.9997148758709997,1.0000000000000022,503,DS15-GCaMP6s-m-V1,59.105,0.9955566595360522,0.9949361235023114,0.8539014086836549,58.732454038204594
1324.8179688718044,6624.180265091274,0.039210589034974416,0.9971137676621208,1.0000000000000073,1999.972699664363,9999.99999933572,0.026155761392438585,0.9954377539057677,0.9999999999999996,0.026155761392438585,0.9954377539057677,0.9999999999999996,0.667160053776902,0.9996100860935629,0.9999999999999949,504,DS15-GCaMP6s-m-V1,59.058,0.9963891899501909,0.9963784812787709,0.8263887531082884,64.8461872051942
2052.388400722367,10262.08208207274,0.023793675949015086,0.9965346021039156,1.0000000000000022,1999.9722791898196,9999.997896934303,0.02440426846945915,0.9966304454473953,0.9999999999999969,0.02440426846945915,0.9966304454473953,0.9999999999999969,1.0256425998027687,0.9999980587941624,1.0000000000000084,505,DS15-GCaMP6s-m-V1,59.058,0.9943651572519487,0.994393923895131,0.8840645925916093,50.91598883546344
3181.3780808940855,15907.374558275693,0.01692111349575838,0.9641999658920289,0.9999999999999902,1999.9390360918562,9999.999538529904,0.025870625900094472,0.9728095242155974,1.0000000000000004,0.025870625900094472,0.9728095242155974,1.0000000000000004,1.5248617517855372,0.9933178749360515,1.0000000000000053,506,DS15-GCaMP6s-m-V1,59.058,0.9914367407562085,0.9937754645564537,0.8486712174023481,93.26690100362299
1656.6137793333266,8283.209945865723,0.02073150088662949,0.9912450451473653,0.9999999999999987,1999.9652139637467,9999.996353016397,0.01719768260892645,0.9893975187953079,1.0000000000000029,0.01719768260892645,0.9893975187953079,1.0000000000000029,0.8297044827906409,0.9998503878710588,1.0000000000000029,507,DS15-GCaMP6s-m-V1,59.06180544984861,0.9550661657819826,0.954602473861077,0.8426928635665196,65.31787932244616
1612.5355225812116,8062.791547794813,0.045962274977813904,0.9950977991722862,0.9999999999999903,1999.9716659461953,9999.999639206693,0.03708222381609884,0.9936749292751417,1.0000000000000107,0.03708222381609884,0.9936749292751417,1.0000000000000107,0.8070270366193343,0.9998426301640774,0.9999999999999933,508,DS15-GCaMP6s-m-V1,59.105,0.9927012583200756,0.9911548081922724,0.822793397326807,66.23621996095038
1459.246992043754,7296.428214630166,0.021640962587193866,0.9857685859133444,1.0000000000000007,1999.9470274843432,9999.999999085112,0.015813876389094185,0.9768947519534942,1.000000000000002,0.015813876389094185,0.9768947519534942,1.000000000000002,0.7316694737397371,0.9982557940068116,0.9999999999999923,509,DS15-GCaMP6s-m-V1,59.058,0.9686334419417441,0.9588397349204935,0.8076711950333998,121.06126856153597
4976.208182872191,24882.291810054096,0.01285344528189248,0.806204325828411,1.000000000000002,117.39113678921518,586.985193175197,0.4935968555265398,0.9855600936493119,0.9999999999999898,0.4935968555265398,0.9855600936493119,0.9999999999999898,37.36566820495857,0.8501777319572447,0.9999999999999967,510,DS16-GCaMP6s-m-V1,59.105,0.9805910706664835,0.9960733114806732,0.7482815838607976,0.0407180504464651
906.1638175448694,4531.04687490185,0.02300321814970203,0.9840697229102345,1.0,1999.8994532653212,9999.999991598714,0.010258028129128495,0.9341022206897298,1.0000000000000129,0.010258028129128495,0.9341022206897298,1.0000000000000129,0.4466680816990074,0.9786967280164734,1.0000000000000089,511,DS16-GCaMP6s-m-V1,59.105,0.9822314769292422,0.9689025762210063,0.7976521359907606,134.44027957263205
1502.1911704687088,7511.333466059923,0.020040635483349698,0.9768810999317858,0.9999999999999981,1999.8994549265058,9999.999999905054,0.015150513257867008,0.9625169836750841,1.000000000000005,0.015150513257867008,0.9625169836750841,1.000000000000005,0.7570956547063613,0.998048040658013,1.0000000000000087,512,DS16-GCaMP6s-m-V1,59.105,0.9871226871569899,0.9849404581969337,0.8915853682004918,93.28277997498809
,,-0.0,1.0,-0.0,1999.899454945252,9999.99999999879,0.010298232302845666,0.9854304108851885,0.999999999999998,0.010298232302845666,0.9854304108851885,0.999999999999998,0.0,1.0,0.0,513,DS16-GCaMP6s-m-V1,59.105,,0.6093640083047321,0.8729165104926632,101.84628770838714
1984.8924520586606,9924.961213176377,0.014619755476690281,0.8838039794366452,0.9999999999999949,1999.3027683887553,9997.01641722406,0.014506798985245834,0.883610994567114,0.999999999999994,0.014506798985245834,0.883610994567114,0.999999999999994,0.9923067576885216,0.9999965584223114,0.9999999999999915,514,DS16-GCaMP6s-m-V1,59.105,0.8967099446632959,0.8960869975119233,0.9094671440864157,84.14258795835792
743.1980248935579,3716.1769460745877,0.019315489434720893,0.9981573368528532,0.9999999999999927,1999.8994535508452,9999.999993026406,0.007039248062650595,0.9831493182673722,1.000000000000009,0.007039248062650595,0.9831493182673722,1.000000000000009,0.3646891949945913,0.99148869465517,1.0000000000000135,515,DS16-GCaMP6s-m-V1,59.105,0.9536657980542439,0.9013670334166171,0.8408947898822987,116.10774591853374
9084.774197017556,45426.154672686556,0.011206450489696337,0.8327906399871287,1.0000000000000102,1999.899449550103,9999.99997302169,0.040688416943307125,0.9875288991080835,1.0000000000000004,0.040688416943307125,0.9875288991080835,1.0000000000000004,3.4968058862917553,0.8798434291171244,1.0000000000000036,516,DS16-GCaMP6s-m-V1,59.105,0.9898617988938625,0.9952798008537572,0.8163335126880524,126.60984042864695
1031.7381120128941,5158.949913514594,0.013068226759163795,0.9927031851353431,1.0000000000000062,1999.8533097643349,9999.769262494447,0.00703337748284117,0.9698811612225459,1.0000000000000038,0.00703337748284117,0.9698811612225459,1.0000000000000038,0.5389702639594319,0.9909211430864624,1.0000000000000002,517,DS16-GCaMP6s-m-V1,59.105,0.9847910532585339,0.9844077229639299,0.8837233820786029,96.81655098108564
801.1462644625278,4005.9327106740097,0.03613551651555273,0.9948568762678034,1.0000000000000073,1999.8994548854143,9999.999999699587,0.013922130942771605,0.9435944276707133,0.9999999999999942,0.013922130942771605,0.9435944276707133,0.9999999999999942,0.38659564288302134,0.9686570847913291,1.000000000000009,518,DS16-GCaMP6s-m-V1,59.105,0.9670166764435484,0.9353439919056652,0.8480033572723399,113.00755692037475
199.5468041576728,997.7755982363898,0.28584537832050594,0.9950325562695824,0.999999999999998,99.22416719905367,496.1415102810432,0.5738899802727335,0.9950720844609396,0.9999999999999992,0.5738899802727335,0.9950720844609396,0.9999999999999992,2.0076464808754193,0.9998551087160704,1.000000000000006,519,DS17-GCaMP5k-m-V1,50.000000000001066,0.9966709278222253,0.9967814535846353,0.830902148517666,0.017522749116160773
361.1348191916082,1805.7493417843953,0.06828267011888318,0.9938391389019391,0.9999999999999958,1999.9164935648582,9999.99916918124,0.012891735050478107,0.9634730526887827,1.0000000000000073,0.012891735050478107,0.9634730526887827,1.0000000000000073,0.18886203721269354,0.9736803945376099,0.9999999999999934,520,DS17-GCaMP5k-m-V1,50.000000000001066,0.9927705573664399,0.9927597895737535,0.8353985131427838,98.85704413504945
240.54601833453003,1202.7802116914468,0.12002529654288431,0.9702501930411611,0.9999999999999901,103.92618626813051,519.6525853361968,0.27583417593930154,0.9701195789560493,1.0000000000000098,0.27583417593930154,0.9701195789560493,1.0000000000000098,2.2980875507917378,0.9996794085688905,1.000000000000005,521,DS17-GCaMP5k-m-V1,50.000000000001066,0.9977611925992033,0.9977569932692479,0.8616694382207297,0.01736484272029124
352.6609378869508,1763.4884244237162,0.09998014017856917,0.8480327816009402,0.9999999999999981,1999.791623222705,9999.999999839069,0.018023945883881134,0.3571405799961458,1.000000000000001,0.018023945883881134,0.3571405799961458,1.000000000000001,0.18141069258880377,0.6555256477219017,1.0000000000000036,522,DS17-GCaMP5k-m-V1,50.000000000001066,0.9962019902708347,0.9930114160542444,0.6443452983837585,259.23968427533464
213.23399407738248,1066.2143996893183,0.22565052139989492,0.9311774124725036,0.9999999999999918,1999.3163870936921,9996.998511787597,0.02542696712685636,0.915811038322109,0.9999999999999999,0.02542696712685636,0.915811038322109,0.9999999999999999,0.11260094030197919,0.9803982175521292,1.0000000000000022,523,DS17-GCaMP5k-m-V1,50.000000000001066,0.9843046020685052,0.982893191794785,0.8480838122174629,94.17518665108952
171.38593732833593,856.9743253709752,0.2265689955016563,0.9736896397294926,0.9999999999999856,44.51644917369392,222.5938405054325,0.8711586430387209,0.9732722491606868,0.9999999999999893,0.8711586430387209,0.9732722491606868,0.9999999999999893,3.8448921134490854,0.9992011460475624,0.9999999999999923,524,DS17-GCaMP5k-m-V1,50.000000000001066,0.9986381999583714,0.9988054491722038,0.8166735040352813,0.004106041260426269
307.5352878370629,1537.7405170466475,0.13288883780053837,0.9840695496534771,0.9999999999999968,1999.9166596893829,9999.999999838477,0.020454252059058098,0.9438675567313836,1.000000000000003,0.020454252059058098,0.9438675567313836,1.000000000000003,0.15377729221297998,0.9528082211273411,1.00000000000001,526,DS17-GCaMP5k-m-V1,50.000000000001066,0.9971200685677183,0.9898441153392963,0.8049922510960066,110.12982213080758
686.4821192183801,3432.9837152430277,0.025750040702704965,0.9587642985605992,1.0000000000000004,53.92045673716723,269.64729992956404,0.3221626122701671,0.9977191492244443,1.0,0.3221626122701671,0.9977191492244443,1.0,12.36669525852554,0.9476299428118841,1.0000000000000018,545,DS18-R-CaMP-m-CA3,20.0,0.9089547817593759,0.9906223849588907,0.7518219774041888,0.017225830813531195
474.01777379758477,2370.484609323371,0.03826324190688382,0.9713122302381282,0.9999999999999992,35.94428705609966,179.75144386879032,0.54029524648324,0.9964273531404557,1.0000000000000004,0.54029524648324,0.9964273531404557,1.0000000000000004,13.972627572670374,0.9498283379227678,0.9999999999999991,552,DS18-R-CaMP-m-CA3,20.0,0.8483928955462541,0.9853825996872234,0.7191088847649946,0.009774715175807228
646.0903948179096,3230.99137164742,0.03472594252665396,0.9105328505707214,0.9999999999999994,32.34001528584795,161.72707594108303,0.825361634504313,0.9644540398078488,0.9999999999999984,0.825361634504313,0.9644540398078488,0.9999999999999984,23.187268535379673,0.8193022302815207,1.0000000000000004,553,DS18-R-CaMP-m-CA3,20.0,0.7408090861596247,0.9850990101359147,0.6744385330345022,0.009407193093219674
158.16125181562325,790.9383022003536,0.06417571612329638,0.997939946597048,0.9999999999999986,107.71333787117271,538.6566153350516,0.09306854394684866,0.9968361952499613,1.0000000000000013,0.09306854394684866,0.9968361952499613,1.0000000000000013,1.450398775383436,0.9996535786946946,0.9999999999999982,560,DS18-R-CaMP-m-CA3,20.0,0.9935798092557006,0.9936051350964704,0.8974056170799724,0.04371479871607473
170.54348607431857,852.8598109744263,0.09582302684612552,0.992955611874814,1.0000000000000013,110.89143821735158,554.5497703472497,0.1457840060700658,0.9902168789412532,0.9999999999999983,0.1457840060700658,0.9902168789412532,0.9999999999999983,1.5218159629370855,0.9989561898234354,0.9999999999999994,561,DS18-R-CaMP-m-CA3,20.0,0.9967402249586118,0.9974649152584947,0.9019395034028665,0.0461943248185682
94.71434230257555,473.65078509970596,0.16688378015695635,0.9955171603630536,1.0,144.69940396267617,723.6178241245872,0.10966955671402592,0.9950809244555886,0.9999999999999992,0.10966955671402592,0.9950809244555886,0.9999999999999992,0.6571086718673809,0.9988491696591997,1.0000000000000042,566,DS18-R-CaMP-m-CA3,20.0,0.9945306831197241,0.9929106987422983,0.9757928466960851,0.04348185285676033
109.88623343000248,549.5229072012979,0.13914598578110846,0.9988006664437301,0.9999999999999992,56.29392109314038,281.51660322917917,0.26776442538310785,0.9969832399426585,1.0000000000000018,0.26776442538310785,0.9969832399426585,1.0000000000000018,1.9245410577779503,0.9989828441257694,1.000000000000003,567,DS18-R-CaMP-m-CA3,20.0,0.9977572718473091,0.9977163351609101,0.9543978330333936,0.007065191823287225
96.87041522585695,484.43294974359935,0.155313100486254,0.9991607773022015,1.000000000000003,157.5955407449427,788.1092745551904,0.0969751855760112,0.9984669742470192,1.0000000000000022,0.0969751855760112,0.9984669742470192,1.0000000000000022,0.6243521027102499,0.9988619096455437,1.0000000000000009,574,DS18-R-CaMP-m-CA3,20.0,0.9956747523469969,0.9957036253957452,0.9367877892779418,0.08982122564315224
89.95339879908042,449.84209284228746,0.1515185920452321,0.99828593990359,0.9999999999999969,180.32434028225552,901.772247696369,0.07603656519681787,0.9968435581894974,1.0000000000000002,0.07603656519681787,0.9968435581894974,1.0000000000000002,0.5017802714132479,0.9978359252229733,0.9999999999999993,575,DS18-R-CaMP-m-CA3,20.0,0.9913414585298636,0.9865272760968444,0.919350839013877,0.14852028328579833
112.71959027400723,563.6920568887152,0.15268881960664782,0.9987291596156506,1.0000000000000036,71.61928009366551,358.1561928210522,0.23876817782767135,0.9975465511517574,0.999999999999998,0.23876817782767135,0.9975465511517574,0.999999999999998,1.563879306936221,0.9994561216555964,0.9999999999999998,576,DS18-R-CaMP-m-CA3,20.0,0.9946440644388755,0.9951903432607233,0.9195418540440643,0.015209504366326976
102.40019140700171,512.0864472599266,0.13468363674865877,0.9989187678681323,0.999999999999998,79.39660432598627,397.0493069900298,0.17338609922656292,0.9988263036255396,0.9999999999999994,0.17338609922656292,0.9988263036255396,0.9999999999999994,1.287348944592947,0.9998433773546559,1.0000000000000002,577,DS18-R-CaMP-m-CA3,20.0,0.9915790301815548,0.9923132117364392,0.9472779909534623,0.015049384220508139
87.83401116702426,439.2433852817461,0.13442954484734249,0.9978529546686287,1.0,137.66253027069644,688.4275808327534,0.08708224264677146,0.9969686179214744,0.9999999999999982,0.08708224264677146,0.9969686179214744,0.9999999999999982,0.6477809026719097,0.9990384495662473,1.0000000000000024,582,DS18-R-CaMP-m-CA3,20.0,0.9928812973482237,0.9927356110408676,0.9362987146732882,0.06291081138851898
89.15111891572904,445.8300236310045,0.1475114579214533,0.9990853909045726,0.9999999999999969,175.8019082588855,879.1563119642049,0.06854155672267587,0.9834430555128191,0.9999999999999992,0.06854155672267587,0.9834430555128191,0.9999999999999992,0.46476704928489315,0.985523733773075,0.9999999999999986,583,DS18-R-CaMP-m-CA3,20.0,0.8370051477298494,0.6890630694511126,0.9383184680980912,0.1194503801842741
90.82078696865396,454.17975784124013,0.13579448184215143,0.9980637832262342,1.0000000000000018,85.40723880399148,427.1074974419011,0.1446115091917123,0.9978537996522728,0.9999999999999982,0.1446115091917123,0.9978537996522728,0.9999999999999982,1.0649543925739928,0.9999844500557411,1.0000000000000016,584,DS18-R-CaMP-m-CA3,20.0,0.9599018217931956,0.9620742327882325,0.955841343151281,0.016138744337197558
82.11323773852497,410.6347420719358,0.17236257787923254,0.9976763145116463,0.9999999999999972,43.82095707540881,219.14136991292276,0.31952164173894637,0.9959520117764442,1.0000000000000029,0.31952164173894637,0.9959520117764442,1.0000000000000029,1.8540596375703415,0.9994005833150218,1.0000000000000013,586,DS18-R-CaMP-m-CA3,20.0,0.9933298953300739,0.993160823318446,0.9407777443199975,0.005235552258111029
83.852940736498,419.33470947706064,0.16447406026540407,0.9978151606440793,1.0000000000000033,45.01702215534415,225.1226938641773,0.304813949268341,0.9963785036514757,1.000000000000001,0.304813949268341,0.9963785036514757,1.000000000000001,1.8534610434495988,0.9995124831483777,1.0,587,DS18-R-CaMP-m-CA3,20.0,0.9926096777123222,0.993384671771684,0.824747558741712,0.010093603953373007
100.0729776712304,500.44843567429444,0.13371483669366738,0.9962600627172806,1.0000000000000004,44.7967114808866,224.02095656245672,0.2953738018095352,0.9942896242349542,0.9999999999999997,0.2953738018095352,0.9942896242349542,0.9999999999999997,2.209351864294655,0.9990991836449898,1.0000000000000027,589,DS18-R-CaMP-m-CA3,20.0,0.9931993555369926,0.9937558325613421,0.9641628911677723,0.004184720777938935
96.92690878943415,484.7157358627254,0.13763540487606532,0.9981515813101771,1.0000000000000018,45.53994066638378,227.7378503755328,0.2893139126740548,0.9972472543769048,0.9999999999999999,0.2893139126740548,0.9972472543769048,0.9999999999999999,2.1020343299320294,0.9990611065280565,1.0000000000000009,590,DS18-R-CaMP-m-CA3,20.0,0.9952014035640935,0.9950725141620875,0.9384315261029315,0.00573168906891875
114.9204773236357,574.698329578041,0.10834270285248641,0.9839687158824884,1.000000000000003,95.84466946345877,479.30336457348295,0.12971023159531372,0.9875542628979519,1.0000000000000024,0.12971023159531372,0.9875542628979519,1.0000000000000024,1.1964438758034823,0.999320811007359,0.9999999999999991,594,DS18-R-CaMP-m-CA3,20.0,0.9943207305752051,0.9949733456857413,0.9623755052545243,0.01941794013524827
880.2521820546548,4402.486546839767,0.012736386101573722,0.9656529657242385,1.0000000000000007,1999.3408611686589,9999.48812770513,0.0024785205136905923,0.3899651847686907,0.9999999999999974,0.0024785205136905923,0.3899651847686907,0.9999999999999974,0.2145300139101539,0.48563130897181517,0.9999999999999969,595,DS19-R-CaMP-m-S1,15.0,-0.8898344975440651,-3.2151667054863653,0.9353974517530494,159.317355044563
753.1513397351863,3765.8499876893484,0.06551110425843547,0.9627731939183947,1.0000000000000009,75.01519129450446,375.08524822149485,0.6575050685243428,0.9609326616246439,0.999999999999999,0.6575050685243428,0.9609326616246439,0.999999999999999,10.036556170813272,0.9977013979956743,0.9999999999999967,698,DS20-jRCaMP1a-m-V1,14.847790222917691,0.9958505000845465,0.9990786417439274,0.7161706218399158,0.01118961777034645
799.238521291271,3996.271304861886,0.04905860267871461,0.9944736453097074,1.0000000000000018,1999.960614065134,9999.999999912094,0.01930924267681465,0.9911181851892126,0.9999999999999949,0.01930924267681465,0.9911181851892126,0.9999999999999949,0.393535236849243,0.9954367317267032,0.9999999999999856,699,DS20-jRCaMP1a-m-V1,14.847865642757853,0.9813199010669935,0.9536914052523031,0.8756041474672026,73.01479614219436
532.0243158230845,2660.203991231125,0.1453379337403422,0.9822254138706308,1.0000000000000007,42.57815893027201,212.8973901321601,1.793263727219321,0.982351458658467,0.9999999999999997,1.793263727219321,0.982351458658467,0.9999999999999997,12.337696025820994,0.9991594823594595,0.9999999999999964,700,DS20-jRCaMP1a-m-V1,15.017293826699992,0.9989782075769134,0.9989875914900982,0.7016563568330498,0.0040419713039586145
648.1227523847779,3240.6900707141463,0.08696861771471204,0.926455786263114,1.000000000000002,9.71147974129468,48.55854211837791,5.671623850840822,0.9420006671384287,0.9999999999999942,5.671623850840822,0.9420006671384287,0.9999999999999942,65.10939711923784,0.9985888112783033,0.9999999999999937,702,DS20-jRCaMP1a-m-V1,15.016935514090266,0.9911984638752472,0.9946082481999109,0.5767541419174166,0.0009273807371401054
891.0852009181534,4455.547170563194,0.027792988770275272,0.9750586712808488,1.000000000000002,96.34004898894923,481.71334485450507,0.2590747299765388,0.9746536533129424,1.0000000000000062,0.2590747299765388,0.9746536533129424,1.0000000000000062,9.320591840081386,0.9990488563601025,1.0000000000000036,707,DS20-jRCaMP1a-m-V1,14.847522198608583,0.9714418018702475,0.9951884110231667,0.6900348401088066,0.02098545334893523
1580.0229540318408,7900.319132439121,0.04049692943903513,0.980075652580802,0.9999999999999852,61.84167759320668,309.21638665123896,1.0464571786464643,0.977073515469633,0.9999999999999897,1.0464571786464643,0.977073515469633,0.9999999999999897,25.8320481549538,0.9950117803635563,1.0000000000000056,710,DS20-jRCaMP1a-m-V1,14.9047380765026,0.9648867115997809,0.9979226311917916,0.8614769751994397,0.004800942570904945
1905.9415638954754,9529.879109943033,0.0065854849918066324,0.9831231506072433,0.9999999999999851,93.6963856436858,468.4903488845351,0.1629985111857801,0.9122646006129789,0.9999999999999978,0.1629985111857801,0.9122646006129789,0.9999999999999978,24.760528081720555,0.9402190453681277,1.0000000000000024,711,DS20-jRCaMP1a-m-V1,14.904389808560802,0.21677127796652385,0.961344977120239,0.7695048188407163,0.01604560154287984
186.80634013329225,934.0590060432417,0.19231462777346017,0.9902338154356162,0.9999999999999845,22.994703891379597,114.97688057972314,1.5672239553529452,0.990352134057461,0.9999999999999944,1.5672239553529452,0.990352134057461,0.9999999999999944,8.149087940508505,0.9999549247149937,0.9999999999999944,712,DS21-jGECO1a-m-V1,29.693954902866675,0.9449700433065555,0.9504423013876159,0.6449660700205897,0.0019558768352341224
291.54774553393344,1457.778190617093,0.14417569342529427,0.6822982325327147,0.9999999999999898,8.586353735947984,42.93293090044391,4.9234400701428935,0.6671807114860222,0.9999999999999981,4.9234400701428935,0.6671807114860222,0.9999999999999981,34.19215553466234,0.9997863460203458,0.9999999999999926,713,DS21-jGECO1a-m-V1,29.69723454364749,0.8932081769477622,0.9017368925240727,0.1969963098533869,0.0018297184164438323
205.24260238277012,1026.2510370274529,0.11737589448876966,0.9911472420772054,1.000000000000002,49.56605792040524,247.83947266130025,0.4845314738760667,0.9917365115896632,0.9999999999999998,0.4845314738760667,0.9917365115896632,0.9999999999999998,4.127580663572244,0.9997438743816639,0.999999999999999,715,DS21-jGECO1a-m-V1,29.583314562758446,0.9912576127706269,0.9919737061348834,0.8388132232151988,0.004583015136320434
,,-0.0,1.0,-0.0,68.31051976799294,341.58054786391335,0.4265214889043381,0.7955393521803119,1.0000000000000069,0.4265214889043381,0.7955393521803119,1.0000000000000069,0.0,1.0,0.0,716,DS21-jGECO1a-m-V1,29.583431823554015,,0.9927592922361489,0.855656534092091,0.010278394918068609
,,0.0,1.0,0.0,124.36033737780916,621.8343879847816,0.0,1.0,0.0,0.0,1.0,0.0,0.0,1.0,0.0,717,DS21-jGECO1a-m-V1,29.58338875707491,,0.9945052970039524,0.9047589485908936,0.035254550766383744
80.01608530198317,400.1041069139707,0.2549067369872275,0.9984818572419185,0.9999999999999986,1999.8816213827588,9999.999962972206,0.011238635617511494,0.9113477449510916,0.999999999999996,0.011238635617511494,0.9113477449510916,0.999999999999996,0.04404007171953245,0.9059264555492912,1.000000000000007,718,DS21-jGECO1a-m-V1,29.582938762626263,0.9926079051095544,0.9846338149639869,0.8895588632856594,121.76531568630114
85591.75439204625,427976.2401365141,0.0019858365834028047,0.005852038923171099,0.9999999999999906,61.82421917406245,309.13371339832946,0.7743583076655266,0.486265452819053,0.9999999999999948,0.7743583076655266,0.486265452819053,0.9999999999999948,138.803511709784,-1.8418039183514865,1.0000000000000044,719,DS21-jGECO1a-m-V1,29.581968190193887,0.9362502733687829,0.9907373561126436,0.8728014761203688,0.006042970861992773
82.48196389720071,412.4314124423677,0.23203054590214145,0.9964072664927414,0.9999999999999977,153.54902383948638,767.7853168020338,0.12468649719979506,0.9964445308540514,1.0000000000000009,0.12468649719979506,0.9964445308540514,1.0000000000000009,0.5373600800216088,0.9998760615696002,1.0000000000000038,720,DS21-jGECO1a-m-V1,29.584519230696273,0.9944654619440934,0.9937089775487666,0.8688592305931387,0.06232602333679221
169194.14566799442,846082.8893684039,0.0,1.0,0.0,62.10880875414554,310.5852165183842,0.0,1.0,0.0,0.0,1.0,0.0,34.61649756759673,-1.9403400135144935,1.000000000000002,721,DS21-jGECO1a-m-V1,29.58198422657364,0.9244096603375422,0.9896066402062282,0.8751616176831529,0.01111972858965927
179.83034874570248,899.1665118201597,0.5189395980763714,0.9626372811714954,1.000000000000013,493.56021774986004,2467.841621076463,0.18937760658972866,0.9632119567073562,0.9999999999999831,0.18937760658972866,0.9632119567073562,0.9999999999999831,0.3648505979012861,0.9987051995288029,0.9999999999999887,722,DS21-jGECO1a-m-V1,30.029696519868203,0.9951964868540519,0.9948278083677025,0.8749856870495892,1.1216054824900779
142.82310140456497,714.135949260621,0.5317876862173243,0.9337486838479734,1.0000000000000022,97.99067325081063,489.9673916366748,0.7745753446088419,0.9337501898485301,0.9999999999999961,0.7745753446088419,0.9337501898485301,0.9999999999999961,1.456568669616492,0.9999916250349199,1.0000000000000115,723,DS21-jGECO1a-m-V1,30.02979986025303,0.9791323848228802,0.9791030072977979,0.6801576716345894,0.022394927999111088
167.73438721722073,838.6930186445612,0.7098876075580638,0.9727294987050098,0.9999999999999931,176.92270506987944,884.6357627888036,0.6731095950095974,0.9726737885922394,0.9999999999999873,0.6731095950095974,0.9726737885922394,0.9999999999999873,0.9481985638616586,0.9999996684721528,0.9999999999999928,727,DS21-jGECO1a-m-V1,29.581934262471115,0.982297348727844,0.9822976561650368,0.801069706661151,0.07571301470545451
296.6472324849648,1483.2739468611808,0.04028214284353034,0.9064421800376359,1.000000000000002,57.24592175134846,286.2369002621071,0.20927768013895415,0.9059043086130405,1.0000000000000062,0.20927768013895415,0.9059043086130405,1.0000000000000062,5.19551431005269,0.9999117977341088,0.9999999999999934,730,DS21-jGECO1a-m-V1,29.80888649884361,0.9761198169022928,0.9825104961580852,0.7643299248897173,0.005735070014692559
151.9712091665723,759.8789914334191,0.2970591706553406,0.9812895771126543,1.0000000000000016,30.20334911332905,151.02130586453364,1.4941081296412322,0.9804275943378861,1.0000000000000007,1.4941081296412322,0.9804275943378861,1.0000000000000007,5.030089936865737,0.9998750463334093,1.0000000000000029,731,DS21-jGECO1a-m-V1,30.03680047838588,0.9926004132187972,0.9928197908055401,0.5315109577247457,0.0035678332773477254
51577.853371509336,257900.44463860188,0.001274492447106131,0.030831383076656338,1.0000000000000195,33.81970011733764,169.10582987975786,1.1287736592411168,0.970931300684863,1.0000000000000038,1.1287736592411168,0.970931300684863,1.0000000000000038,281.52024241936857,-1.7508484891027245,0.9999999999999981,732,DS21-jGECO1a-m-V1,30.036399130195942,0.8380768785675015,0.9731226461474435,0.771799754712183,0.0030557186656316455
143.64149278233043,718.2217343479863,0.25472607044764933,0.9918771880147919,1.0000000000000115,44.780499425642674,223.90694596297334,0.8157869282845915,0.9914719782841219,1.000000000000005,0.8157869282845915,0.9914719782841219,1.000000000000005,3.2027735857123636,0.9999633991299833,1.0000000000000138,733,DS21-jGECO1a-m-V1,30.035230928496652,0.9856553124111112,0.9855208567899689,0.7547761595398574,0.0038330778846052114
210.0345855952128,1050.199707205009,0.09915877118015971,0.502392548505527,0.9999999999999872,40.54441588040378,202.72724878015833,0.5110591940625836,0.5088300602792029,0.9999999999999949,0.5110591940625836,0.5088300602792029,0.9999999999999949,5.151931261655408,0.9998988961683746,0.9999999999999837,734,DS21-jGECO1a-m-V1,30.032712472680295,0.997813747699992,0.9977665612754828,0.7532274410747783,0.003284418837501604
170.5570799155885,852.8000744827425,0.41188225544515417,0.992395937644418,1.0000000000000129,61.919690371462885,309.6037794905144,1.1325751358887608,0.9920759374978152,0.9999999999999937,1.1325751358887608,0.9920759374978152,0.9999999999999937,2.7498279068714173,0.9998707493589452,1.000000000000006,735,DS21-jGECO1a-m-V1,30.03249165807575,0.9972009735501315,0.9971924617114339,0.8777104985113963,0.004485426298764234
205.00908204123624,1025.067058303169,0.2354050332759683,0.9856747122076481,0.9999999999999954,40.54579771005034,202.73327001599228,1.1868802561285594,0.9851516419125763,0.9999999999999865,1.1868802561285594,0.9851516419125763,0.9999999999999865,5.042134994301488,0.9997900930102323,0.9999999999999906,736,DS21-jGECO1a-m-V1,30.032374204821792,0.9969715649315629,0.9969267087909572,0.7647138285648252,0.003208072909197577
151.46178116546125,757.3303489334875,0.35645104621926127,0.9863369970152287,1.0,83.83836659798504,419.2037023538214,0.6432119510257636,0.9861719796209657,1.0000000000000044,0.6432119510257636,0.9861719796209657,1.0000000000000044,1.804525976039762,0.9999675000137791,0.9999999999999992,737,DS21-jGECO1a-m-V1,30.031688296167072,0.9956453594015825,0.9956287217759326,0.8506482953460441,0.009564424296865957
199.26424740012033,996.3396267872378,0.18382791609427876,0.9846271310636455,1.0000000000000082,31.209423289590006,156.04999671695373,1.1707307223308636,0.9861189903835685,0.9999999999999997,1.1707307223308636,0.9861189903835685,0.9999999999999997,6.367879687628648,0.9998027116913256,0.999999999999999,738,DS21-jGECO1a-m-V1,30.02916573728187,0.9961739494907514,0.9960775821639415,0.43053001568248483,0.004580079161086675
5966.986933577058,29835.940667638093,0.0006438435255887351,0.876298594149723,1.000000000000002,8.703572697161526,43.519330858215056,0.3379327269124901,0.9788326717316272,0.9999999999999961,0.3379327269124901,0.9788326717316272,0.9999999999999961,510.1875614594552,0.8707082978768952,0.9999999999999944,739,DS22-OGB1-m-SST-V1,15.624789264279451,0.9949784892106016,0.9934408550588901,0.7586455646008321,0.0008145959580704623
744.8888948778684,3724.572570061995,0.0020771744260392106,-1.5305125612372321,1.0000000000000047,7.2957040824521915,36.47977502637636,0.21937799014950862,-3.0903960240381396,0.999999999999997,0.21937799014950862,-3.0903960240381396,0.999999999999997,108.96554339496664,0.7182582845963116,1.0,740,DS22-OGB1-m-SST-V1,15.624778727642642,0.9851142117695945,0.9915451952661022,0.14078072987180001,0.0031072823821513317
1192.0786118307917,5960.594036766642,0.0044356930267240606,0.6467215011675176,1.000000000000004,11.191941651982996,55.961595157047576,0.45566741493465246,0.7388211080790104,0.9999999999999933,0.45566741493465246,0.7388211080790104,0.9999999999999933,101.42475945337084,0.9859312095658235,0.9999999999999936,752,DS22-OGB1-m-SST-V1,15.624789264279451,0.9953220183019572,0.9946130030528573,0.8059810048576683,0.0008973406571889117
1112.4772090822867,5562.5773538298945,0.006494699576821324,0.6364126920750932,0.9999999999999861,9.012662229814135,45.06486102186198,0.7607019374214137,0.7415284455772274,1.0000000000000069,0.7607019374214137,0.7415284455772274,1.0000000000000069,115.78501964988367,0.9713036641561049,1.0000000000000095,753,DS22-OGB1-m-SST-V1,15.624778727642642,0.9953466321819061,0.9933276014205712,0.768376445206385,0.0008217458723185793
313.7005277231617,1568.555526724473,0.004514313022389828,0.9987568424211412,1.000000000000007,21.76596290054912,108.833484119177,0.06482713499595222,0.9987328382685502,0.9999999999999996,0.06482713499595222,0.9987328382685502,0.9999999999999996,14.35994799942376,0.9997789497899771,0.9999999999999937,759,DS23-OGB1-m-PV-V1,15.624789264279451,0.9816126872255627,0.9962679391181745,0.8514031687912903,0.0015337480543660825
236.5255195236387,1182.6674744633785,0.014255830538172523,0.9953379704063902,0.9999999999999911,27.969468870768242,139.8520598457776,0.1218663456211262,0.9961124101193117,0.9999999999999976,0.1218663456211262,0.9961124101193117,0.9999999999999976,8.547386162323523,0.9997262436275313,0.9999999999999962,760,DS23-OGB1-m-PV-V1,15.624789264279451,0.9529731278517851,0.9921082012014322,0.8250630928843465,0.002295966442325822
301.3927406637602,1507.0155326669274,0.004862574904741851,0.9877486302549136,0.999999999999995,7.470657115727939,37.35457027875401,0.19648873870416822,0.9893095196329557,0.999999999999999,0.19648873870416822,0.9893095196329557,0.999999999999999,40.400273947617414,0.9997050538542569,0.999999999999998,761,DS23-OGB1-m-PV-V1,15.624778727642642,0.9755727135714305,0.9877949578410027,0.7147620317877204,0.0008019206462037971
312.0053371517007,1560.0792880677664,0.007745183482263733,0.9900916947356881,0.9999999999999882,17.997385053925527,89.98995952546176,0.1330250601261677,0.9900780229494043,1.0000000000000084,0.1330250601261677,0.9900780229494043,1.0000000000000084,17.17364208129982,0.9991035685169424,1.0000000000000038,762,DS23-OGB1-m-PV-V1,15.624789264279451,0.9958109787359058,0.9966669706443645,0.8241930163954895,0.0013735821618476108
168.1575079918135,840.8158903498685,0.02822594438736962,0.9984690276165846,0.9999999999999971,29.176303075832763,145.88643433642125,0.1619861345531773,0.9983212840510145,0.9999999999999988,0.1619861345531773,0.9983212840510145,0.9999999999999988,5.738974203982266,0.9999251407523863,0.9999999999999948,763,DS23-OGB1-m-PV-V1,15.624789264279451,0.9956749811942894,0.9971570596632917,0.8725745773594215,0.0020210310420348335
834.2563036520065,4171.422169085078,0.003201271213247089,0.9658243232993394,1.0000000000000004,8.944974627377555,44.72638120827524,0.2931883416981057,0.9645991039230765,1.0000000000000047,0.2931883416981057,0.9645991039230765,1.0000000000000047,91.55160545867155,0.9970950849721856,1.000000000000005,764,DS23-OGB1-m-PV-V1,15.624789264279451,0.9776686168524704,0.9955068154106378,0.7796286590854117,0.000787426896091163
347.1019924997282,1735.5696522906546,0.007383825621132637,0.9980261250700212,1.0000000000000024,14.193463824479068,70.96975991767148,0.17958381199386764,0.996299895776769,0.9999999999999987,0.17958381199386764,0.996299895776769,0.9999999999999987,24.325910668319786,0.9993009735021426,1.0000000000000078,765,DS23-OGB1-m-PV-V1,15.624778727642642,0.9868793114530112,0.9969309814997362,0.7508874745979571,0.0013181836676025814
188895.48981586608,944711.507157533,0.005241427359437507,0.8276497352659103,1.0000000000000002,1999.2893999495104,9998.924294653742,0.007714077114159047,0.8686364869447234,0.9999999999999993,0.007714077114159047,0.8686364869447234,0.9999999999999993,1.424355025696633,0.9766608538541488,0.9999999999999994,766,DS24-GCaMP6f-m-PV-V1,26.589010066255327,0.9975760192986672,0.9993990448134904,0.979873616424375,84.75534100033748
346.41307384420645,1732.078328405326,0.04477155838101638,0.9511425101351231,0.9999999999999873,217.70677114770953,1088.5420000679114,0.07213098248099581,0.95410992694008,0.9999999999999865,0.07213098248099581,0.95410992694008,0.9999999999999865,1.610199724306651,0.9998057944979927,0.9999999999999967,767,DS24-GCaMP6f-m-PV-V1,26.590321205574487,0.9501792893575253,0.9685897390753805,0.8336485141137628,0.07890554563632829
380.2145754046174,1901.0952969543387,0.023201163762914187,0.9773354625258811,0.9999999999999981,1999.976253907482,9999.99920118185,0.0044739241205174925,0.9677243388911156,0.9999999999999976,0.0044739241205174925,0.9677243388911156,0.9999999999999976,0.19283494216153974,0.9921585973653259,1.0000000000000087,768,DS24-GCaMP6f-m-PV-V1,26.588971270336735,0.9998689177350072,0.9998666007016171,0.6884921179908696,95.84466437644748
566.6994239592356,2833.5406551939627,0.014048286975760075,0.9865991629999298,1.000000000000003,1999.9688422641339,9999.997854390389,0.0040909629929834455,0.9786212665345979,1.000000000000003,0.0040909629929834455,0.9786212665345979,1.000000000000003,0.2911210561075023,0.9903203195816244,1.0000000000000107,769,DS24-GCaMP6f-m-PV-V1,26.588965508665538,0.999967793492528,0.9999664678103768,0.6343872866267208,122.51533895742561
508.6431389411675,2543.286870747941,0.010636389689633366,0.9350917275139561,0.9999999999999992,1999.8660066773532,9999.60988095807,0.002860681506633065,0.8731902080575598,1.0000000000000027,0.002860681506633065,0.8731902080575598,1.0000000000000027,0.2707633991465312,0.9702491274949219,1.0000000000000002,770,DS24-GCaMP6f-m-PV-V1,26.58896549655164,0.9994746750856969,0.998121125412814,0.7845709382662751,115.41886926510908
615.4730516070182,3077.5199096674746,0.011049720009398814,0.9293822877364631,1.0000000000000016,1999.8244574272564,9999.624788612204,0.0031912062513664904,0.7599406341590349,0.9999999999999946,0.0031912062513664904,0.7599406341590349,0.9999999999999946,0.3000366257950409,0.8833112162344973,1.0000000000000029,771,DS24-GCaMP6f-m-PV-V1,26.588965425129636,0.9807990847285436,0.9386023399173702,0.7579302514406028,172.76938979810268
284.60791118811994,1423.2628229025152,0.007043584178788853,0.7697252141303441,1.0000000000000002,19.68477701630535,98.4393272396244,0.11206634581266658,0.5897439601027101,0.9999999999999982,0.11206634581266658,0.5897439601027101,0.9999999999999982,16.121741278129434,0.9619464104112752,0.9999999999999983,772,DS24-GCaMP6f-m-PV-V1,26.588965594638545,0.6782453752978767,0.9500232237812494,0.5939025834713818,0.00466656801730478
808.1592100851509,4040.845608972612,0.009037318746841522,0.984010565471914,1.0000000000000198,1999.9748259422934,9999.996773671824,0.0034826213879765437,0.9680108465818111,1.0,0.0034826213879765437,0.9680108465818111,1.0,0.386136216532877,0.9940422863138454,0.9999999999999775,773,DS24-GCaMP6f-m-PV-V1,26.588965478277213,0.9828516904942055,0.9574169263608105,0.5308687409551107,124.9156871330351
472.7334372145848,2363.7934401891666,0.009344524438169115,0.9694942611918773,0.9999999999999986,1999.8930939553393,9999.999586289896,0.0024014192616113633,0.9193958431111205,0.9999999999999952,0.0024014192616113633,0.9193958431111205,0.9999999999999952,0.25647162480148294,0.9366399395949421,1.0000000000000016,774,DS24-GCaMP6f-m-PV-V1,26.588965486040646,0.9993669601506179,0.9978399090415441,0.7370039215106787,176.4124372911897
384.3143286177739,1921.6182894439958,0.016616985939005603,0.8807118554140513,0.9999999999999861,28.944665302608733,144.72683968712064,0.22239125806195714,0.8635545102927147,1.0000000000000087,0.22239125806195714,0.8635545102927147,1.0000000000000087,13.409224369371044,0.9978400015093187,0.9999999999999897,779,DS24-GCaMP6f-m-PV-V1,26.59161774854795,0.9978233781366771,0.9996704418798215,0.5803842546676411,0.0027515392375564588
,,-0.0,1.0,-0.0,3.8746359142836067,19.373313090505864,0.7771691384015753,0.9241745647980312,0.999999999999996,0.7771691384015753,0.9241745647980312,0.999999999999996,0.0,1.0,0.0,780,DS24-GCaMP6f-m-PV-V1,26.589008467300904,,0.9384992909281076,0.6745465188125839,0.00022350171813534394
572.5676288101502,2862.880796297184,0.009009467430091558,0.9635127616354371,1.000000000000004,4.472603975360744,22.363353054226536,1.1527807874063802,0.9623374711312879,0.9999999999999941,1.1527807874063802,0.9623374711312879,0.9999999999999941,127.96405691627956,0.9992678904126765,1.0000000000000044,781,DS24-GCaMP6f-m-PV-V1,26.589008477623956,0.9918425898594507,0.9897399478049302,0.6165063922911144,0.0003365701883537278
984.6909697884385,4923.5981012089105,0.005900315202682114,0.9732339181919989,1.0000000000000067,4.353479645149284,21.76803156742053,1.281671211711146,0.9794303695236768,1.0000000000000042,1.281671211711146,0.9794303695236768,1.0000000000000042,216.4396702076602,0.9897465968608241,1.0000000000000067,782,DS24-GCaMP6f-m-PV-V1,26.589008475890054,0.9988247020767536,0.9991022045654698,0.6631519371541359,0.00038508003743548174
860.0183375930205,4300.248104123832,0.005009588549749023,0.9800152667241407,0.9999999999999971,4.281570581469128,21.408631619606073,0.984915357151551,0.9775477171597738,0.9999999999999976,0.984915357151551,0.9775477171597738,0.9999999999999976,196.5912854429295,0.9964066647222434,1.0000000000000049,784,DS24-GCaMP6f-m-PV-V1,26.588967928980388,0.9950132174245762,0.9949023928600698,0.6651445930014974,0.0004661168664548494
910.2072405221979,4551.156029633791,0.006791452102155234,0.9856971373955828,0.9999999999999926,4.173087261778319,20.865985687758528,1.4487130252706806,0.9858395033118426,1.0000000000000147,1.4487130252706806,0.9858395033118426,1.0000000000000147,213.23077191548552,0.99614201128995,1.000000000000013,785,DS24-GCaMP6f-m-PV-V1,26.588967865765333,0.9469097626006592,0.9251136667249927,0.6499437971374922,0.00044189766207988296
397.37271131827526,1986.8879879222523,0.014532291563594797,0.9618987493711508,0.9999999999999958,67.1244892269237,335.626573092911,0.08587211522211595,0.9639029933295615,1.0000000000000036,0.08587211522211595,0.9639029933295615,1.0000000000000036,5.907700930038071,0.999877271169455,0.9999999999999986,786,DS24-GCaMP6f-m-PV-V1,26.58896707697472,0.9998797305025934,0.9998788218395325,0.38463883918247566,0.011255668239647467
341.5401909612342,1707.9581179108977,0.0230804346455877,0.8640432188090625,1.0000000000000027,106.94004516455229,534.7807464606306,0.07295001709017541,0.8347920848184417,0.9999999999999969,0.07295001709017541,0.8347920848184417,0.9999999999999969,3.1644101705711156,0.9754625617605492,1.0000000000000016,787,DS24-GCaMP6f-m-PV-V1,26.588967073674336,0.9976076623532527,0.9992125950824116,0.7998992876671627,0.05093083817644604
374.38052111979016,1871.9332346228632,0.015528876138618699,0.19153821802271853,0.9999999999999826,122.99079581802843,614.9640412803834,0.05109096916339297,-0.06992674445030378,1.0000000000000022,0.05109096916339297,-0.06992674445030378,1.0000000000000022,3.304236707500147,0.9913566144945092,0.9999999999999915,788,DS24-GCaMP6f-m-PV-V1,26.588967066266843,0.9147742416758662,0.9700671534083454,0.9355183871729035,0.014273203299086172
333.9365405040891,1669.7532093184434,0.01936342962972059,0.9681838235381777,1.0000000000000082,1999.9151713743852,9999.99811558847,0.003457150850088946,0.7583696599423944,1.0000000000000044,0.003457150850088946,0.7583696599423944,1.0000000000000044,0.17819908639425386,0.7612209759176435,0.9999999999999971,789,DS24-GCaMP6f-m-PV-V1,26.595076622142425,0.9999533053448969,0.9999526365374194,0.7545026146376862,153.84309984891016
,,-0.0,1.0,-0.0,1999.1163998477004,9999.99999999118,0.013895821792442396,0.9630011685394259,1.0000000000000009,0.013895821792442396,0.9630011685394259,1.0000000000000009,0.0,1.0,0.0,790,DS24-GCaMP6f-m-PV-V1,26.58896228434022,,0.9995297940712834,0.8146097716658193,433.0168904245176
250.06679817733593,1250.3502882613182,0.031064809280393808,0.9940730447259818,0.9999999999999972,1999.9739313071739,9999.999999007016,0.0038965834711401364,0.9486392353157019,0.9999999999999878,0.0038965834711401364,0.9486392353157019,0.9999999999999878,0.12543404663903543,0.9553224739023064,0.999999999999995,791,DS24-GCaMP6f-m-PV-V1,26.58896171807267,0.9998198841153267,0.9993235850789848,0.7891794300068045,85.42239469544948
614.2435349926037,3071.370788781939,0.022473043340512706,0.9962065968036515,0.9999999999999954,156.72340459625468,783.6560897644383,0.090241078752067,0.9971988233911366,0.9999999999999966,0.090241078752067,0.9971988233911366,0.9999999999999966,4.012551387256753,0.993637323563152,0.9999999999999968,792,DS24-GCaMP6f-m-PV-V1,26.588961700065187,0.9758341949605382,0.9938114551363461,0.78131531427962,0.09623648393286051
406.28337810318067,2031.568802963376,0.02599834679214574,0.9415495194484141,0.9999999999999953,1999.0431069408767,9995.962992137656,0.005368226660053077,0.47314741388563153,1.0000000000000087,0.005368226660053077,0.47314741388563153,1.0000000000000087,0.2071985108417923,0.6579330923392809,1.0000000000000033,793,DS24-GCaMP6f-m-PV-V1,26.58896170006521,0.9986725186323715,0.9963793788984359,0.8332461005870725,149.1502496794634
504.8671475020971,2524.7438120691286,0.01535518549040994,0.9307288847041956,1.0000000000000018,64.10541311891969,320.5788807865644,0.11463718943175001,0.9234618336447653,1.0000000000000004,0.11463718943175001,0.9234618336447653,1.0000000000000004,7.455174899905847,0.9851274353743117,1.0000000000000002,794,DS24-GCaMP6f-m-PV-V1,26.58896165571304,0.9974895784479776,0.9994732982258092,0.75686772958836,0.016631180193730576
291.05929989088827,1455.4938232739632,0.02495365217214031,0.9349490717343096,1.0000000000000004,1997.651085191557,9989.60973465828,0.004485421178693052,0.8805492062027863,1.0000000000000007,0.004485421178693052,0.8805492062027863,1.0000000000000007,0.17774891992950975,0.8934185080868221,1.0000000000000027,795,DS24-GCaMP6f-m-PV-V1,26.588961663128256,0.9997944266164601,0.9993775008556963,0.8309616720600703,181.04540535810267
1691.695195845688,8459.948280085855,0.005845224718388388,0.8189134444872708,0.9999999999999971,1999.651750203966,9999.99906983943,0.005138423571071838,0.7917673569870973,1.0000000000000029,0.005138423571071838,0.7917673569870973,1.0000000000000029,0.8861532949381578,0.9973022068323468,1.0000000000000049,796,DS24-GCaMP6f-m-PV-V1,26.588961763413963,0.9638827011942005,0.9576633164220498,0.6058864111437627,415.13446677387117
228.40460944737387,1142.0775185822881,0.03085284771005918,0.9944297303137253,1.000000000000001,1998.6094547520372,9993.523914517264,0.0036912900384240502,0.9521373139883352,1.0000000000000022,0.0036912900384240502,0.9521373139883352,1.0000000000000022,0.11954357904336188,0.9522111970123653,1.0000000000000053,797,DS24-GCaMP6f-m-PV-V1,26.588961700065195,0.9994392920362405,0.9963682987912456,0.7246150242487932,166.08762387228919
333.84915164980123,1669.7651973707013,0.029963076879707028,0.9921393863396997,0.9999999999999998,1998.4697089269962,9995.457982970258,0.0052233441776672945,0.6375258355139692,1.0000000000000007,0.0052233441776672945,0.6375258355139692,1.0000000000000007,0.17500732399519806,0.6720527250633535,0.9999999999999989,798,DS24-GCaMP6f-m-PV-V1,26.58896212595214,0.9271472646864151,0.6720454091346653,0.9398503866577771,179.0942336732986
1058.3008963561272,5291.546509063158,0.008171249279893125,0.893784756403239,1.0000000000000033,5.990105339306887,29.95076457580894,1.4385313631917085,0.9058774018648342,1.000000000000002,1.4385313631917085,0.9058774018648342,1.000000000000002,175.93848981755653,0.9989545224972843,1.0000000000000189,799,DS24-GCaMP6f-m-PV-V1,26.589980605675265,0.9996004809411112,0.9995021753380536,0.42624091151589893,0.0004411585502503248
307.79901724483193,1539.0055733864658,0.024465818105362386,0.9839013502121194,1.0000000000000333,1999.986370440991,9999.999994663189,0.0038035603854037294,0.9805702223650746,1.0000000000000255,0.0038035603854037294,0.9805702223650746,1.0000000000000255,0.15547796649149462,0.9977513147725624,0.999999999999992,800,DS24-GCaMP6f-m-PV-V1,26.58972629575523,0.999903261241293,0.9998982879466208,0.6386577628120664,72.13881338102406
,,-0.0,1.0,-0.0,1998.9943830580698,9999.306036842436,0.006477229531915544,0.9708901408781077,1.000000000000001,0.006477229531915544,0.9708901408781077,1.000000000000001,0.0,1.0,0.0,801,DS24-GCaMP6f-m-PV-V1,26.588966499370052,,0.9999165461178999,0.9470936582517732,202.48189483050112
393.3950234675071,1967.0018432578333,0.010683907455603265,0.9745832876969387,0.9999999999999987,1999.9687895843228,9999.979819001013,0.002094995964921547,0.965235362929129,1.0000000000000133,0.002094995964921547,0.965235362929129,1.0000000000000133,0.1960644248861203,0.9890672142922696,1.0000000000000173,802,DS24-GCaMP6f-m-PV-V1,26.588966361874114,0.9987797731721567,0.9944364234458188,0.6502043784837963,117.05817551839888
316.16734049306274,1580.8526599698037,0.00897584249781894,0.9373397387386169,0.9999999999999853,1999.979810200814,9999.999993393474,0.0013778837722379688,0.9350570236117477,1.0000000000000024,0.0013778837722379688,0.9350570236117477,1.0000000000000024,0.15347589401735964,0.9934981348216073,1.000000000000005,803,DS24-GCaMP6f-m-PV-V1,26.59029374421638,0.9976849182307295,0.9867138476704829,0.590979953999685,105.30656557086719
310.00860949404904,1550.107702945021,0.007113901524689125,0.9271312969213479,0.999999999999995,1999.9165792727094,9999.999999476122,0.001192952552699685,0.9615286208792143,1.0000000000000047,0.001192952552699685,0.9615286208792143,1.0000000000000047,0.1660119019081796,0.9633789869568349,1.0000000000000044,804,DS24-GCaMP6f-m-PV-V1,26.5890068698053,0.9985253363557559,0.9983645342195746,0.7838134963831569,157.72126376060595
415.6131021964333,2078.110217353419,0.012608261107033367,0.977571013400746,0.9999999999999828,1999.956949191067,9999.999875886,0.0021942372475640196,0.9709656089765036,0.9999999999999967,0.0021942372475640196,0.9709656089765036,0.9999999999999967,0.17357405177209198,0.9596152283866363,0.9999999999999929,805,DS24-GCaMP6f-m-PV-V1,26.591868920471505,0.9667506209682591,0.8486489851251197,0.7673386940105669,102.22576870357454
306.93635129015155,1534.7015567729618,0.03319031152003729,0.9963881035728901,0.9999999999999941,1999.9740316831717,9999.999175816569,0.005182731785029504,0.9918860226754168,0.9999999999999843,0.005182731785029504,0.9918860226754168,0.9999999999999843,0.1561453795558129,0.9952992588837853,0.9999999999999909,806,DS24-GCaMP6f-m-PV-V1,26.58896729377178,0.9999661310825194,0.9999658545862353,0.26913225951182873,224.99761550080788
5852.553802698135,29262.991349540815,0.004891971824383452,0.9587545272861306,1.0000000000000138,34.8397728860733,174.20018797864174,0.7990500033701988,0.9717251673549294,0.9999999999999736,0.7990500033701988,0.9717251673549294,0.9999999999999736,162.62624447280317,0.9666903417219098,0.9999999999999656,808,DS25-GCaMP6f-m-SST-V1,26.58896231166259,0.9993696947105188,0.9993538091213622,0.6724986389832703,0.0017652597334120168
2862.9995787702337,14315.117285068822,0.009331379290855821,0.8000025990471514,0.9999999999999916,30.873509763501943,154.3688362874595,1.1637789196171942,0.850226777474238,0.9999999999999863,1.1637789196171942,0.850226777474238,0.9999999999999863,116.49775528436173,0.7589771024651246,0.9999999999999952,809,DS25-GCaMP6f-m-SST-V1,26.589993560540826,0.7727501566768982,0.9972899246774464,0.6256685401240407,0.001716428085641856
1357.6841895111036,6788.43600951568,0.028260006260331007,0.9213818949520864,1.0000000000000067,1999.9952977526307,9999.998676433695,0.019211260486009463,0.9206112365062911,0.9999999999999877,0.019211260486009463,0.9206112365062911,0.9999999999999877,0.679925343369162,0.9999783254944943,0.9999999999999735,810,DS25-GCaMP6f-m-SST-V1,26.588962936405547,0.99957305821084,0.9995416201474507,0.6369553424794026,45.984904743529576
782.3481112089927,3911.8132133306635,0.018111996696959596,0.8191792151529587,0.9999999999999942,1999.9628324845023,9999.999900547045,0.007143291094822172,0.774911118801236,0.9999999999999967,0.007143291094822172,0.774911118801236,0.9999999999999967,0.3948363581544493,0.9894808605069935,0.9999999999999718,811,DS25-GCaMP6f-m-SST-V1,26.59082912581534,0.9999850081813813,0.9999844504409973,0.695960051254753,99.22011735361396
253.7026138928966,1268.7982941328087,0.06144775498085239,0.9963536570977716,0.9999999999999998,1999.5347756136284,9999.921851135621,0.006692078914153749,0.26159142005382785,0.9999999999999962,0.006692078914153749,0.26159142005382785,0.9999999999999962,0.110037670656683,0.2689405340114873,0.9999999999999999,813,DS25-GCaMP6f-m-SST-V1,26.588967690654762,0.9664464087300311,0.7575101444543855,0.7961445042943488,269.63360890268393
244.98049331846482,1225.1018896463731,0.05643791017187119,0.7773169312655791,1.0000000000000024,1998.8625919661479,9995.940106863201,-0.025471511692373668,-12.633953701937887,1.0000000000000047,-0.025471511692373668,-12.633953701937887,1.0000000000000047,-0.5055004476146489,-12.112666209933733,1.0000000000000104,814,DS25-GCaMP6f-m-SST-V1,26.588967770473545,0.6715348944675459,-0.02806415365419035,0.9565033889036532,101.25591738929717
179.10248466693648,895.5299938021698,0.1008682347070206,0.9890703818770928,1.0000000000000018,1999.9600116040153,9999.996259833946,0.008400219468993535,0.9359812403391872,1.0000000000000089,0.008400219468993535,0.9359812403391872,1.0000000000000089,0.0831075769433511,0.9360268201321913,1.0000000000000049,815,DS25-GCaMP6f-m-SST-V1,26.588967804188204,0.9979765511930747,0.9795250499033674,0.7064598970468163,135.8908881111088
250.18345655841492,1250.9957728318375,0.034861553940363624,0.9952238698492861,0.9999999999999986,1999.87319220512,9999.993381113787,0.0053087169905675375,0.8657889564765442,1.0000000000000027,0.0053087169905675375,0.8657889564765442,1.0000000000000027,0.15255895431660194,0.8778448272175701,1.0000000000000029,816,DS25-GCaMP6f-m-SST-V1,26.588967903463164,0.9994673223713734,0.99944764649516,0.881921979758037,124.96950825047075
295.6257699025391,1478.2314427602055,0.035004695008769765,0.9707607977218894,0.9999999999999981,1999.4764572515533,9998.076179699927,0.0022383551680121073,0.5030944166493159,0.9999999999999988,0.0022383551680121073,0.5030944166493159,0.9999999999999988,0.061060691976358876,0.45605809919652873,1.000000000000001,817,DS25-GCaMP6f-m-SST-V1,26.588967842342768,0.9204856568514133,0.5404858692116234,0.8906061263162913,103.02987253783611
291.9669628726598,1460.0631683972479,0.022263767245823612,0.9631470838253624,0.9999999999999978,222.24610664289833,1111.4043569734608,0.030847544318236372,0.9210208788345607,0.9999999999999961,0.030847544318236372,0.9210208788345607,0.9999999999999961,1.3921979085283063,0.9869409833021034,0.9999999999999997,818,DS25-GCaMP6f-m-SST-V1,26.588967688320388,0.7163340060373709,0.7860011974713758,0.6317771737253723,0.516328374784368
295.12302909527784,1475.9095342676662,0.02789689704082773,0.8344211191107789,0.9999999999999948,1999.5998432955828,9999.993841508398,-0.022613605064620297,-4.20203183002121,1.0000000000000002,-0.022613605064620297,-4.20203183002121,1.0000000000000002,-0.8327970741106429,-2.487254851747739,1.0000000000000024,819,DS25-GCaMP6f-m-SST-V1,26.588967767066258,0.5921476586293812,-0.1112120619446324,0.9623511941810203,100.8702653255605
176.84804850102162,884.3460584392504,0.0685899004346444,0.9959103216023539,1.0000000000000047,1999.7604602830775,9999.998845697099,0.005254754589988186,0.6546535083539371,1.0000000000000087,0.005254754589988186,0.6546535083539371,1.0000000000000087,0.0764668110632933,0.6463584574427281,1.0000000000000042,821,DS25-GCaMP6f-m-SST-V1,26.588967858223334,0.9940397798767636,0.9358355628815257,0.8148170103648391,189.58944666127934
207.05173065129847,1035.822821879977,0.06491199476832012,0.9851926437797489,0.9999999999999959,1997.5476837994588,9993.181279694807,0.008716962360974655,0.33978531488058783,0.999999999999996,0.008716962360974655,0.33978531488058783,0.999999999999996,0.13595466831635214,0.3772033077213658,1.0,822,DS25-GCaMP6f-m-SST-V1,26.588968120093668,0.9924432928001746,0.9409047420434214,0.6425089009275665,569.2199207011682
164.7242339136651,823.7114943430672,0.07687007680999257,0.9904263161040845,0.9999999999999981,1999.780688287599,9999.999999824766,0.002267773924309178,0.3994159316365886,0.9999999999999989,0.002267773924309178,0.3994159316365886,0.9999999999999989,0.028934612417287172,0.38157502473673566,1.000000000000003,823,DS25-GCaMP6f-m-SST-V1,26.588967911383197,0.9450170403764613,0.42821384286585584,0.8774149997050202,136.6655290891425
161.03731830377754,805.2213899176551,0.06961688804744942,0.895981568713943,1.0000000000000018,1999.811892796367,9999.491601404628,0.003457777924414071,0.6113721915040919,0.9999999999999911,0.003457777924414071,0.6113721915040919,0.9999999999999911,0.05132078723490585,0.7282099444962143,0.9999999999999958,828,DS25-GCaMP6f-m-SST-V1,26.5889677582494,0.9605088503581393,0.5696508369473607,0.8250638154741874,143.00372037566834
677.8864759878736,3390.150000935224,0.017126340131191308,0.9699184607674994,0.9999999999999984,1999.5766434878349,9999.999999869595,0.007247563934483488,0.8907846735688769,0.9999999999999996,0.007247563934483488,0.8907846735688769,0.9999999999999996,0.42322186954822144,0.9185686153362114,0.999999999999999,830,DS25-GCaMP6f-m-SST-V1,26.588965097536327,0.9914905018179032,0.9874335869487803,0.7999032267646542,265.18173242769274
639.6264999605629,3198.183887012002,0.016193893752807012,0.9312845389849848,0.9999999999999917,6.513708126996169,32.569063942383096,1.61411965840582,0.9258484421012873,0.9999999999999779,1.61411965840582,0.9258484421012873,0.9999999999999779,99.68726146098126,0.9982515099651318,0.9999999999999863,831,DS25-GCaMP6f-m-SST-V1,26.58896511451658,0.965538862491117,0.9853573505230383,0.6177190703433424,0.0005701732184563629
648.0742453528393,3240.4020617640226,0.009264378453722869,0.8445606694692585,0.9999999999999927,879.3488108862471,4396.785893341862,0.0068445598211628765,0.8407590242551395,1.000000000000009,0.0068445598211628765,0.8407590242551395,1.000000000000009,0.739684227682545,0.9998082089182359,0.9999999999999887,833,DS25-GCaMP6f-m-SST-V1,26.589969177283976,0.9995658056453823,0.9994474623853287,0.7546388159292736,5.353623713074309
117.417103148194,587.0919361886814,0.06931747076151684,0.9658575645749315,1.0000000000000082,31.59694712364133,157.98646336094095,0.2570863980383621,0.9661750029380682,0.9999999999999937,0.2570863980383621,0.9661750029380682,0.9999999999999937,3.708631292762963,0.9999847000056532,1.0000000000000009,834,DS25-GCaMP6f-m-SST-V1,26.588963883321327,0.9988987196124992,0.9988683757092937,0.7263776640891009,0.0019856497762862683
310.8862751062794,1554.4407570090584,0.024073878438284284,0.8183977475000317,1.0000000000000113,1999.9879294287043,9999.999999894946,0.0030651503893311376,0.9382740530378733,0.9999999999999862,0.0030651503893311376,0.9382740530378733,0.9999999999999862,0.1262800748760211,0.9661108388321556,0.999999999999992,835,DS25-GCaMP6f-m-SST-V1,26.589933959468137,0.8997074096213483,0.4090483307601861,0.5929697874324715,89.76364529620211
3423.1591033899113,17115.965123306334,0.0027324485712925148,0.9782804165299075,1.000000000000003,5.6368500572275435,28.18452957365344,1.5971062515254404,0.9681717447370506,0.9999999999999919,1.5971062515254404,0.9681717447370506,0.9999999999999919,584.3769044317054,0.9860515486215308,0.9999999999999808,837,DS25-GCaMP6f-m-SST-V1,26.58895641324544,0.9990403415051755,0.9989401937154164,0.5733779759795719,0.0003832429910756955
585.9059527920082,2929.5639402666566,0.011788161637273599,0.9345811706051853,1.0000000000000036,5.700731961984421,28.503992337629903,1.1995887700769468,0.9327333348233746,1.0000000000000009,1.1995887700769468,0.9327333348233746,1.0000000000000009,101.79512436686808,0.9994282940182196,1.0000000000000024,839,DS25-GCaMP6f-m-SST-V1,26.590629297470105,0.9994167167875111,0.9996434022552095,0.49333259539092555,0.0004764413250304147
356.61771321492114,1783.2129727103695,0.05673042467464636,0.9902896421765639,0.9999999999999948,1999.8603031146679,9999.999169904824,0.010892769681187027,0.9725432900184531,0.9999999999999978,0.010892769681187027,0.9725432900184531,0.9999999999999978,0.19156866759140911,0.9649968959054392,1.0000000000000042,840,DS25-GCaMP6f-m-SST-V1,26.588965640767903,0.9998777291596231,0.9998495913984667,0.8449360382955844,126.13148654713689
428.67998291606364,2143.6658613987765,0.046187162845267284,0.8097563145922158,0.9999999999999984,1999.7413773636058,9999.947497245957,-0.02753985571017267,-1.4676499168361428,0.9999999999999931,-0.02753985571017267,-1.4676499168361428,0.9999999999999931,-0.585424300400398,-2.2253815851078116,0.9999999999999973,841,DS25-GCaMP6f-m-SST-V1,26.588965686717014,0.4077146427718966,0.0647336180888568,0.9056947899203274,124.45437844257586
,,-0.0,1.0,-0.0,4.054799118257576,20.286924851229053,10.587091905513832,0.9945701292600994,0.9999999999999991,10.587091905513832,0.9945701292600994,0.9999999999999991,0.0,1.0,0.0,842,DS25-GCaMP6f-m-SST-V1,26.588966068633503,,0.9502191358027183,0.7008589972556611,0.001801201206462414
530.2305898150539,2651.42824841167,0.09622676317836754,-0.6301315824053653,0.9999999999999976,101.24826384997814,506.29388803861207,0.7368447057903637,-5.596949867821224,1.000000000000004,0.7368447057903637,-5.596949867821224,1.000000000000004,9.415863591603506,0.2465954578708568,1.0000000000000009,847,DS25-GCaMP6f-m-SST-V1,26.588960989548973,-0.14261364612226846,0.8001769661621836,0.8245676640705306,0.04214304060125284
612.855607649704,3064.4384765496143,0.044103688301949814,0.903039616672597,1.0000000000000004,55.55749529628902,277.8020207722163,0.7080005147643177,0.8316873730155638,1.0000000000000018,0.7080005147643177,0.8316873730155638,1.0000000000000018,15.859179701260732,0.8236353214378527,1.0,849,DS25-GCaMP6f-m-SST-V1,26.588960888742736,-0.19519777839044705,0.8970522725042505,0.8521633048251559,0.006852168200226561
520.8752007853147,2604.491144760939,0.043203393799687614,0.9961124354608691,1.0000000000000022,1055.596263552102,5278.214660093481,0.02083366637226325,0.9826739590960031,0.9999999999999974,0.02083366637226325,0.9826739590960031,0.9999999999999974,0.4823235644335083,0.9866604682515383,0.9999999999999986,850,DS25-GCaMP6f-m-SST-V1,26.588960961406976,0.9719810275140793,0.9433772992108077,0.8400722694344989,15.771034049755077
398.62347248846197,1993.7376818258192,0.02816489503234093,0.9910630555891787,0.9999999999999998,59.98204885233107,300.0035855476901,0.19910085119180337,0.9752393276431797,0.9999999999999982,0.19910085119180337,0.9752393276431797,0.9999999999999982,7.07623976669804,0.9942089380542556,0.9999999999999979,851,DS25-GCaMP6f-m-SST-V1,26.588960828736454,-0.5491737699405748,0.7570479165960772,0.9456362067954209,0.00984894536726769
790.2030753974535,3953.535734648512,0.005024521292578898,0.6283383311200164,1.000000000000001,53.841985308693424,269.3816558930411,0.47875791221102365,0.3246738476459007,1.0,0.47875791221102365,0.3246738476459007,1.0,55.56259045783191,-2.838900475290905,1.000000000000002,852,DS25-GCaMP6f-m-SST-V1,26.588961419436366,-2.734882374515492,0.7614067487134902,0.9449078013647907,0.012425358588690765
556.56200568617,2783.275319381332,0.013736610706791316,0.8582077382466627,1.0000000000000013,104.11069586410152,520.6405168188259,0.07047506629671065,0.8887991812486269,1.0000000000000002,0.07047506629671065,0.8887991812486269,1.0000000000000002,5.004329547626188,0.9647951276403728,1.0,853,DS25-GCaMP6f-m-SST-V1,26.58896087028886,0.9528799589412805,0.9911876464719853,0.9022896491414112,0.035483653707732765
699.6328004830154,3501.3138174381584,0.008727079965867086,0.8389995949486939,0.9999999999999999,1997.6492448123404,9997.239835564496,-0.010930963305788273,-1.2060773206559885,1.0,-0.010930963305788273,-1.2060773206559885,1.0,-0.9836845617991261,-3.0320727026574943,1.0000000000000007,854,DS25-GCaMP6f-m-SST-V1,26.588962006378775,-2.5369376917380553,-1.4268259634181217,0.9447333514295959,241.84217629198167
415.4799984784718,2077.6633996720184,0.013914697821138845,0.9576433530108337,0.999999999999994,1999.746438902668,9999.999999874388,0.002184519481312453,0.6870833086748951,0.9999999999999962,0.002184519481312453,0.6870833086748951,0.9999999999999962,0.1635396204778397,0.7870897261559656,0.9999999999999994,855,DS25-GCaMP6f-m-SST-V1,26.588960975815468,0.8685045382173928,0.40460184937948385,0.7926299644047222,220.52307461981457
498.05150261192864,2491.2748187005845,0.016666202181251605,0.9528081101733858,0.9999999999999992,1998.9470818612567,9998.818400988179,0.0011229918779623025,-0.04509984211692575,1.0000000000000113,0.0011229918779623025,-0.04509984211692575,1.0000000000000113,0.09692814977773206,0.008587404879651483,0.9999999999999939,856,DS25-GCaMP6f-m-SST-V1,26.588961091964933,0.3702116054354433,-1.3707646441639842,0.9375020265704793,227.3223237521409
374.5559528802621,1872.7877186206676,0.014629502121650277,0.9891754298507871,1.0000000000000078,56.6600567593182,283.3014870521174,0.09884340539294909,0.987797701616198,1.000000000000012,0.09884340539294909,0.987797701616198,1.000000000000012,6.75669028344847,0.999554833983379,1.00000000000003,857,DS25-GCaMP6f-m-SST-V1,26.589781134342644,0.935894004694917,0.9898754431013362,0.6305779526526463,0.00398167458457951
872.301306240415,4361.522244422255,0.014086536664284008,0.961478726186243,0.999999999999994,1999.9915918201511,9999.993985996527,0.006193470825609379,0.9612121638757057,0.9999999999999983,0.006193470825609379,0.9612121638757057,0.9999999999999983,0.4396141855382132,0.9989564876204765,1.0000000000000315,858,DS25-GCaMP6f-m-SST-V1,26.58959384092819,0.9997317936840138,0.9997315972750264,0.7499274303234704,50.32712459239612
421.7530039340194,2109.202780241758,0.020377451261889876,0.9085378352292207,0.9999999999999992,41.95602423548209,209.82366963582714,0.15240151447393058,0.9448849737893931,1.000000000000001,0.15240151447393058,0.9448849737893931,1.000000000000001,7.336918743386668,0.9736242096388336,0.9999999999999989,859,DS25-GCaMP6f-m-SST-V1,26.588960762760138,0.9981196192948598,0.9988353529477325,0.6726090026150076,0.012338333405461602
,,-0.0,1.0,-0.0,4.979771910169992,24.899738878010282,5.8742497171899,0.9305493342943887,1.0000000000000002,5.8742497171899,0.9305493342943887,1.0000000000000002,0.0,1.0,0.0,861,DS25-GCaMP6f-m-SST-V1,26.58896063984347,,0.9778823583895526,0.5222925582751969,0.0008111015657617915
62474.19684658223,312377.2856886168,-0.00010255875395440915,-0.5276631958989764,1.0000000000000058,4.774485449476968,23.872908825541835,3.2134620738494495,0.8662468366584695,1.0000000000000007,3.2134620738494495,0.8662468366584695,1.0000000000000007,-1109.5505021152846,-1.6091214006072372,1.0000000000000002,862,DS25-GCaMP6f-m-SST-V1,26.58896059971811,-2.0502262918857532,0.9804311841472297,0.3509013102031133,0.0007351707282527269
925.3103289049244,4626.757129588295,0.019137491626971606,0.9760746050275919,0.9999999999999863,44.7106469407591,223.56316366475755,0.40901476054618185,0.9803904292531668,0.9999999999999959,0.40901476054618185,0.9803904292531668,0.9999999999999959,21.363146888632834,0.9970682552807194,0.999999999999994,872,DS25-GCaMP6f-m-SST-V1,26.593684114329903,0.9469727720255202,0.9951835423407709,0.792570153209427,0.004243466406963927
498.9514817533537,2494.8675782290825,0.011625596223743808,0.8623530073542883,1.0000000000000044,10.039858245928762,50.20150804996626,0.5768968415160313,0.8699209490323139,0.9999999999999959,0.5768968415160313,0.8699209490323139,0.9999999999999959,49.5405884709024,0.9960863388178363,0.999999999999998,873,DS25-GCaMP6f-m-SST-V1,26.588961875472332,0.9780216143749831,0.9856232847251134,0.6394352705581972,0.0013216852493763797
467.02652521902456,2335.143370409676,0.014201098878850843,0.9970699912425651,1.0000000000000153,32.44933020070736,162.24739752604012,0.20443805327252496,0.9971665808103948,1.0000000000000029,0.20443805327252496,0.9971665808103948,1.0000000000000029,14.395725151837723,0.999984532063119,1.0000000000000093,874,DS25-GCaMP6f-m-SST-V1,26.588961818613768,0.9715356959450376,0.973313586710041,0.19094977812679959,0.004509868872270592
403.97343143277146,2019.8824646816931,0.018983496189117006,0.7731287799301253,0.9999999999999832,27.774604168689926,138.87407328951568,0.27535850974178594,0.7744045965665335,1.000000000000028,0.27535850974178594,0.7744045965665335,1.000000000000028,14.504789722661798,0.9998339796126352,1.0000000000000104,875,DS25-GCaMP6f-m-SST-V1,26.589762316514733,0.9988856794736642,0.9988435717199113,0.7973196475427933,0.000854687602550224
,,-0.0,1.0,-0.0,4.370127150597782,21.850870533571587,5.214091969391247,0.94777699792734,1.0000000000000115,5.214091969391247,0.94777699792734,1.0000000000000115,0.0,1.0,0.0,876,DS25-GCaMP6f-m-SST-V1,26.588963678542566,,0.9956006646579486,0.6462646091394637,0.00025763122357895323
1209.8784625143571,6049.435333352595,0.009508241880778001,0.9660462623094505,1.0000000000000002,161.16802643914414,805.8458629980729,0.07309496173178062,0.9653922245161304,1.000000000000005,0.07309496173178062,0.9653922245161304,1.000000000000005,7.68588195397804,0.9988109224008805,1.0000000000000113,877,DS25-GCaMP6f-m-SST-V1,26.58997120375359,0.9602872977055463,0.9858533721020906,0.5296949491745473,0.06310947747518547
288.98101786428094,1444.9228446495235,0.02574645466461009,0.9461163020722287,1.0000000000000109,1999.9753667362809,9999.999714482117,0.0037822877639740416,0.9296582880269519,1.0000000000000036,0.0037822877639740416,0.9296582880269519,1.0000000000000036,0.1469560221826376,0.9912178840007162,1.0000000000000093,878,DS25-GCaMP6f-m-SST-V1,26.588957933153033,0.9997168933107947,0.9997075569685341,0.7647622470859105,79.90790465618878
243.4702244354943,1217.743324234801,0.04157745585021235,0.6282886681578272,1.000000000000002,1999.342081406258,9999.931113298151,-0.0036143201512116208,-6.41453165852491,1.0000000000000022,-0.0036143201512116208,-6.41453165852491,1.0000000000000022,-0.1178028193593322,-4.071469128501819,0.9999999999999981,880,DS25-GCaMP6f-m-SST-V1,26.622403145370008,-0.3781203454557438,-2.0615660886880445,0.8528274234542732,251.09242556966797
236.79823108321492,1184.0475310885465,0.17978629319357986,0.9979586993858894,0.9999999999999999,1999.8174291510397,9999.563251728938,0.028821002818784674,0.9827976369154656,0.9999999999999989,0.028821002818784674,0.9827976369154656,0.9999999999999989,0.16016263867020034,0.9820426606461847,0.9999999999999997,881,DS25-GCaMP6f-m-SST-V1,26.58896556615284,0.9998118209988086,0.999798946426689,0.8356373779652672,149.22161846515357
345.72942369145716,1728.6845358808816,0.18107679777137872,0.9214066708464608,0.9999999999999954,1999.9566625039004,9999.99976278519,0.023379395183650942,0.9523459056442759,1.0000000000000042,0.023379395183650942,0.9523459056442759,1.0000000000000042,0.1276859488024912,0.9279747043895539,1.0000000000000004,882,DS25-GCaMP6f-m-SST-V1,26.58896547694167,0.8603571785597637,0.2587970658589649,0.8282916702914028,88.6863113077184
273.9954475909907,1370.1026446743197,0.08831256713490437,0.9682364979093517,1.0000000000000007,40.54104333379765,202.72377215700413,0.5878878189972092,0.9715325277964082,0.9999999999999993,0.5878878189972092,0.9715325277964082,0.9999999999999993,6.649966072640453,0.9980139905477884,0.9999999999999971,884,DS25-GCaMP6f-m-SST-V1,26.58896539539486,0.9977207621258765,0.997672447508867,0.6917775855140279,0.006666943733071037
11016.553022582108,55083.65639979383,0.0049411623767682145,0.647305097921907,1.0000000000000018,1999.9676359902815,9999.99998600066,0.02264464480804694,0.8914339381490836,0.9999999999999902,0.02264464480804694,0.8914339381490836,0.9999999999999902,4.372563957121081,0.9247497533798263,0.9999999999999971,886,DS25-GCaMP6f-m-SST-V1,26.588965420213324,0.9955920934196424,0.9963332036503818,0.6363922663110202,147.94016628741022
838.6015120212164,4193.121003846626,0.022360085335140202,0.9538174223939838,0.9999999999999948,73.03323983636339,365.17607892063484,0.3218920221384616,0.7978888245360191,1.0000000000000004,0.3218920221384616,0.7978888245360191,1.0000000000000004,13.970353901390096,0.7174621918841759,0.9999999999999952,888,DS25-GCaMP6f-m-SST-V1,26.588965392800638,0.5359482037544869,0.9587696168382934,0.852841766425945,0.008934544135079143
1088.9064989447259,5444.667233210976,0.031221909989299818,0.9795098011813113,0.9999999999999912,6.29027212195427,31.45213895185263,5.253506355926304,0.9889937872557201,1.0000000000000049,5.253506355926304,0.9889937872557201,1.0000000000000049,167.96223430680533,0.9936625258188674,0.9999999999999997,889,DS25-GCaMP6f-m-SST-V1,26.588965433123697,0.9984873451706451,0.9981609722570868,0.6640918194666654,0.0006143759758422829
391.5083773200065,1958.6538370211604,0.07201940908537588,0.9851954398949346,0.9999999999999959,1998.704847840477,9999.200901123339,-0.009319545864456696,-1.191573817001975,1.0000000000000089,-0.009319545864456696,-1.191573817001975,1.0000000000000089,-0.1193333955678299,-1.2905686852447942,1.0000000000000038,891,DS25-GCaMP6f-m-SST-V1,26.588965420213373,-0.20308296140827786,-2.5649126470117247,0.8693544664019859,308.1196506977815
467.96083827311867,2340.1621663652745,0.035061525094057945,0.9581087559782816,1.000000000000001,114.85923924693677,574.3840598608037,0.18444927033682543,0.8837042020666996,1.0000000000000007,0.18444927033682543,0.8837042020666996,1.0000000000000007,5.269341642257123,0.9707716767606689,1.0000000000000007,892,DS25-GCaMP6f-m-SST-V1,26.605954948461328,0.5690543015560029,0.8791233702643138,0.8020707687697655,0.056366327429012694
331.9248497925552,1659.659580180453,0.09311760656878741,0.9652282133362728,1.0000000000000036,22.806125148244494,114.03305330328202,1.3287193673573339,0.9638489226841191,0.999999999999996,1.3287193673573339,0.9638489226841191,0.999999999999996,14.270706057051843,0.9990773535662113,1.0000000000000013,893,DS26-GCaMP6f-m-VIP-V1,26.589007342604006,0.9944152483384349,0.9941579437805599,0.6885550273135558,0.0019472093646384532
163.52245789223957,817.7152837284007,0.14689509880866958,0.98578257028981,1.0000000000000013,23.13827547411407,115.70595096344262,1.0391069498192267,0.9793998921601222,0.9999999999999986,1.0391069498192267,0.9793998921601222,0.9999999999999986,7.077668834677315,0.9980686701454774,1.0000000000000004,894,DS26-GCaMP6f-m-VIP-V1,26.589007282127195,0.9779624509674513,0.9841609697791166,0.7418837333408592,0.00429390047979488
587.636826930301,2938.325572236941,0.06039938816316841,0.9865382298848044,0.9999999999999982,7.20648284624481,36.03414875072069,4.820708999451802,0.9906620204850487,0.9999999999999933,4.820708999451802,0.9906620204850487,0.9999999999999933,79.73979909580456,0.9970361284731681,0.9999999999999976,895,DS26-GCaMP6f-m-VIP-V1,26.589007342604003,0.9879161009120074,0.9882084434533722,0.6982641529828428,0.0008484388566867006
133.54695074350022,667.8099646634662,0.16851108947182888,0.954164454988983,1.000000000000003,36.789911000399634,183.97027433698042,0.6040332019685096,0.9573353591922217,1.0000000000000053,0.6040332019685096,0.9573353591922217,1.0000000000000053,3.582718105254289,0.9997735583288756,1.0000000000000069,900,DS26-GCaMP6f-m-VIP-V1,26.58900741895111,0.9664165156387019,0.9657281822521314,0.6499229409095502,0.0078049823500367065
649.033667822268,3245.199242639017,0.025837921783860417,0.90451088159956,1.000000000000001,21.80425021951987,109.02228929990463,0.7725699152896254,0.9007157069270394,1.0000000000000127,0.7725699152896254,0.9007157069270394,1.0000000000000127,29.90536283367922,0.9990940723447707,0.9999999999999991,901,DS26-GCaMP6f-m-VIP-V1,26.590266629481814,0.9887217934816811,0.9902404338322561,0.7250446014301175,0.0009720623469627604
1671.6148615924274,8358.141432812687,0.011154686519534078,0.9404124116501114,1.0000000000000027,40.526186752255946,202.63256111832925,0.4553925187224451,0.9397260691472803,1.000000000000023,0.4553925187224451,0.9397260691472803,1.000000000000023,40.82766974653349,0.9983838273076929,1.0000000000000095,902,DS26-GCaMP6f-m-VIP-V1,26.589981541969127,0.9971615007923185,0.9971182663110614,0.6778500347291926,0.002202343610507173
203.57152089409072,1017.8633677432183,0.16095651537067127,0.973854489439854,1.0000000000000144,9.92280362748158,49.61429905992419,3.296291281366837,0.9744104565977827,1.0000000000000013,3.296291281366837,0.9744104565977827,1.0000000000000013,20.47766425273503,0.9999474373269337,1.0000000000000002,903,DS26-GCaMP6f-m-VIP-V1,26.5899471949886,0.9955146925890299,0.9948674668648843,0.6129143313391526,0.0004581644288022891
264.73956426119827,1323.7037686144279,0.02712725354587211,0.41219643870974043,0.9999999999999908,49.085340489469964,245.42780513731012,0.14623191846537373,0.4191776187489803,1.0000000000000038,0.14623191846537373,0.4191776187489803,1.0000000000000038,5.389803957176149,0.9999664391347126,0.9999999999999943,904,DS26-GCaMP6f-m-VIP-V1,26.589603083501046,0.9948086770878993,0.9947239835743575,0.574916869492376,0.002943655522115609
166.5670485298894,833.0670616882805,0.11610720098329294,0.999311146415544,0.9999999999999997,1999.4426457551021,9999.995945263752,0.0008820401688174994,-0.06658405059706252,1.0000000000000115,0.0008820401688174994,-0.06658405059706252,1.0000000000000115,0.007668402905416504,-0.06579187224358551,0.9999999999999988,906,DS26-GCaMP6f-m-VIP-V1,26.58901624945817,0.9294106895884156,0.19523242933770146,0.8508387885163268,285.0095703549408
158.8857839796353,794.5207759830032,0.1083030193393774,0.994407145191126,1.000000000000002,1999.7687761286197,9999.999999999613,0.006564189458351736,0.9237508753365312,1.0,0.006564189458351736,0.9237508753365312,1.0,0.06073286945142809,0.9553820388629461,0.9999999999999979,908,DS26-GCaMP6f-m-VIP-V1,26.58901669761931,0.9145637065146492,0.20514947526656613,0.8802897435572075,180.5777840344015
166.0310348398223,830.1624368368784,0.10743810989307345,0.9962612022122402,1.0000000000000373,119.31332745743119,596.5718563685098,0.14947241841286749,0.9962314810608058,0.9999999999999643,0.14947241841286749,0.9962314810608058,0.9999999999999643,1.3912465739922388,0.999997500558669,0.9999999999999982,909,DS26-GCaMP6f-m-VIP-V1,26.590048917270593,0.9995994221248317,0.9995985698522877,0.6743253862134337,0.02127892332232797
205.82241923648857,1029.1942435042395,0.0748592669306814,0.8561222776081105,0.9999999999999971,4.450720498120906,22.255378850878312,3.4687718801358125,0.8447748526520202,0.9999999999999981,3.4687718801358125,0.8447748526520202,0.9999999999999981,46.39557146642233,0.9985751896381098,0.9999999999999992,912,DS26-GCaMP6f-m-VIP-V1,26.589004053590955,0.9657744145134168,0.9783985482528735,0.6236693029212679,0.0009066913308806971
378.79049075952054,1894.1739144681785,0.030910819394898228,0.9499030227321775,0.9999999999999991,5.533756723046442,27.672018937935885,2.09817165316183,0.9560180413319596,1.0000000000000016,2.09817165316183,0.9560180413319596,1.0000000000000016,67.77354012556333,0.9965711386093673,1.0000000000000002,913,DS26-GCaMP6f-m-VIP-V1,26.58900394404672,0.9886301532814653,0.9911466554520507,0.6628616125524879,0.0008657281398350292
214.6463116912055,1073.2905192276019,0.02554627082060491,0.9898281098502204,1.0000000000000002,15.105342790701766,75.53086321029697,0.36086064778851934,0.9909398368580647,1.0000000000000013,0.36086064778851934,0.9909398368580647,1.0000000000000013,14.123382311818112,0.9998305001733906,0.9999999999999997,914,DS26-GCaMP6f-m-VIP-V1,26.58900399533621,0.9433726662803369,0.9422458999498139,0.7904575916732828,0.0013100228846662496
376.77345302926284,1884.0349515625205,0.014535152647934327,0.9256378923344764,0.9999999999999976,4.766909796503469,23.836670538624144,1.1164420534263133,0.9344892301278604,1.0000000000000013,1.1164420534263133,0.9344892301278604,1.0000000000000013,76.66960317397192,0.998443746354493,0.9999999999999976,916,DS26-GCaMP6f-m-VIP-V1,26.589003949002286,0.9661971360152161,0.9544594423785031,0.7505154918020276,0.000580189493702224
503.08589758850775,2515.5095073439606,0.014299500844615945,0.9360056265456631,1.0000000000000069,4.581715825820413,22.909307883693725,1.5623441005457321,0.9387494937689981,1.0000000000000078,1.5623441005457321,0.9387494937689981,1.0000000000000078,109.21928223875328,0.9991189971722917,1.0000000000000075,919,DS26-GCaMP6f-m-VIP-V1,26.589003932792252,0.987339291641505,0.9851837597480722,0.7179391396286756,0.0003930030030367243
1914.7714487057763,9576.987534811651,0.0069661393921597245,0.19275714684222955,0.9999999999999987,3.840642945550721,19.209493456810705,3.652740876628675,-0.6685007733035959,1.0000000000000016,3.652740876628675,-0.6685007733035959,1.0000000000000016,544.8359362257191,0.7588415219509362,1.0000000000000018,921,DS26-GCaMP6f-m-VIP-V1,26.589003709229463,-0.9968328698566862,0.8092055723455673,0.6141283653522466,0.0012654429098504355
1302.5559778710094,6513.118338105248,0.006821848048551064,0.8045613820675939,1.00000000000001,3.9689486182387035,19.8457743602693,2.1248996753298006,0.8404138431722119,0.9999999999999961,2.1248996753298006,0.8404138431722119,0.9999999999999961,309.9854926860384,0.9925172496933382,0.9999999999999984,924,DS26-GCaMP6f-m-VIP-V1,26.58900397534259,0.9021202658100652,0.8636127756621782,0.6806435642515614,0.0005236647536698841
,,-0.0,1.0,-0.0,3.6335392754819797,18.169245800753995,6.641297483815342,0.5931678315518882,0.9999999999999994,6.641297483815342,0.5931678315518882,0.9999999999999994,0.0,1.0,0.0,925,DS26-GCaMP6f-m-VIP-V1,26.589003936794416,,0.8140081153978587,0.6277915289440462,0.0007909236488995164
675.3749211744652,3377.787065752686,0.005556662648595257,0.9631037327179974,0.9999999999999952,4.1473780525949255,20.742493544889655,0.9918093272316196,0.9963050643876488,1.0000000000000029,0.9918093272316196,0.9963050643876488,1.0000000000000029,177.53053393020807,0.9585773085916701,1.000000000000004,927,DS26-GCaMP6f-m-VIP-V1,26.589004049293976,0.8565145635188938,0.9714998519348702,0.686912228403262,0.0010475307609143871
2044.4371196839627,10222.892301979045,0.006554487228506356,0.7153826958236105,0.9999999999999979,3.912050475994201,19.561604664161436,2.7174030071536053,0.7422475823418053,0.9999999999999969,2.7174030071536053,0.7422475823418053,0.9999999999999969,414.53170457071406,0.9539471334499829,1.000000000000002,928,DS26-GCaMP6f-m-VIP-V1,26.589004027479316,0.9276206381829117,0.9242594325538207,0.6827096466289873,0.0006016811848879722
3307.4136078406186,16537.6393750196,0.00397235818440747,0.6425424218324187,0.9999999999999978,4.334409072048861,21.672794103352935,2.6849472576814555,0.8265945832047352,1.0000000000000073,2.6849472576814555,0.8265945832047352,1.0000000000000073,662.0390470418982,0.9405254887799974,1.0000000000000022,929,DS26-GCaMP6f-m-VIP-V1,26.589004008792976,0.9519371641477633,0.9320758846625369,0.6573875610971263,0.0005443580414112546
362.57655203682253,1813.113977318442,0.02226870226250437,0.7747995551228793,1.0,4.409007972595122,22.04785151249605,2.345291818053309,0.8632778775814168,0.9999999999999997,2.345291818053309,0.8632778775814168,0.9999999999999997,104.11528495374871,0.9565137069741049,0.9999999999999966,930,DS26-GCaMP6f-m-VIP-V1,26.589004061192483,0.42189276726249103,0.9552871528451337,0.7218403390276311,0.0007592229397726601
,,-0.0,1.0,-0.0,3.8201370111720836,19.101617228557977,1.850077054926365,0.8607033639460785,1.0000000000000029,1.850077054926365,0.8607033639460785,1.0000000000000029,0.0,1.0,0.0,933,DS26-GCaMP6f-m-VIP-V1,26.58900401594999,,0.857395853064242,0.6722735727742517,0.0005365429950555445
794.8802780723846,3974.5943433844363,0.003464697568104708,0.964025499271475,0.9999999999999947,4.167362996298969,20.83782658702618,0.6839588270195545,0.9414929853979803,1.0000000000000033,0.6839588270195545,0.9414929853979803,1.0000000000000033,197.53471124160473,0.9867548946307702,0.9999999999999988,934,DS26-GCaMP6f-m-VIP-V1,26.589003996792005,0.8155371659547579,0.8805377710200404,0.6870825883977865,0.000562198574216076
826.9773439660484,4134.912379597712,0.043543797508371486,0.45643864800298417,1.0000000000000242,58.35402966245989,291.77195894331976,0.6185657278626346,0.45327319050919734,1.000000000000024,0.6185657278626346,0.45327319050919734,1.000000000000024,14.209072146356256,0.999911210340642,1.000000000000042,936,DS26-GCaMP6f-m-VIP-V1,26.58900717628588,0.9949567535193672,0.9978274248977062,0.589729855640166,0.004058108051002726
167.17879874422587,835.8989622959972,0.07607823452515436,0.9722635838212684,1.0000000000000084,1999.9880840271474,9999.999860032452,0.0064201825137291954,0.9691350808831702,1.0000000000000164,0.0064201825137291954,0.9691350808831702,1.0000000000000164,0.08438104620164434,0.9966966113428865,1.0000000000000113,937,DS26-GCaMP6f-m-VIP-V1,26.589746492464226,0.9979664748740954,0.9979752316239844,0.6801402330106158,65.07972951110939
355.0408002960364,1775.2142554118157,0.12357642295924395,0.881347842141691,0.9999999999999916,117.40160429161989,587.0114121332643,0.3734304369817321,0.8844184838966244,1.0000000000000104,0.3734304369817321,0.8844184838966244,1.0000000000000104,3.021489241042601,0.9999494101514469,1.0000000000000342,938,DS26-GCaMP6f-m-VIP-V1,26.589803163756613,0.9988033477014697,0.9987998015399673,0.7310862720892497,0.01558773216281813
75.86643173577325,379.3509861260943,0.12704854550564512,0.9445363197931371,0.9999999999999957,24.029327488590077,120.15260069817231,0.3957101203689993,0.9468344498010633,0.9999999999999903,0.3957101203689993,0.9468344498010633,0.9999999999999903,3.1128939506154176,0.9993303914459633,0.9999999999999925,939,DS26-GCaMP6f-m-VIP-V1,26.589011092617657,0.9980661596796967,0.9980141841816965,0.7063164891256412,0.002873030020236645
139.67571157802976,698.3809440100756,0.03967361822559194,0.9790450245183667,0.9999999999999843,9.968483037728257,49.84258548307364,0.555707991598037,0.9791197187335119,1.0000000000000104,0.555707991598037,0.9791197187335119,1.0000000000000104,14.00691056359769,0.999995433429084,0.9999999999999953,940,DS26-GCaMP6f-m-VIP-V1,26.58947251621119,0.995247836735397,0.9945662860074204,0.6969413714622265,0.00026840114121030997
3228.230736004388,16141.323155703838,0.005839457879361007,0.873058991400437,1.0000000000000075,84.78233573170216,423.9161295622213,0.2046424170908652,0.8880772650359677,0.9999999999999986,0.2046424170908652,0.8880772650359677,0.9999999999999986,34.89331872418454,0.9945948831972734,0.9999999999999953,941,DS26-GCaMP6f-m-VIP-V1,26.590755429488738,0.998032422476662,0.998012302881374,0.8111344134489276,0.008454743810945653
849.2673955147503,4246.4127575309585,0.00791416445008505,0.9880512325500573,0.9999999999999944,3.5790523320042773,17.89558101813403,1.8563993717466678,0.9892771995288404,0.9999999999999994,1.8563993717466678,0.9892771995288404,0.9999999999999994,234.49680128897282,0.9992361576677209,1.0000000000000029,942,DS27-GCaMP6f-m-PV-vivo-V1,30.01100192174362,0.8526488206213116,0.7976362160284834,0.38400545337136827,0.00046788922358457585
199.76170002543327,998.8652099648731,0.03133765567018081,0.998130041106788,0.9999999999999949,156.87210154926177,784.405041765685,0.03973235065346855,0.9978466042314639,0.9999999999999994,0.03973235065346855,0.9978466042314639,0.9999999999999994,1.2679258892796252,0.9999737157119428,1.0000000000000056,943,DS27-GCaMP6f-m-PV-vivo-V1,30.02135404736594,0.9434676004473275,0.9448274119410613,0.5699332300243518,0.14865297309904782
652.1015422137257,3260.569835873908,0.015282453033760196,0.9643456689374292,0.9999999999999969,3.698719758298502,18.493951163370035,2.647720483155035,0.9686985171584943,0.9999999999999926,2.647720483155035,0.9686985171584943,0.9999999999999926,173.16751580824976,0.999057702472146,0.9999999999999982,944,DS27-GCaMP6f-m-PV-vivo-V1,30.017949903778888,0.839536150393049,0.7812311302065502,0.5784184231212928,0.000410063876555912
407.27692595205485,2036.3993576688122,0.047087212977190096,0.8975358593087542,0.9999999999999661,4.128366639407629,20.641982486630557,4.624245484032479,0.9002967315367028,0.999999999999997,4.624245484032479,0.9002967315367028,0.999999999999997,98.17815051755228,0.9999500982667692,0.9999999999999952,945,DS27-GCaMP6f-m-PV-vivo-V1,30.011295563778734,0.8940287157056208,0.8589492061190991,0.3807173184583842,0.00039010207097973335
62.10313794452996,310.5229670369692,0.37506561141107636,0.7508523084755997,1.0000000000000004,1999.9529225840877,9999.998969613565,0.012161686241395601,0.7410752049820932,1.000000000000002,0.012161686241395601,0.7410752049820932,1.000000000000002,0.032221756895673116,0.9313022337821364,0.999999999999995,1027,X-DS09-GCaMP6f-m-V1,158.2804412858703,0.976762432291146,0.9730082613524638,0.8213836339099564,109.65592169461466
66.07844902030554,330.39998824719106,0.2008658559652735,0.6781100974865187,1.0000000000000107,39.32107861737315,196.61000077430228,0.33777412772857224,0.6785182436331545,1.0000000000000133,0.33777412772857224,0.6785182436331545,1.0000000000000133,1.6815547211512303,0.9999823005609371,1.0000000000000098,1028,X-DS09-GCaMP6f-m-V1,158.2804412858703,0.9517363615996264,0.9518810306140547,0.6248851569344865,0.005116823330160116
81.77741221509481,408.8966438429897,0.22469629071513017,0.9715572791286318,1.0000000000000062,79.72838563356527,398.65127082814325,0.23044302407909087,0.971553944617283,1.0000000000000024,0.23044302407909087,0.971553944617283,1.0000000000000024,1.0255772304823254,0.9999998801739498,0.9999999999999977,1029,X-DS09-GCaMP6f-m-V1,158.2804412858703,0.9846659910684997,0.9846658371735538,0.6495483033802456,0.018079453539736487
146.870481657421,734.3985123226254,0.04945182807685642,0.9896728651458095,0.999999999999999,210.5146110256115,1052.6391376586976,0.03434534053719946,0.990473754725304,0.9999999999999961,0.03434534053719946,0.990473754725304,0.9999999999999961,0.6944351360810657,0.999895789479397,0.9999999999999993,1030,X-DS09-GCaMP6f-m-V1,164.87545967278155,0.9567855825702881,0.9488453998743364,0.8908582650914032,0.14030278564218826
136.84617881949518,684.2469298839052,0.11180629526812841,0.9759885469814849,0.9999999999999978,1999.953057403835,9999.9996437281,0.008060255226669059,0.9091324564884014,0.9999999999999991,0.008060255226669059,0.9091324564884014,0.9999999999999991,0.07225096958996194,0.9576373780490827,1.0000000000000033,1031,X-DS09-GCaMP6f-m-V1,158.2804412858703,0.9907520897834818,0.9907631760373726,0.758497846797379,132.78437642129796
68.52243157844364,342.6302778708502,0.21810435024287164,0.9801103387187603,0.9999999999999963,394.5537761568672,1972.873216048401,0.03767962705035973,0.9857105073538319,0.9999999999999973,0.03767962705035973,0.9857105073538319,0.9999999999999973,0.1723572048643409,0.9940733582030963,0.9999999999999988,1032,X-DS09-GCaMP6f-m-V1,158.2804412858703,0.9702482621314756,0.9621108550061295,0.7895125805669365,1.2715429329042038
56.18722956087739,280.9427318860257,0.1699578907535729,0.9837776875416261,0.9999999999999927,108.62493763327635,543.1374169565885,0.08805687094447343,0.9837214344921997,0.9999999999999982,0.08805687094447343,0.9837214344921997,0.9999999999999982,0.5181050759002934,0.9999034936456502,0.9999999999999996,1033,X-DS09-GCaMP6f-m-V1,158.2804412858703,0.9801703195840278,0.9802085942812605,0.9380202352134832,0.013001287629327438
134.93082604647063,674.696486296871,0.18185228007618529,0.9886009927050561,0.999999999999997,1999.8743628884706,9999.99959395,0.01366452420645635,0.7686854186654886,1.0000000000000029,0.01366452420645635,0.7686854186654886,1.0000000000000029,0.07495914318753014,0.7679647081484025,0.9999999999999972,1034,X-DS09-GCaMP6f-m-V1,164.87545967278155,0.997498334986242,0.997343849299959,0.773039587763303,171.55726772730569
105.02489030152972,525.1367584403315,0.20892990503438977,0.9460752494935077,0.9999999999999977,71.62553859641847,358.13608614184096,0.30609390555542776,0.9466196856171523,0.9999999999999912,0.30609390555542776,0.9466196856171523,0.9999999999999912,1.4649435049114015,0.9999583426552553,0.9999999999999926,1035,X-DS09-GCaMP6f-m-V1,158.2804412858703,0.9893187495013961,0.9893075526567383,0.8820586173382208,0.007170556335414518
146.43617040530629,732.1980115787704,0.07991787326050796,0.9961499296728431,0.9999999999999974,88.67445393687694,443.38266065486954,0.13176560989304636,0.9963073490206953,0.9999999999999959,0.13176560989304636,0.9963073490206953,0.9999999999999959,1.648716832240986,0.9999637635479683,0.9999999999999987,1036,X-DS09-GCaMP6f-m-V1,158.2804412858703,0.9941034364110799,0.9940907596200547,0.8796194436110334,0.011583345577449892
127.22662124423819,636.1480147772354,0.12310339620416953,0.9707452666345702,1.000000000000008,58.26145271020863,291.3140906924422,0.26838261343380626,0.9710764158721001,1.0000000000000016,0.26838261343380626,0.9710764158721001,1.0000000000000016,2.18000053183649,0.9998627575304607,1.0000000000000102,1038,X-DS09-GCaMP6f-m-V1,158.2804412858703,0.9972101525131577,0.9972144943229679,0.892910669138189,0.004490675078400188
108.00488727448655,540.0583401296961,0.1091386427425189,0.9827506980882096,1.000000000000003,29.98114062713562,149.9151144997372,0.3908979625180233,0.981458797146597,0.9999999999999966,0.3908979625180233,0.981458797146597,0.9999999999999966,3.58209435457595,0.9995092676634376,1.0000000000000007,1039,X-DS09-GCaMP6f-m-V1,164.87545967278155,0.9708760806128808,0.970775546993624,0.7794860428895991,0.0032489449697541686
105.81671044024715,529.0959519202773,0.2300843153178067,0.9626080593574192,1.000000000000004,84.42956550545662,422.1577210770515,0.28853643740836626,0.9626163797994232,1.0000000000000049,0.28853643740836626,0.9626163797994232,1.0000000000000049,1.2540436153371206,0.9999891255903379,1.000000000000005,1040,X-DS09-GCaMP6f-m-V1,158.2804412858703,0.9960698418800409,0.9962231067678289,0.7819843906215459,0.014744207866202853
79.19288203297056,395.97369007426613,0.21413496202217916,0.9499666947359935,0.9999999999999921,52.459147134344114,262.3018828925416,0.3230631431820656,0.9495631729065293,0.9999999999999984,0.3230631431820656,0.9495631729065293,0.9999999999999984,1.508743060996332,0.9999526705105752,1.0000000000000038,1042,X-DS09-GCaMP6f-m-V1,158.2804412858703,0.985259623039942,0.9852376353588846,0.897143679490094,0.003616715982034885
60.53541316705276,302.69307373760756,0.24551908615112777,0.8636445395804697,1.0000000000000044,48.51629190933687,242.59428912894595,0.30630671053860664,0.8632754989759417,1.0000000000000044,0.30630671053860664,0.8632754989759417,1.0000000000000044,1.247637605484389,0.9999955784366164,1.000000000000002,1044,X-DS09-GCaMP6f-m-V1,158.2804412858703,0.9010162221215008,0.9011427820776161,0.8459423664419204,0.005247890041528582
64.8520766511939,324.2775326509353,0.14396310633805784,0.9800465266053231,1.0000000000000036,90.36084461263013,451.82811796203026,0.10338347636938877,0.9801604917878822,1.0000000000000013,0.10338347636938877,0.9801604917878822,1.0000000000000013,0.7181085966392519,0.9999799948518073,1.0000000000000049,1046,X-DS09-GCaMP6f-m-V1,158.2804412858703,0.9703037786011346,0.9701740680634603,0.8463368593505909,0.018466801755031393
55.09920626833539,275.5024879275441,0.3293006599038188,0.8246329438675422,1.0,131.33193112572022,656.6750452493933,0.13859917769827976,0.8233563549695981,1.0000000000000024,0.13859917769827976,0.8233563549695981,1.0000000000000024,0.4209547190562644,0.9998701100861489,1.0000000000000027,1047,X-DS09-GCaMP6f-m-V1,158.2804412858703,0.9690097581758104,0.9690732923704173,0.7680057446843078,0.04507965242495846
56.293871541172734,281.4759542839275,0.15843624774359796,0.9449591156040656,1.0000000000000049,32.25072216589258,161.2573900047187,0.27636383503360507,0.9453838338740838,1.000000000000013,0.27636383503360507,0.9453838338740838,1.000000000000013,1.744193116227548,0.9999907558205026,0.9999999999999986,1048,X-DS09-GCaMP6f-m-V1,158.2804412858703,0.9841874495399618,0.984123617571628,0.7503426550995134,0.0028886611710356776
55.13915140391793,275.70402258276584,0.14123621508465867,0.9963987790800718,1.000000000000003,62.02755766107953,310.14708646620454,0.1256112049749329,0.9963837018183289,1.0000000000000018,0.1256112049749329,0.9963837018183289,1.0000000000000018,0.8893710297600158,0.9999990316291237,1.000000000000001,1049,X-DS10-GCaMP6f-m-V1,158.2804412858703,0.9785729445369628,0.9785663106537721,0.805516313897193,0.007710423457858857
85.81092926170945,429.0675096849134,0.09045222009213895,0.9963998671003469,0.9999999999999988,44.55010608357208,222.75720864389334,0.17371596353416865,0.996278593721505,1.0000000000000016,0.17371596353416865,0.996278593721505,1.0000000000000016,1.9205581316723275,0.9999736075814607,1.0000000000000058,1050,X-DS10-GCaMP6f-m-V1,158.2804412858703,0.9831900591675659,0.9832501491756384,0.8079172555265951,0.004273858923905122
150.99178279704606,754.981548213143,0.07406409058538418,0.9741799509932471,1.0000000000000009,87.98948273983456,439.96060364878036,0.1268417157848215,0.9746253533246294,1.0000000000000038,0.1268417157848215,0.9746253533246294,1.0000000000000038,1.7124884903500317,0.9999309522191961,0.999999999999998,1052,X-DS10-GCaMP6f-m-V1,158.2804412858703,0.9901871975113152,0.9901992654954106,0.9093822770359866,0.010465846165954007
80.92076734174557,404.6159670316962,0.2925435818803286,0.9638663150372732,0.9999999999999987,190.97840554315462,954.9206560866513,0.12469420554923566,0.9659026532188147,0.9999999999999943,0.12469420554923566,0.9659026532188147,0.9999999999999943,0.42609298792341765,0.9996154367649084,0.9999999999999987,1053,X-DS10-GCaMP6f-m-V1,158.2804412858703,0.9671353204939256,0.9670615415693268,0.6654782311379754,0.17270661324232386
53.73407512006225,268.67843053734435,0.37349023729003344,0.9775775285019933,1.0000000000000027,32.699306581635355,163.50143465543775,0.6131006403719266,0.9777639274220177,1.0000000000000004,0.6131006403719266,0.9777639274220177,1.0000000000000004,1.6415103153272097,0.9999919697025623,1.0000000000000029,1055,X-DS10-GCaMP6f-m-V1,158.2804412858703,0.9423143823522346,0.9420955303168048,0.898006472839574,0.001829647995866087
173.8362009266913,869.2070633243227,0.0763897896422889,0.9710734827784814,0.9999999999999969,35.43539805274981,177.18230216126327,0.3676339048784519,0.9772750052871119,0.9999999999999992,0.3676339048784519,0.9772750052871119,0.9999999999999992,4.809293141289862,0.9994589467178718,1.0000000000000078,1056,X-DS10-GCaMP6f-m-V1,158.2804412858703,0.6082824620455519,0.6272177651578134,0.11162840476625013,0.01716850471822643
65.22485543940034,326.1340546445968,0.2434653488939022,0.4481142400437158,0.9999999999999926,50.884495858479816,254.43010706693852,0.31177882686055364,0.44932395935784564,0.9999999999999959,0.31177882686055364,0.44932395935784564,0.9999999999999959,1.2805057899972827,0.9999973660707772,0.9999999999999925,1057,X-DS10-GCaMP6f-m-V1,158.2804412858703,0.8987963125139797,0.8987759587311623,0.8535269453658155,0.004490606161357994
69.24369971246809,346.2288784495884,0.11361666516009852,0.9937141056351528,1.0000000000000073,43.11912677477298,215.6020975907953,0.1821285313900576,0.9935605230977187,0.9999999999999949,0.1821285313900576,0.9935605230977187,0.9999999999999949,1.6030458601733621,0.9999888252484342,1.000000000000001,1058,X-DS10-GCaMP6f-m-V1,158.2804412858703,0.9455756307268002,0.9455541390945181,0.8245280839410296,0.0037962916785370246
48.46038563138868,242.3091925483745,0.4341359431111545,0.9800133988496943,1.0000000000000009,35.503878307876874,177.52471370234267,0.592014478506752,0.9798751748856656,1.000000000000009,0.592014478506752,0.9798751748856656,1.000000000000009,1.3636869373583616,0.9999961076532322,1.0000000000000087,1059,X-DS10-GCaMP6f-m-V1,158.2804412858703,0.9033896587404212,0.9033261533056327,0.8196509927274531,0.0028627318578494675
125.76066086323537,628.8221563053892,0.0770659536376193,0.8617284598911269,0.9999999999999976,40.97723669379013,204.8923261086187,0.2346281415373599,0.8695306971104922,0.9999999999999997,0.2346281415373599,0.8695306971104922,0.9999999999999997,3.0423990602113737,0.9998730078860473,0.9999999999999978,1060,X-DS10-GCaMP6f-m-V1,158.2804412858703,0.7104073928454306,0.7144349598866012,0.5974315415954758,0.006216136829551275
61.03997046440374,305.20900243984414,0.10201263307837415,0.9967026833216023,1.0000000000000049,35.836023679781924,179.1854903516903,0.17340370464068225,0.9968046541525547,1.0000000000000033,0.17340370464068225,0.9968046541525547,1.0000000000000033,1.6998022265646189,0.9999879620120896,1.0000000000000047,1063,X-DS10-GCaMP6f-m-V1,158.2804412858703,0.9502033498329334,0.9504049067928151,0.8199785702050139,0.0029249930029691725
63.660168454413224,318.31038516728245,0.2680639456312408,0.9713830249089682,1.0000000000000173,44.14816037966843,220.74741987122417,0.38615993722376757,0.9711862480316361,0.9999999999999966,0.38615993722376757,0.9711862480316361,0.9999999999999966,1.4405925756533424,0.9999967809427371,1.0000000000000089,1064,X-DS10-GCaMP6f-m-V1,158.2804412858703,0.6545542751844309,0.654415837220943,0.8499446666376739,0.003583014614894271
75.36678483586606,376.84522193973436,0.08695279281888445,0.9975075880014512,1.0000000000000024,1999.5844005519164,9998.221747872954,0.0036388622850070805,0.9392279897551492,1.0000000000000058,0.0036388622850070805,0.9392279897551492,1.0000000000000058,0.041846766812834314,0.9417300139390848,0.999999999999998,1065,X-DS10-GCaMP6f-m-V1,158.2804412858703,0.952637493942166,0.9498629280893368,0.9273320215449111,70.4539347092267
56.43215895014365,282.1692541405183,0.33797906715974546,0.9828363192703776,1.0000000000000013,36.204456282245744,181.02770859342212,0.526435234633212,0.9827976233153057,0.9999999999999987,0.526435234633212,0.9827976233153057,0.9999999999999987,1.5576110010698132,0.9999879391484444,1.000000000000004,1066,X-DS10-GCaMP6f-m-V1,158.2804412858703,0.9856147016173701,0.9855767757295726,0.6687357684459545,0.004493649031166434
52.168769932720956,260.8516699555883,0.19210841811095267,0.9951210254964885,1.0000000000000038,98.04271058238041,490.22824987762687,0.10248979265476243,0.9951990929518401,1.0000000000000062,0.10248979265476243,0.9951990929518401,1.0000000000000062,0.5334890288647137,0.9999206460145239,1.0000000000000084,1067,X-DS10-GCaMP6f-m-V1,158.2804412858703,0.9749382087127291,0.9749288423763885,0.897763336506392,0.014383757256146129
45.31531473145135,226.58336659090233,0.661876367415525,0.9680069913385362,0.9999999999999971,24.22037279129013,121.10549468010815,1.2341238600251823,0.9686238139672144,0.9999999999999988,1.2341238600251823,0.9686238139672144,0.9999999999999988,1.8644926081972983,0.9999799350945219,0.9999999999999998,1068,X-DS10-GCaMP6f-m-V1,158.2804412858703,0.8666433154946702,0.8681848368876036,0.5208826507556605,0.0035167602813223
63.46824084895176,317.35071836931564,0.24290267445253272,0.9523252395984814,0.9999999999999863,50.74348199304325,253.72501660125457,0.303599717385388,0.9527576990983362,1.0000000000000053,0.303599717385388,0.9527576990983362,1.0000000000000053,1.2498180514753863,0.9999952431742314,1.0000000000000036,1070,X-DS10-GCaMP6f-m-V1,158.2804412858703,0.9671790133894866,0.9671689706272136,0.6804917042832657,0.0074735330329786355
59.449021064719936,297.2540169522131,0.17363684099025373,0.9822371933799636,0.9999999999999984,1999.237919223238,9996.489289290726,0.005978485661914916,0.8851627276712666,1.0000000000000016,0.005978485661914916,0.8851627276712666,1.0000000000000016,0.03457654471946518,0.9443929387228724,0.9999999999999978,1073,X-DS10-GCaMP6f-m-V1,158.2804412858703,0.904140249015834,0.8871865984411749,0.8453416555390333,107.3651704531646
57.47766494219013,287.39694082597424,0.28268386272323653,0.9658898379553116,1.0000000000000049,26.224270841413837,131.1252853224721,0.618380948569045,0.965787432865383,1.0,0.618380948569045,0.965787432865383,1.0,2.187598474570299,0.999989734815182,0.9999999999999946,1074,X-DS10-GCaMP6f-m-V1,158.2804412858703,0.8837201516337652,0.8825357235962126,0.15315015475654215,0.009523108880664327
260.3244756472526,1301.6912180866223,0.19778322360810016,0.9868469410795999,1.0000000000000073,1999.825664930975,9999.657155834411,0.027049106823965035,0.8676872853140383,1.0,0.027049106823965035,0.8676872853140383,1.0,0.13722264736692708,0.9038153788117196,1.0000000000000016,1075,X-DS11-GCaMP6s-m-V1,158.2804412858703,0.9871813084907104,0.9829034974320612,0.8428882853751657,136.45807630396067
329.3882962616496,1647.0285843014196,0.10807330831612227,0.9955579795394034,0.9999999999999974,86.61124372251443,433.07912197209095,0.416750059495848,0.9952040425925017,0.9999999999999994,0.416750059495848,0.9952040425925017,0.9999999999999994,3.8554491725983815,0.9981212556559578,1.000000000000003,1076,X-DS11-GCaMP6s-m-V1,158.2804412858703,0.9583115915057145,0.9708845853341981,0.9270232354864667,0.011097431196254537
416.4415760788463,2082.318003638346,0.06345407761283692,0.9890264246595519,0.9999999999999972,1999.874520352427,9999.90144586093,0.014577362839413806,0.9288425607992559,0.999999999999999,0.014577362839413806,0.9288425607992559,0.999999999999999,0.23041254831274413,0.9599750598176402,1.0000000000000044,1078,X-DS11-GCaMP6s-m-V1,158.2804412858703,0.9447812437686361,0.9446791671619884,0.8341546602629326,139.81572267534622
291.18530108903497,1455.9802864011301,0.07154186342620004,0.9977384770104978,1.000000000000001,80.62261241668823,403.1279528116172,0.25698433521638425,0.9982983755783793,1.0000000000000058,0.25698433521638425,0.9982983755783793,1.0000000000000058,3.5916707471847076,0.9995753165144114,1.0000000000000047,1079,X-DS11-GCaMP6s-m-V1,118.11973230288828,0.9286455895172837,0.9290224372975937,0.931008693665245,0.007793657068362898
244.9639977824013,1224.8847668584858,0.05154157616002973,0.9885162849331843,1.0000000000000009,1999.515538008148,9998.106439210733,0.0072781286609970375,0.8488340726437915,0.9999999999999909,0.0072781286609970375,0.8488340726437915,0.9999999999999909,0.1422683149361668,0.8978110779081895,0.999999999999996,1081,X-DS12-GCaMP6s-m-V1,158.2804412858703,0.9922452711089012,0.9920830376788244,0.8360487002117879,139.84803777819695
902.9826181127441,4515.048451005203,0.040747498637599903,0.9708469215858644,1.0000000000000018,1999.9251838913228,9999.925715654672,0.019324886817024992,0.9621895473462775,1.0000000000000033,0.019324886817024992,0.9621895473462775,1.0000000000000033,0.47413867108329727,0.9908163003896708,1.0000000000000002,1082,X-DS12-GCaMP6s-m-V1,158.2804412858703,0.9306887893130117,0.9306497882156592,0.7875122623583278,131.0288223107638
415.2780268223173,2076.530564628389,0.06755716327760757,0.9718962612782966,0.9999999999999993,1999.8109897140444,9999.73120513246,0.013750033965720197,0.7958270525192255,1.000000000000006,0.013750033965720197,0.7958270525192255,1.000000000000006,0.20430003858708062,0.8805220070044926,1.0000000000000007,1085,X-DS12-GCaMP6s-m-V1,155.17690322144148,0.9902035952946051,0.9770468614676453,0.8691153587882678,120.12773129662344
687.6180044320905,3438.2718549305437,0.05433313931199363,0.9413207387021492,1.0000000000000004,1999.472334190335,9997.890408696909,0.019634790208933973,0.7161092915412581,1.000000000000007,0.019634790208933973,0.7161092915412581,1.000000000000007,0.3637902845243687,0.8879800923221756,1.0000000000000002,1086,X-DS12-GCaMP6s-m-V1,158.2804412858703,0.9980620219754559,0.9980603551479225,0.8890730672042133,111.32267126636336
487.70664872997133,2438.6622121328787,0.06487609104550568,0.9911839446882524,1.0000000000000027,1999.8942301153552,9999.999999887596,0.017145018478926702,0.8980890291240317,0.9999999999999991,0.017145018478926702,0.8980890291240317,0.9999999999999991,0.26485613173997097,0.9344159027980671,1.0000000000000024,1088,X-DS12-GCaMP6s-m-V1,158.2804412858703,0.9953261612770526,0.9950413744458966,0.8618034853986115,126.62504300832039
523.551064336382,2617.833803927066,0.057518296041920144,0.9950461227487437,0.9999999999999988,1999.9400402936499,9999.999999893336,0.014601871000967711,0.9591405967340658,0.9999999999999974,0.014601871000967711,0.9591405967340658,0.9999999999999974,0.2542082157814694,0.9746861925281411,1.0000000000000002,1089,X-DS12-GCaMP6s-m-V1,158.2804412858703,0.9812604357312571,0.946276195586667,0.875444508737848,95.96616005003584
473.1941588702861,2366.095925171368,0.0632687729397537,0.8821672948819487,1.0000000000000062,106.36451482747854,531.8507010250626,0.2794326178776369,0.9119978334157853,0.9999999999999992,0.2794326178776369,0.9119978334157853,0.9999999999999992,4.406816791522714,0.9948878030142903,0.9999999999999986,1090,X-DS12-GCaMP6s-m-V1,158.2804412858703,0.998428728992266,0.9987250053412018,0.8566706717181538,0.026415395048759352
353.0858540451321,1765.5226397687895,0.11291297900609701,0.95012307926555,0.9999999999999967,1999.8942300969074,9999.999999795351,0.022088109463610568,0.6756130199068284,1.0000000000000002,0.022088109463610568,0.6756130199068284,1.0000000000000002,0.19698952063563938,0.7905794281659702,0.9999999999999997,1092,X-DS12-GCaMP6s-m-V1,158.2804412858703,0.9994794695885937,0.9994114743240435,0.8993973599376218,106.07874788296228
433.1449665425887,2165.8393729789195,0.11472851752335753,0.9916147461794503,1.0000000000000009,1999.8941542571963,9999.99962057674,0.028384076683181853,0.8856735708177822,1.0000000000000009,0.028384076683181853,0.8856735708177822,1.0000000000000009,0.2489921499485377,0.9238881299626162,0.9999999999999996,1094,X-DS12-GCaMP6s-m-V1,158.2804412858703,0.9979782766052994,0.9978541908425594,0.8091779405738668,152.81079027032973
317.8147417937282,1589.1577514668068,0.08510837257972034,0.9799061666350909,1.0000000000000009,89.92952510518775,449.67140636727424,0.2943624692206075,0.9851256541354219,0.9999999999999948,0.2943624692206075,0.9851256541354219,0.9999999999999948,3.454230360627473,0.9953106758755813,1.0000000000000002,1096,X-DS12-GCaMP6s-m-V1,158.2804412858703,0.9976379033769339,0.9976724587172374,0.8248367293920412,0.019988296006418462
316.04373306864176,1580.3022395182354,0.04200075434893541,0.9895524937666325,1.0000000000000038,1999.8938971750565,9999.99833509806,0.0069713076755694185,0.9420642073200316,0.9999999999999973,0.0069713076755694185,0.9420642073200316,0.9999999999999973,0.16585789998164177,0.9480124606019168,0.9999999999999989,1097,X-DS12-GCaMP6s-m-V1,158.2804412858703,0.9766891424082852,0.9716199214736465,0.6949322967380736,207.24701253096455
474.4785756809626,2372.518348874185,0.12060086587745991,0.9614831519844969,1.0000000000000007,92.3738871683377,461.8938630668043,0.5917350490296805,0.9679675117017541,0.9999999999999996,0.5917350490296805,0.9679675117017541,0.9999999999999996,4.88621044529065,0.9880567169004588,0.9999999999999982,1098,X-DS12-GCaMP6s-m-V1,158.2804412858703,0.9977775231791135,0.9977920111824211,0.8543430265845382,0.01902654991823184
382.097889320346,1910.5467244916365,0.060255717430073685,0.9918477456891549,1.0000000000000056,1999.9004880161106,9999.802232576607,0.011104127706640815,0.963101726273682,0.9999999999999996,0.011104127706640815,0.963101726273682,0.9999999999999996,0.18442341663853556,0.9776472602286315,1.0000000000000122,1099,X-DS12-GCaMP6s-m-V1,158.2804412858703,0.9812843887350995,0.9354825982928374,0.8881512038908708,90.09135470671413
452.42352139570767,2262.1854269413648,0.08728909373056055,0.935980637568902,0.9999999999999988,1999.8374302237564,9999.48693416224,0.019245158354527624,0.9324079835612973,0.9999999999999949,0.019245158354527624,0.9324079835612973,0.9999999999999949,0.22002020825171056,0.974637189985556,1.0000000000000033,1100,X-DS12-GCaMP6s-m-V1,158.2804412858703,0.9746299521764826,0.9339410639444534,0.865986494402636,99.95369502053218
388.33570921020845,1941.8004483089312,0.1765280065911411,0.9963573335989742,1.0000000000000018,1999.874161177089,9999.998585329775,0.03665752228278742,0.9058709814954716,1.0000000000000053,0.03665752228278742,0.9058709814954716,1.0000000000000053,0.20844069248359479,0.927365660779809,0.9999999999999957,1101,X-DS12-GCaMP6s-m-V1,141.32182257666992,0.9958513100531323,0.9913056788617731,0.7917426347882518,150.326758593926
350.7165048111456,1753.6752670513674,0.07906662494994177,0.9435038393037205,1.0000000000000089,1999.8631899949278,9999.844791077252,0.015602838473114378,0.816576643863744,1.0000000000000089,0.015602838473114378,0.816576643863744,1.0000000000000089,0.19763220745346724,0.8844647618365721,1.0000000000000062,1102,X-DS12-GCaMP6s-m-V1,158.2804412858703,0.9905305050576235,0.9905300900199574,0.8951008737295634,107.50447621127412
429.3978348438274,2147.0535425462012,0.03882594842350025,0.9976033760667118,0.9999999999999981,1999.591808700799,9998.258789727875,0.00870561393825229,0.9723665751642439,0.9999999999999951,0.00870561393825229,0.9723665751642439,0.9999999999999951,0.22447848226799627,0.9815177339627793,1.0000000000000042,1103,X-DS12-GCaMP6s-m-V1,158.2804412858703,0.9843863407211111,0.9799650489692361,0.8734996994820347,96.49613723996666
390.9693233008736,1954.950003900594,0.1199046171430227,0.9354459006061988,1.000000000000001,169.20464900791404,846.0679892868748,0.2747122786641321,0.9437910830416705,0.9999999999999978,0.2747122786641321,0.9437910830416705,0.9999999999999978,2.287730728060107,0.9978443020371659,0.9999999999999986,1104,X-DS12-GCaMP6s-m-V1,158.2804412858703,0.9972524685437326,0.9973643237366344,0.9108207519240269,0.06804026801490858
470.24591595913313,2351.3539309862567,0.053068905809347165,0.991519630806439,0.9999999999999991,1999.6614890138972,9998.836232834565,0.01401757281440087,0.9353555894502604,0.9999999999999991,0.01401757281440087,0.9353555894502604,0.9999999999999991,0.26471368865992756,0.9606439264452553,0.9999999999999984,1105,X-DS12-GCaMP6s-m-V1,158.2804412858703,0.9831422143802309,0.9824401511652854,0.801218549403878,156.4786144951988
278.4513813745376,1392.3305401773493,0.11847542777276988,0.9869621667792502,0.9999999999999976,570.4479128746555,2852.390412843681,0.05937151564212748,0.9831707770139839,0.9999999999999952,0.05937151564212748,0.9831707770139839,0.9999999999999952,0.5010433556375727,0.995656953948056,0.9999999999999993,1106,X-DS12-GCaMP6s-m-V1,158.2804412858703,0.9977134280088328,0.9976082129660324,0.7807444119459599,3.924700572738598
419.0271317323209,2095.2404416402824,0.19484604481080678,0.9963196127000451,0.9999999999999902,1999.8989772921927,9999.994986230231,0.048390138500537916,0.9311216822217623,1.0000000000000024,0.048390138500537916,0.9311216822217623,1.0000000000000024,0.24816174668763935,0.9282890351453175,1.0000000000000102,1107,X-NAOMi-GCaMP6f-simulated,30.0,0.983645260983806,0.9716155896455124,0.624095575533703,210.0866461592165
269.9490479956577,1349.812744116322,0.11429723555696329,0.9971707341708297,0.9999999999999873,1999.899922206867,9999.999711039889,0.01793006168410965,0.899220597066392,0.9999999999999933,0.01793006168410965,0.899220597066392,0.9999999999999933,0.15690605973337485,0.9053534313266969,0.9999999999999998,1108,X-NAOMi-GCaMP6f-simulated,30.0,0.9843502149965805,0.9693054625751136,0.8732489034305358,103.13077329287776
368.9132790548104,1844.6586466566616,0.08654996029312026,0.9970887449803094,0.9999999999999986,132.535430653952,662.7102954129595,0.23729857405255275,0.9960430823191185,1.000000000000006,0.23729857405255275,0.9960430823191185,1.000000000000006,2.741759540143139,0.9988941257690814,1.0000000000000067,1109,X-NAOMi-GCaMP6f-simulated,30.0,0.9959101644181195,0.9962829218466371,0.9208336149254318,0.02850337359153076
258.68540060925466,1293.4916905683062,0.1200421750187479,0.9965410604880119,1.000000000000008,1999.2199846583983,9996.599853270653,0.017613001306487856,0.9249810847952303,1.000000000000001,0.017613001306487856,0.9249810847952303,1.000000000000001,0.1465390311889381,0.9186681900892486,0.9999999999999976,1110,X-NAOMi-GCaMP6f-simulated,30.0,0.9938648575409936,0.9904716450570401,0.9599867336775995,55.661996692776455
442.8249238452114,2214.2353531404974,0.1583204056021695,0.998859724976862,0.9999999999999979,1999.8999799890064,9999.999999965035,0.03764856508532709,0.9150356715493708,1.0000000000000047,0.03764856508532709,0.9150356715493708,1.0000000000000047,0.23801635747331826,0.9249864399452052,1.0000000000000098,1111,X-NAOMi-GCaMP6f-simulated,30.0,0.9974317262544198,0.9971311141113189,0.8142184495108286,129.3034111390278
627.6439728135549,3138.3768142985364,0.0883129795223005,0.9966731492147967,1.0000000000000016,73.47040489500344,367.37039666928956,0.7317824708717329,0.9920075561890277,0.9999999999999947,0.7317824708717329,0.9920075561890277,0.9999999999999947,8.287855006467586,0.9965490800976418,1.0000000000000047,1112,X-NAOMi-GCaMP6f-simulated,30.0,0.9579446744156225,0.9577722469220925,0.5861921747530889,0.019911962684809496
615.546530731649,3077.886578772207,0.04411232096158198,0.9922654362425614,0.9999999999999981,69.4825949647482,347.4303498162304,0.35511742221243275,0.9767095436510558,1.0000000000000016,0.35511742221243275,0.9767095436510558,1.0000000000000016,8.059642788662142,0.989789541425558,0.9999999999999979,1113,X-NAOMi-GCaMP6f-simulated,30.0,0.9092736950442565,0.9604953315438898,0.7084414354649577,0.013522092640981262
442.66469618650484,2213.434174780033,0.0796793289960418,0.9989534921935345,1.000000000000009,1999.899979990075,9999.99999997038,0.019220319620012277,0.9522321752153164,1.0000000000000027,0.019220319620012277,0.9522321752153164,1.0000000000000027,0.24136431746171003,0.9584438973703459,1.0,1114,X-NAOMi-GCaMP6f-simulated,30.0,0.9925519449951208,0.9918375558949365,0.9145116771213967,82.76339695386982
535.295802772587,2676.6128712779823,0.1014758646611594,0.9938638359034879,0.9999999999999923,169.6985288003501,848.535079242761,0.30906156661369727,0.9882998987058123,1.0000000000000053,0.30906156661369727,0.9882998987058123,1.0000000000000053,3.0475017825770596,0.9979049787275961,1.0000000000000002,1115,X-NAOMi-GCaMP6f-simulated,30.0,0.9473450323067962,0.9521926259778771,0.7658453530171948,0.10444592175491609
717.4280529812931,3587.3196667701777,0.10394668762109464,0.9963892904737599,1.0000000000000113,1999.899962276063,9999.99991139589,0.039621382477402024,0.9327256035935052,0.9999999999999919,0.039621382477402024,0.9327256035935052,0.9999999999999919,0.38216988169849725,0.9598185492040157,0.9999999999999959,1116,X-NAOMi-GCaMP6f-simulated,30.0,0.9994635353476657,0.9994103702148662,0.8337732309071516,122.42172199799565
314.7444654431111,1573.8010330083648,0.2701294617053559,0.9974787916498008,1.000000000000002,1999.657803285167,9998.789055886522,0.04776526782102101,0.9673316525453445,1.000000000000001,0.04776526782102101,0.9673316525453445,1.000000000000001,0.17660915316296477,0.9605040976972729,0.9999999999999949,1117,X-NAOMi-GCaMP6f-simulated,30.0,0.9634955355261599,0.9609802131401921,0.776547456151738,145.1559309334346
405.5928178195713,2028.0655126582014,0.2482634186432463,0.9949125882439908,0.9999999999999978,1999.8998269342671,9999.999234653065,0.05421498071994652,0.8255806815719088,1.0000000000000027,0.05421498071994652,0.8255806815719088,1.0000000000000027,0.21834550131412672,0.8288865979329445,1.0000000000000102,1118,X-NAOMi-GCaMP6f-simulated,30.0,0.9990819400953334,0.9987509245386107,0.855159580696633,111.40441130443128
374.6469100539914,1873.328235418758,0.1020779808949027,0.9980894019291712,1.000000000000002,1999.8999478974233,9999.999839499094,0.02144107203805945,0.9557835492018664,0.9999999999999958,0.02144107203805945,0.9557835492018664,0.9999999999999958,0.20999246082820788,0.9557839816948016,1.000000000000002,1119,X-NAOMi-GCaMP6f-simulated,30.0,0.9859079407714921,0.9795246966863334,0.920688339598968,79.44979485745465
314.81706561194284,1574.1640520071044,0.11291518523834829,0.9923952633533757,0.999999999999998,1999.89991174791,9999.999658742488,0.02109920755101688,0.9542045507020297,0.9999999999999917,0.02109920755101688,0.9542045507020297,0.9999999999999917,0.1861361905973273,0.931330038440755,0.9999999999999956,1120,X-NAOMi-GCaMP6f-simulated,30.0,0.983105674129036,0.957482410115045,0.8997480286433308,90.35787721223919
202.93612913649704,1014.7313924014492,0.0699330846725721,0.9937535577570741,1.0000000000000044,1999.8999799723015,9999.999999881506,0.00881311271811082,0.9086853944513745,0.9999999999999987,0.00881311271811082,0.9086853944513745,0.9999999999999987,0.12563077614320411,0.8918399116038755,0.9999999999999919,1121,X-NAOMi-GCaMP6f-simulated,30.0,0.9931129490877788,0.9670112608996785,0.8026832712753408,135.88090418076413
174.5232111632795,872.6596975296168,0.13523409569006234,0.9923474582269657,1.0000000000000075,1999.8999798908376,9999.999999474167,0.013628265000931674,0.8678273885083655,0.9999999999999977,0.013628265000931674,0.8678273885083655,0.9999999999999977,0.10043357358203225,0.84499586614816,0.9999999999999974,1123,X-NAOMi-GCaMP6f-simulated,30.0,0.9986821326604749,0.9944262434611573,0.7953537021470952,139.68947142734766
325.960094138638,1629.8819810943253,0.21698098386247114,0.995911950271808,1.000000000000005,1999.8999681638443,9999.99994083627,0.0398649709076066,0.9348780423578041,0.9999999999999983,0.0398649709076066,0.9348780423578041,0.9999999999999983,0.18361262475192766,0.9347053003113674,0.9999999999999923,1125,X-NAOMi-GCaMP6f-simulated,30.0,0.995314594989003,0.993534980919335,0.8430332344769316,118.08070513674832
163.3562178344235,816.8219384388929,0.2809466452993111,0.9931069378565734,1.0000000000000044,1999.8999507232934,9999.999853629151,0.026573298961250068,0.8501120378598551,1.0000000000000016,0.026573298961250068,0.8501120378598551,1.0000000000000016,0.09426310977837957,0.8363625736224574,1.0000000000000044,1129,X-NAOMi-GCaMP6f-simulated,30.0,0.9992260267182237,0.9972497976398489,0.9250858585480618,78.1484302208801
375.04352581860286,1875.3114134205512,0.08074688623963491,0.9989317980497026,1.000000000000008,1998.767720822326,9994.338420996059,0.016753237709756674,0.9373813330619775,1.0000000000000062,0.016753237709756674,0.9373813330619775,1.0000000000000062,0.20756851065217038,0.9428304811730651,1.0000000000000033,1130,X-NAOMi-GCaMP6f-simulated,30.0,0.9928190099452782,0.9893568398892507,0.8555156914144546,111.70481784605104
571.7042168270119,2858.664045929715,0.03743046211293013,0.9867022449316892,1.0000000000000056,133.9080516597621,669.5737436830716,0.15300313281421649,0.9777298981807657,0.999999999999996,0.15300313281421649,0.9777298981807657,0.999999999999996,4.0927645064257385,0.9967956776150977,1.0000000000000038,1133,X-NAOMi-GCaMP6f-simulated,30.0,0.9826676451466836,0.9892476441917637,0.83129735334205,0.04499154433564944
458.86117454507405,2294.420616705002,0.11157300435067445,0.9892394261831274,0.999999999999996,1999.2654449500644,9996.827166096899,0.029126819752066914,0.9687194996664698,1.0000000000000056,0.029126819752066914,0.9687194996664698,1.0000000000000056,0.26052839097635433,0.968361794544701,1.0000000000000004,1135,X-NAOMi-GCaMP6f-simulated,30.0,0.978589515989967,0.9754880170823311,0.7744197209967748,145.96109395292126
310.0166149443096,1550.160598256168,0.11813085144173782,0.9964229269851789,0.9999999999999901,1999.899847294932,9999.999336461482,0.021206933706015996,0.9505229452651628,0.9999999999999969,0.021206933706015996,0.9505229452651628,0.9999999999999969,0.1791440904321069,0.9348745599800992,0.9999999999999994,1136,X-NAOMi-GCaMP6f-simulated,30.0,0.9835616422794307,0.9685507715239738,0.8045783616875104,133.40776915527974
155.93739964177666,779.7259923073184,0.4533131980667796,0.997584227203489,0.999999999999998,1999.8998766365823,9999.999483177071,0.03745144852080791,0.8665806082417717,0.9999999999999982,0.03745144852080791,0.8665806082417717,0.9999999999999982,0.08257975227015413,0.866109690284935,1.0000000000000089,1137,X-NAOMi-GCaMP6f-simulated,30.0,0.9979203055977107,0.9976282461152768,0.9266966201130216,77.17579095889089
197.5129075400663,987.6139282748603,0.2363359326531178,0.9928097876020952,1.0000000000000049,1999.8999799840642,9999.999999940323,0.026404969516509662,0.8897016962889877,1.0000000000000024,0.026404969516509662,0.8897016962889877,1.0000000000000024,0.11136644884832722,0.8680547209554976,1.0000000000000009,1139,X-NAOMi-GCaMP6f-simulated,30.0,0.9976154526299686,0.9934394216079971,0.9349807853249248,72.33908748622711
349.5376150585355,1747.7754815480062,0.20926122905332262,0.9894582073642706,0.9999999999999976,1999.8999325286024,9999.999762651149,0.04030583931544402,0.8081173886147226,0.9999999999999889,0.04030583931544402,0.8081173886147226,0.9999999999999889,0.19300732783039873,0.8423480858678256,0.9999999999999987,1140,X-NAOMi-GCaMP6f-simulated,30.0,0.9979251561124738,0.9973299204257624,0.8751305842073485,103.56145955398992
459.41872987873364,2297.208532796989,0.06784062004604129,0.9968349876407225,1.0000000000000062,1999.8999799890466,9999.999999965237,0.0169091877761277,0.9538717435520971,0.9999999999999916,0.0169091877761277,0.9538717435520971,0.9999999999999916,0.2493282165475665,0.9603925975647277,0.9999999999999898,1142,X-NAOMi-GCaMP6f-simulated,30.0,0.9809435865659768,0.980216562760977,0.8410828300336751,117.66471027687018
186.4654778628736,932.3740173408405,0.3703647179842246,0.9930641952759579,1.000000000000006,1999.8999604903645,9999.99990246695,0.03788128966243808,0.7982785871488906,1.000000000000001,0.03788128966243808,0.7982785871488906,1.000000000000001,0.10210011486153847,0.794580806924605,1.0000000000000018,1143,X-NAOMi-GCaMP6f-simulated,30.0,0.999789801074268,0.9997207194273499,0.6736732932272504,191.68397656494278
331.48199968894994,1657.4928896674778,0.24302969368245042,0.9979620408213806,1.0000000000000013,1999.8999041122725,9999.999620562392,0.04505309080377382,0.9145269987970776,1.0000000000000029,0.04505309080377382,0.9145269987970776,1.0000000000000029,0.18534648665304027,0.9145761028928042,1.0000000000000044,1144,X-NAOMi-GCaMP6f-simulated,30.0,0.9799922559632656,0.9733381926765491,0.8007092266225011,135.0480042839866
186.27346141435058,931.4138870821091,0.3912078319547647,0.9703294452279636,0.9999999999999944,1999.8999797515226,9999.999998777557,0.040126901542375595,0.5294996069301159,0.9999999999999988,0.040126901542375595,0.5294996069301159,0.9999999999999988,0.10276325930496172,0.5734173084291367,1.0000000000000053,1145,X-NAOMi-GCaMP6f-simulated,30.0,0.9996266467418744,0.9994793197984198,0.7702287122949866,150.42976686678904
511.97686362107623,2560.012344327842,0.18768293498151567,0.9962393627180615,0.9999999999999984,87.28283419261429,436.43599712816086,1.0771261659908644,0.9913679907341129,1.0000000000000056,1.0771261659908644,0.9913679907341129,1.0000000000000056,5.7407875067228495,0.9974290772431805,1.000000000000005,1146,X-NAOMi-GCaMP6f-simulated,30.0,0.9638666270498064,0.9636794378927945,0.6573789480892877,0.025045237771315367
196.77456166924253,983.9220142881155,0.391230784250571,0.9981926178680924,0.9999999999999992,1999.8999792897157,9999.999996468407,0.04207786966584857,0.7124224242963386,1.0000000000000058,0.04207786966584857,0.7124224242963386,1.0000000000000058,0.10754931906431463,0.7136310929406088,1.0000000000000053,1148,X-NAOMi-GCaMP6f-simulated,30.0,0.9999245377168879,0.9999120321683954,0.7484402362202934,159.77232572440184
413.3209962974484,2066.7083375753386,0.06450590694058797,0.9948252930564108,1.0000000000000007,1999.3784841899646,9997.392390563276,0.015285769427814927,0.9437764506787464,0.999999999999997,0.015285769427814927,0.9437764506787464,0.999999999999997,0.23685242350221813,0.9458531330335055,0.9999999999999972,1149,X-NAOMi-GCaMP6f-simulated,30.0,0.9812708641736705,0.9672853421958212,0.8368612445525856,119.42982993512976
169.0083924730323,845.0842250289459,0.47796027692976956,0.9994117483315281,1.0000000000000073,1999.8997365711316,9999.998782814791,0.04482562593989816,0.7204917207258754,1.0000000000000027,0.04482562593989816,0.7204917207258754,1.0000000000000027,0.09372266395071346,0.716415388027726,1.0000000000000036,1150,X-NAOMi-GCaMP6f-simulated,30.0,0.9999027796434614,0.9998737281004529,0.7623465080522689,153.72108295868412
279.8706415021333,1399.4231926673315,0.13786571513275403,0.9959376830921208,0.9999999999999865,1999.89990265774,9999.999613289367,0.02054981060386664,0.9677012246342706,1.000000000000006,0.02054981060386664,0.9677012246342706,1.000000000000006,0.1489258698912048,0.9651095684790819,1.000000000000006,1151,X-NAOMi-GCaMP6f-simulated,30.0,0.9704899224187729,0.9699346138444838,0.8147094259265086,129.09389650998662
173.29571301684632,866.5218998461764,0.2802209931918078,0.9917706358824631,0.9999999999999961,1999.8998989052461,9999.999594525958,0.027777332955258242,0.8810480939811061,0.9999999999999968,0.027777332955258242,0.8810480939811061,0.9999999999999968,0.09870961029783352,0.8531655504801614,1.000000000000014,1152,X-NAOMi-GCaMP6f-simulated,30.0,0.9964693326987922,0.9917918158585077,0.8492661886458963,115.78697086061523
313.1253204716513,1565.704903263601,0.15399047091571652,0.9984027714810156,1.000000000000008,1999.8999799795188,9999.999999917594,0.02533669079482615,0.9721272426561488,0.999999999999997,0.02533669079482615,0.9721272426561488,0.999999999999997,0.1645172907631343,0.9729742734576567,1.0000000000000067,1153,X-NAOMi-GCaMP6f-simulated,30.0,0.9462473799320447,0.9439829102937399,0.6903772843037954,181.2816105163616
599.0034209318642,2995.16689296163,0.08816376609051321,0.9962223491405828,1.0000000000000018,1999.8999799898836,9999.999999969421,0.030173671437733193,0.9251713154962473,0.9999999999999942,0.030173671437733193,0.9251713154962473,0.9999999999999942,0.3429972907399792,0.9559901629107228,0.9999999999999922,1154,X-NAOMi-GCaMP6f-simulated,30.0,0.9337505465573068,0.8977917133835654,0.5634985676114452,238.24553657958364
411.6079538044283,2058.1426967425227,0.0792145174411607,0.9939478021367704,1.0000000000000009,1999.463723861385,9997.818610235625,0.019481095297653402,0.9551970114523101,0.9999999999999903,0.019481095297653402,0.9551970114523101,0.9999999999999903,0.24528346024981965,0.939955534052759,0.999999999999996,1156,X-NAOMi-GCaMP6f-simulated,30.0,0.9636586284089746,0.9164249751751538,0.8206231490993237,126.4788278391173
